Date,Title,Source
2025-10-27T22:04:07Z,Here's How Much You Would Have Made Owning Eaton Corp Stock In The Last 5 Years,Biztoc.com
"Thu, 30 Oct 2025 21:45:05 GMT",Here's Why Eaton (ETN) Fell More Than Broader Market - Yahoo Finance,Yahoo Finance
"Fri, 31 Oct 2025 06:58:20 GMT",P 500 VIX Short Term Futures ETN stock trend forecast - Chart Signals & Capital Protection Trade Alerts - newser.com,newser.com
"Fri, 31 Oct 2025 04:37:15 GMT",Is DB Gold Double Short ETN stock a good hedge against inflation - Weekly Trading Summary & High Accuracy Trade Alerts - newser.com,newser.com
"Thu, 30 Oct 2025 13:15:06 GMT",Stay Ahead of the Game With Eaton (ETN) Q3 Earnings: Wall Street's Insights on Key Metrics - Yahoo Finance,Yahoo Finance
"Fri, 31 Oct 2025 04:50:30 GMT",How resilient is DB Gold Short ETN stock in market downturns - Weekly Gains Summary & Breakout Confirmation Trade Signals - newser.com,newser.com
"Fri, 31 Oct 2025 03:52:02 GMT",Will ETRACS 2x Leveraged MSCI US Quality Factor TR ETN stock continue upward momentum - Take Profit & Expert Curated Trade Setup Alerts - newser.com,newser.com
"Fri, 31 Oct 2025 04:47:06 GMT",How cyclical is DB Gold Double Long ETN stock compared to rivals - July 2025 Outlook & Community Supported Trade Ideas - newser.com,newser.com
"Fri, 31 Oct 2025 05:39:10 GMT",P 500 VIX Short Term Futures ETN stock recover after recent drop - Trade Exit Report & Fast Exit Strategy with Risk Control - newser.com,newser.com
"Fri, 31 Oct 2025 05:24:14 GMT",P 500 VIX Short Term Futures ETN trends using time series - 2025 Dividend Review & Stepwise Trade Execution Plans - newser.com,newser.com
"Fri, 31 Oct 2025 05:16:04 GMT",How ETRACS 2x Leveraged MSCI US Momentum Factor TR ETN stock reacts to inflationary pressures - M&A Rumor & Long-Term Safe Investment Ideas - newser.com,newser.com
"Fri, 31 Oct 2025 04:25:42 GMT",P 500 VIX Short Term Futures ETN trends using time series - July 2025 PostEarnings & Consistent Return Investment Signals - newser.com,newser.com
"Fri, 31 Oct 2025 04:32:28 GMT",ETRACS 2xMonthly Pay Leveraged Index ETN stock momentum explained - July 2025 Macro Moves & Free Technical Pattern Based Buy Signals - newser.com,newser.com
"Fri, 31 Oct 2025 05:25:48 GMT",Will ETRACS Quarterly Pay 1.5x Leveraged MVIS BDC Index ETN rebound enough to break even - Trade Ideas & Fast Moving Market Watchlists - newser.com,newser.com
"Fri, 31 Oct 2025 04:17:29 GMT",P 500 VIX Short Term Futures ETN technicals - Bond Market & Real-Time Stock Price Movement Reports - newser.com,newser.com
"Fri, 31 Oct 2025 04:34:10 GMT",Understanding ETRACS Quarterly Pay 1.5x Leveraged Alerian MLP Index ETN’s price movement - 2025 Risk Factors & Reliable Momentum Entry Alerts - newser.com,newser.com
"Fri, 31 Oct 2025 05:26:58 GMT",Is DB Gold Short ETN stock poised for growth - Quarterly Trade Review & Free Accurate Trade Setup Notifications - newser.com,newser.com
"Fri, 31 Oct 2025 04:28:09 GMT",What margin trends mean for DB Gold Double Short ETN stock - Trade Entry Summary & Daily Growth Stock Investment Tips - newser.com,newser.com
"Fri, 31 Oct 2025 04:10:15 GMT",Is DB Gold Double Short ETN stock ready for a breakout - July 2025 PostEarnings & Weekly Chart Analysis and Guides - newser.com,newser.com
"Fri, 31 Oct 2025 06:14:44 GMT",Using AI based signals to follow ETRACS 2xMonthly Pay Leveraged Index ETN - 2025 Bull vs Bear & Smart Money Movement Tracker - newser.com,newser.com
"Fri, 31 Oct 2025 05:24:02 GMT",Will ETRACS 2x Leveraged MSCI US Quality Factor TR ETN rebound enough to break even - 2025 Technical Overview & Weekly High Return Forecasts - newser.com,newser.com
"Thu, 30 Oct 2025 21:09:26 GMT",UK Crypto ETN Price War Intensifies After Retail Return - Cryptonews,Cryptonews
"Fri, 31 Oct 2025 05:18:09 GMT",Will ETRACS Quarterly Pay 1.5x Leveraged MVIS BDC Index ETN bounce back from current support - newser.com,newser.com
"Fri, 31 Oct 2025 04:17:03 GMT",P 500 VIX Short Term Futures ETN stock recover after recent drop - 2025 Geopolitical Influence & AI Enhanced Trading Signals - newser.com,newser.com
"Fri, 31 Oct 2025 04:28:56 GMT",Pattern recognition hints at ETRACS 2xMonthly Pay Leveraged Index ETN upside - 2025 Market Sentiment & Reliable Intraday Trade Alerts - newser.com,newser.com
"Wed, 29 Oct 2025 13:00:02 GMT","Eaton Corporation, PLC (ETN) is Attracting Investor Attention: Here is What You Should Know - Yahoo Finance",Yahoo Finance
"Fri, 31 Oct 2025 06:53:20 GMT",P 500 VIX Short Term Futures ETN trends using time series - Stock Surge & Safe Swing Trade Setup Alerts - newser.com,newser.com
"Fri, 31 Oct 2025 05:08:10 GMT",P 500 VIX Short Term Futures ETN stock could be next big winner - Portfolio Performance Report & AI Based Trade Execution Alerts - newser.com,newser.com
"Fri, 31 Oct 2025 04:34:01 GMT",Is ETRACS Monthly Pay 1.5x Leveraged Mortgage REIT ETN stock trading at a premium valuation - Weekly Trend Summary & Safe Capital Investment Plans - newser.com,newser.com
"Fri, 31 Oct 2025 05:56:37 GMT",Is ETRACS Monthly Pay 1.5x Leveraged Mortgage REIT ETN stock a top pick in earnings season - Market Growth Summary & Technical Pattern Based Signals - newser.com,newser.com
"Fri, 31 Oct 2025 04:35:55 GMT",Is ETRACS 2x Leveraged MSCI US Quality Factor TR ETN still worth holding after the dip - 2025 Breakouts & Breakdowns & Community Shared Stock Ideas - newser.com,newser.com
"Fri, 31 Oct 2025 05:51:10 GMT",Can ETRACS 2x Leveraged MSCI US Momentum Factor TR ETN recover in the next quarter - July 2025 Action & Fast Exit and Entry Strategy Plans - newser.com,newser.com
"Fri, 31 Oct 2025 04:33:17 GMT",Will ETRACS 2x Leveraged US Value Factor TR ETN stock gain from strong economy - Quarterly Portfolio Summary & Intraday High Probability Alerts - newser.com,newser.com
"Fri, 31 Oct 2025 05:54:24 GMT",How resilient is DB Gold Short ETN stock in market downturns - Market Trend Summary & Reliable Momentum Entry Alerts - newser.com,newser.com
"Fri, 31 Oct 2025 05:11:59 GMT",Will ETRACS 2x Leveraged MSCI US Quality Factor TR ETN rebound enough to break even - Weekly Profit Recap & Stepwise Trade Signal Guides - newser.com,newser.com
"Fri, 31 Oct 2025 04:34:36 GMT",Does ETRACS 2x Leveraged US Growth Factor TR ETN show high probability of rebound - Weekly Gains Report & Risk Adjusted Buy/Sell Alerts - newser.com,newser.com
"Thu, 30 Oct 2025 08:58:06 GMT",Is ETRACS 2x Leveraged MSCI US Quality Factor TR ETN stock a safe buy before earnings - 2025 Dividend Review & Real-Time Market Trend Scan - newser.com,newser.com
"Thu, 30 Oct 2025 11:28:42 GMT",Why ETRACS 2x Leveraged MSCI US Momentum Factor TR ETN stock could outperform in 2025 - newser.com,newser.com
"Thu, 30 Oct 2025 11:04:01 GMT",P 500 VIX Short Term Futures ETN trends using time series - July 2025 Highlights & Low Risk Entry Point Tips - newser.com,newser.com
"Thu, 30 Oct 2025 11:30:49 GMT",Can ETRACS 2xMonthly Pay Leveraged Index ETN recover in the next quarter - Portfolio Growth Summary & Free Risk Controlled Daily Trade Plans - newser.com,newser.com
"Thu, 30 Oct 2025 09:47:20 GMT",Will ETRACS Quarterly Pay 1.5x Leveraged MVIS BDC Index ETN bounce back from current support - Jobs Report & Short-Term Swing Trade Alerts - newser.com,newser.com
"Thu, 30 Oct 2025 08:51:14 GMT",What’s next for ETRACS 2x Leveraged US Growth Factor TR ETN stock price - Weekly Market Report & Reliable Price Breakout Signals - newser.com,newser.com
"Thu, 30 Oct 2025 08:03:13 GMT",Is DB Gold Double Long ETN stock attractive for retirement portfolios - Earnings Recap Summary & High Conviction Buy Zone Picks - newser.com,newser.com
"Thu, 30 Oct 2025 06:35:24 GMT",Is ETN stock resilient in recession scenarios - Gap Down & Reliable Price Breakout Signals - newser.com,newser.com
"Thu, 30 Oct 2025 06:06:53 GMT",What’s next for ETRACS 2x Leveraged US Growth Factor TR ETN stock price - 2025 Top Gainers & Weekly High Return Stock Forecasts - newser.com,newser.com
"Thu, 30 Oct 2025 06:12:41 GMT",Real time breakdown of DB Gold Double Long ETN stock performance - Earnings Risk Summary & Expert Curated Trade Setup Alerts - newser.com,newser.com
"Thu, 30 Oct 2025 06:58:29 GMT",P 500 VIX Short Term Futures ETN stock trend forecast - July 2025 Macro Moves & Weekly High Return Stock Forecasts - newser.com,newser.com
"Thu, 30 Oct 2025 07:23:01 GMT",Is iPath Select MLP ETN forming a bottoming base - July 2025 Patterns & Fast Entry and Exit Trade Plans - newser.com,newser.com
"Thu, 30 Oct 2025 08:01:47 GMT",P 500 VIX Short Term Futures ETN technicals - Weekly Profit Analysis & Breakout Confirmation Alerts - newser.com,newser.com
"Thu, 30 Oct 2025 06:39:39 GMT",Can ETRACS 2x Leveraged US Value Factor TR ETN stock sustain revenue growth - Earnings Recap Report & Real-Time Volume Triggers - newser.com,newser.com
"Thu, 30 Oct 2025 06:47:41 GMT",Does ETRACS 2x Leveraged US Growth Factor TR ETN show high probability of rebound - newser.com,newser.com
"Thu, 30 Oct 2025 05:44:15 GMT",How ETRACS 2xMonthly Pay Leveraged Index ETN stock responds to policy changes - Quarterly Profit Report & AI Optimized Trade Strategies - newser.com,newser.com
"Thu, 30 Oct 2025 02:53:24 GMT",Can volume confirm reversal in ETRACS 2xMonthly Pay Leveraged Index ETN - July 2025 Opening Moves & Real-Time Market Sentiment Alerts - newser.com,newser.com
"Tue, 28 Oct 2025 14:00:33 GMT",Eaton (ETN) Earnings Expected to Grow: What to Know Ahead of Next Week's Release - Yahoo Finance,Yahoo Finance
"Thu, 30 Oct 2025 06:39:36 GMT",P 500 VIX Short Term Futures ETN benefit from macro trends - Earnings Growth Summary & Fast Gain Stock Trading Tips - newser.com,newser.com
"Thu, 30 Oct 2025 07:02:00 GMT",Jefferies Reiterates iPath Select MLP ETN (ATMP) Buy Recommendation - Nasdaq,Nasdaq
"Thu, 30 Oct 2025 15:50:19 GMT",UK Crypto ETN Fee War Erupts as Retail Access Opens - Markets.com,Markets.com
"Thu, 30 Oct 2025 02:49:59 GMT",Exit strategy if you’re trapped in DB Gold Short ETN - Market Performance Summary & Fast Moving Stock Watchlists - newser.com,newser.com
"Thu, 30 Oct 2025 06:34:04 GMT",Chart overlay techniques for tracking ETRACS MVIS Business Development Companies Index ETN - Weekly Investment Report & Growth Focused Stock Reports - newser.com,newser.com
"Thu, 30 Oct 2025 07:23:00 GMT",Jefferies Reiterates iPath Series B S&P 500 VIX Mid-Term Futures ETN - Corporate Bond (VXZ) Buy Recommendation - Nasdaq,Nasdaq
"Thu, 30 Oct 2025 01:09:00 GMT",Jefferies Reiterates iPath Series B S&P 500 VIX Short-Term Futures ETN (VXX) Buy Recommendation - Nasdaq,Nasdaq
"Thu, 30 Oct 2025 02:46:13 GMT",Ranking ETRACS Monthly Pay 1.5x Leveraged Mortgage REIT ETN among high performing stocks via tools - Weekly Trading Summary & Fast Entry Momentum Trade Alerts - newser.com,newser.com
"Thu, 30 Oct 2025 08:32:39 GMT",P 500 VIX Short Term Futures ETN stock trend outlook and recovery path - Dollar Strength & Community Supported Trade Ideas - newser.com,newser.com
"Thu, 30 Oct 2025 06:34:58 GMT",Will DB Gold Short ETN stock benefit from upcoming earnings reports - Quarterly Performance Summary & Community Trade Idea Sharing Platform - newser.com,newser.com
"Thu, 30 Oct 2025 14:47:47 GMT",Using RSI to spot recovery in ETRACS 2xMonthly Pay Leveraged Index ETN - 2025 Major Catalysts & Growth Oriented Trading Recommendations - newser.com,newser.com
"Thu, 30 Oct 2025 06:37:04 GMT",How DB Gold Double Short ETN stock compares with market leaders - Layoff News & High Conviction Buy Zone Picks - newser.com,newser.com
"Thu, 30 Oct 2025 08:03:28 GMT",P 500 VIX Short Term Futures ETN - 2025 Dividend Review & Fast Entry Momentum Alerts - newser.com,newser.com
"Thu, 30 Oct 2025 05:56:58 GMT",ETRACS 2x Leveraged US Value Factor TR ETN stock chart pattern explained - Product Launch & Technical Buy Zone Confirmation - newser.com,newser.com
"Thu, 30 Oct 2025 02:47:16 GMT",P 500 VIX Short Term Futures ETN stock could see breakout soon - 2025 AllTime Highs & Reliable Trade Execution Plans - newser.com,newser.com
"Thu, 30 Oct 2025 05:31:54 GMT",Will a bounce in ETRACS 2x Leveraged US Value Factor TR ETN offer an exit - 2025 Winners & Losers & Technical Entry and Exit Tips - newser.com,newser.com
"Wed, 29 Oct 2025 11:57:31 GMT",P 500 VIX Short Term Futures ETN show high probability of rebound - Portfolio Growth Summary & Real-Time Buy Signal Alerts - newser.com,newser.com
"Thu, 30 Oct 2025 05:15:54 GMT",Why ETRACS 2x Leveraged US Value Factor TR ETN stock is a value investor pick - Trade Risk Assessment & Low Risk High Win Rate Picks - newser.com,newser.com
"Thu, 30 Oct 2025 02:24:53 GMT",P 500 VIX Short Term Futures ETN - July 2025 PostEarnings & Verified Trade Idea Suggestions - newser.com,newser.com
"Wed, 29 Oct 2025 09:56:49 GMT",Will ETRACS 2x Leveraged US Growth Factor TR ETN stock sustain high P E ratios - Trade Analysis Summary & Safe Capital Growth Tips - newser.com,newser.com
"Thu, 30 Oct 2025 06:09:31 GMT",How ETRACS MVIS Business Development Companies Index ETN stock benefits from strong dollar - Trade Performance Summary & Safe Entry Zone Identification - newser.com,newser.com
"Wed, 29 Oct 2025 08:43:18 GMT",P 500 VIX Short Term Futures ETN show high probability of rebound - July 2025 Highlights & Free Long-Term Investment Growth Plans - newser.com,newser.com
"Thu, 30 Oct 2025 05:12:00 GMT",Is ETRACS 2x Leveraged US Value Factor TR ETN stock ready for breakout - 2025 Valuation Update & Advanced Technical Analysis Signals - newser.com,newser.com
"Wed, 29 Oct 2025 07:44:06 GMT",Will ETRACS 2x Leveraged US Growth Factor TR ETN stock return to pre crisis levels - July 2025 News Drivers & Weekly Chart Analysis and Trade Guides - newser.com,newser.com
"Wed, 29 Oct 2025 05:28:51 GMT",Is ETRACS 2xMonthly Pay Leveraged Index ETN stock oversold or undervalued - July 2025 Action & Weekly Watchlist for Hot Stocks - newser.com,newser.com
"Thu, 30 Oct 2025 14:52:22 GMT",Can DB Gold Short ETN stock surprise with earnings upside - Quarterly Portfolio Report & Long-Term Capital Growth Strategies - newser.com,newser.com
"Wed, 29 Oct 2025 05:12:03 GMT",How ETRACS 2x Leveraged US Growth Factor TR ETN stock compares to growth peers - Quarterly Portfolio Report & Real-Time Market Sentiment Reports - newser.com,newser.com
"Thu, 30 Oct 2025 02:46:20 GMT",Is DB Gold Short ETN still worth holding after the dip - 2025 Winners & Losers & Fast Entry High Yield Tips - newser.com,newser.com
"Wed, 29 Oct 2025 06:12:10 GMT",Will ETRACS 2x Leveraged US Growth Factor TR ETN stock return to pre crisis levels - Market Trend Review & High Conviction Buy Zone Alerts - newser.com,newser.com
"Wed, 29 Oct 2025 02:54:12 GMT",P 500 VIX Short Term Futures ETN - Market Trend Review & Weekly Momentum Stock Picks - newser.com,newser.com
"Thu, 30 Oct 2025 11:03:37 GMT",P 500 VIX Short Term Futures ETN stock could be next big winner - newser.com,newser.com
"Thu, 30 Oct 2025 11:39:43 GMT",Is ETRACS 2xMonthly Pay Leveraged Index ETN stock oversold or undervalued - Earnings Trend Report & Growth Focused Stock Reports - newser.com,newser.com
"Wed, 29 Oct 2025 05:55:24 GMT",Predicting ETRACS Monthly Pay 1.5x Leveraged Mortgage REIT ETN trend using moving averages - Price Action & Weekly High Return Forecasts - newser.com,newser.com
"Thu, 30 Oct 2025 11:33:19 GMT",Using data tools to time your iPath Select MLP ETN exit - July 2025 Closing Moves & Weekly Market Pulse Alerts - newser.com,newser.com
"Tue, 28 Oct 2025 15:36:43 GMT",Eaton (ETN): Valuation Insights as Distribution Network Expands with Strategic Global Partnerships - simplywall.st,simplywall.st
"Wed, 29 Oct 2025 10:52:29 GMT",P 500 VIX Short Term Futures ETN stock could be next big winner - 2025 Valuation Update & Weekly Breakout Watchlists - newser.com,newser.com
"Thu, 30 Oct 2025 10:12:48 GMT",P 500 VIX Short Term Futures ETN stock trend outlook and recovery path - 2025 Key Lessons & Free Verified High Yield Trade Plans - newser.com,newser.com
"Tue, 28 Oct 2025 09:53:12 GMT",Will DB Gold Short ETN stock benefit from upcoming earnings reports - 2025 Dividend Review & Free Accurate Trade Setup Notifications - newser.com,newser.com
"Wed, 29 Oct 2025 11:52:30 GMT",P 500 VIX Short Term Futures ETN show high probability of rebound - 2025 Biggest Moves & Free High Accuracy Swing Entry Alerts - newser.com,newser.com
"Wed, 29 Oct 2025 10:59:22 GMT",Will ETRACS 2x Leveraged US Growth Factor TR ETN stock return to pre crisis levels - newser.com,newser.com
"Thu, 30 Oct 2025 10:01:41 GMT",ETRACS 2x Leveraged US Value Factor TR ETN stock trend outlook and recovery path - July 2025 Levels & Proven Capital Preservation Tips - newser.com,newser.com
"Tue, 28 Oct 2025 11:59:48 GMT",Can DB Gold Double Long ETN stock beat market expectations this quarter - M&A Rumor & Community Trade Idea Sharing Platform - newser.com,newser.com
"Wed, 29 Oct 2025 10:50:43 GMT",P 500 VIX Short Term Futures ETN explained - July 2025 Snapshot & Daily Risk Controlled Trade Plans - newser.com,newser.com
"Tue, 28 Oct 2025 12:07:44 GMT",Why iPath Select MLP ETN stock remains top rated - Portfolio Gains Summary & Reliable Price Breakout Alerts - newser.com,newser.com
"Tue, 28 Oct 2025 04:41:17 GMT",Exit strategy if you’re trapped in DB Gold Short ETN - Weekly Investment Recap & AI Based Buy and Sell Signals - newser.com,newser.com
2025-10-30T14:15:06,Stay Ahead of the Game With Eaton (ETN) Q3 Earnings: Wall Street's Insights on Key Metrics,Yahoo
2025-10-29T14:00:02,"Eaton Corporation, PLC (ETN) is Attracting Investor Attention: Here is What You Should Know",Yahoo
2025-10-28T15:00:33,Eaton (ETN) Earnings Expected to Grow: What to Know Ahead of Next Week's Release,Yahoo
