Date,Title,Source
2025-12-02T23:49:41Z,"Winter storm dumps snow, rain across southern New England",Boston Herald
2025-12-02T23:27:55Z,Second Snowstorm May Hit Same 7 States Within Days,Biztoc.com
2025-12-02T23:16:32Z,Colorado Winter Storm Warning Map Shows Where 17 Inches of Snow Possible,Biztoc.com
2025-12-02T22:19:51Z,Watch the Fun Apple Holiday 2025 Commercial: A Critter Carol,Osxdaily.com
2025-12-02T21:05:00Z,"Week 14 Cobs: Rivalry Week Chaos, Revolutionary War Reenactment and a Snowman",Corn Nation
2025-12-02T20:52:36Z,How old is too old to shovel snow? Here's what heart experts say.,USA Today
2025-12-02T20:43:44Z,Discussing local teams in MIAA Super Bowls on South Shore Sports Show,The Patriot Ledger
2025-12-02T20:40:52Z,"Snowboard suspension system makes for smoother, faster carving",New Atlas
2025-12-02T20:22:00Z,Salomon Trail Shoes Crossed Over to Culture. Salomon Snow Gear Is up Next (EXCLUSIVE),Highsnobiety
2025-12-02T20:20:00Z,"Storm brings snow, ice to Northeast and Mid-Atlantic",CBS News
2025-12-02T20:17:00Z,Snow wipes out basketball schedule; WVC teams seek PIAA upgrades,Wilkes Barre Times-Leader
2025-12-02T20:06:35Z,A major winter storm is pummeling the Northeast with ice and snow,NPR
2025-12-02T19:41:26Z,Nor'easter Dumps Snow Across Interior Northeast - Another Winter Threat Looms,Biztoc.com
2025-12-02T18:30:38Z,Snow Bear is Just Looking for a Friend,Neatorama.com
2025-12-02T18:26:00Z,What Is a Bomb Cyclone? Why This Winter Storm Doesn’t Qualify,Scientific American
2025-12-02T18:14:19Z,NYC area faces likely bomb cyclone as snow and rain turn evening commute into dangerous mess,New York Post
2025-12-02T18:11:05Z,Winter Storm Map Shows Snow Forecast,Biztoc.com
2025-12-02T18:04:56Z,Winter storm warnings in place for large portion of Newfoundland,CBC News
2025-12-02T18:04:45Z,"Kim Kardashian Unveils ""Insane"" Christmas Decorations",Eonline.com
2025-12-02T17:44:06Z,Winter has arrived: The season’s first big snowstorm hits the Northeast,PBS
2025-12-02T17:33:28Z,"Winter storm barrels into the Northeast, dropping heavy snow - CNN",Slashdot.org
2025-12-02T17:13:00Z,"Live: Nor’easter blamed for crashes, road closures in Albany area - Times Union",Slashdot.org
2025-12-02T16:41:40Z,Winter Weather Warning for Texas as Snow to Hit,Biztoc.com
2025-12-02T16:35:18Z,Schools close as more than 50 million on alert for snow and ice,ABC News
2025-12-02T16:34:39Z,"Mercury settles below freezing point in parts of Kashmir, snowfall likely in higher reaches",Statetimes.in
2025-12-02T16:33:16Z,Large Winter Storm Brings Snow and Ice to Northeast and Mid-Atlantic - The New York Times,Slashdot.org
2025-12-02T16:29:55Z,Map Shows How Much Snow Will Hit New York Amid Winter Weather Warnings,Biztoc.com
2025-12-02T16:00:00Z,Fun Trailer for Apple TV's THE FIRST SNOW OF FRAGGLE ROCK Holiday Special,GeekTyrant
2025-12-02T15:56:23Z,Owner Introduces Siberian Cat to Snow—Then Sees His Reaction,Biztoc.com
"Wed, 03 Dec 2025 23:30:56 GMT",See how much snow has fallen in Colorado and parts of the Denver area with Wednesday's storm - CBS News,CBS News
"Wed, 03 Dec 2025 18:01:00 GMT",Baltimore region could see snow on Friday; Here's how much - WBAL-TV,WBAL-TV
"Wed, 03 Dec 2025 15:50:00 GMT","Who got the most snow in Central NY, Upstate NY from Tuesday’s storm? - Syracuse.com",Syracuse.com
"Wed, 03 Dec 2025 20:29:53 GMT",Piedmont Triad will likely see snow on Friday - FOX8 WGHP,FOX8 WGHP
"Wed, 03 Dec 2025 17:33:59 GMT",Colorado weather blog: Snow expected to taper off this afternoon - Denver7,Denver7
"Wed, 03 Dec 2025 23:58:43 GMT",Liv Moritz Savored World Cup Experience on Home Snow - University of Denver Athletics,University of Denver Athletics
"Wed, 03 Dec 2025 14:16:25 GMT",Today high temps occur this morning with light snow as frigid air moves in today & Thursday - news8000.com,news8000.com
"Wed, 03 Dec 2025 17:24:24 GMT","CNY gets midweek break before winter chill, snow return - WSYR",WSYR
"Wed, 03 Dec 2025 23:26:15 GMT","Snow, sleet, and rain all possible in Arkansas on Thursday | What to know - THV11",THV11
"Wed, 03 Dec 2025 13:44:00 GMT",Another round of snow arrives Wednesday night for Indiana | 13Weather Blog - WTHR,WTHR
"Wed, 03 Dec 2025 12:47:00 GMT","School delays announced as snow, cold hit Colorado - 9News",9News
"Wed, 03 Dec 2025 13:38:00 GMT",Maine and New Hampshire snow totals for Tuesday storm - newscentermaine.com,newscentermaine.com
"Wed, 03 Dec 2025 20:30:53 GMT",Live: Snowflake (SNOW) Q3 Earnings Coverage - 24/7 Wall St.,24/7 Wall St.
"Wed, 03 Dec 2025 15:33:45 GMT","More snow is coming, and a deep freeze - WCPO 9 Cincinnati",WCPO 9 Cincinnati
"Wed, 03 Dec 2025 17:26:00 GMT",Pittsburgh: Light snow and record cold prompt two Impact Days - WTAE,WTAE
"Wed, 03 Dec 2025 13:34:43 GMT",Snowfall totals from Tuesday's storm. One NH town saw over a foot of snow! - NBC Boston,NBC Boston
"Wed, 03 Dec 2025 14:34:00 GMT",Icy snow storm flirts with bomb cyclone status - USA Today,USA Today
"Wed, 03 Dec 2025 18:23:20 GMT","The scoop on snow: Stay safe, stay smart - City of Bloomington MN (.gov)",City of Bloomington MN (.gov)
"Wed, 03 Dec 2025 22:47:42 GMT",Snowed-in seniors need you: DC Mayor’s Office launches call for ‘Snow Team Heroes’ - WTOP,WTOP
"Wed, 03 Dec 2025 16:41:15 GMT",Denver seeing its first significant snow of the season - Denver7,Denver7
"Wed, 03 Dec 2025 13:13:00 GMT",Hundreds of delays at Denver airport as snow impacts Colorado Front Range - 9News,9News
"Wed, 03 Dec 2025 15:34:08 GMT",Editor’s Letter: Snow Ready - New Mexico Magazine,New Mexico Magazine
"Wed, 03 Dec 2025 12:49:27 GMT","Town-by-town reports: Highest snow totals from across Massachusetts, New Hampshire - Boston 25 News",Boston 25 News
"Wed, 03 Dec 2025 14:37:00 GMT","Is it illegal to drive with snow on your car? What Ohio, Kentucky and Indiana laws say - WLWT",WLWT
"Wed, 03 Dec 2025 23:50:00 GMT",Snow moves in. School closures possible - KOCO,KOCO
"Wed, 03 Dec 2025 21:31:52 GMT",Donegal residents say they had to clear snow-covered roads after the township fired its road crew - CBS News,CBS News
"Wed, 03 Dec 2025 13:57:00 GMT",How old is too old to shovel snow? Here's what heart experts say. - USA Today,USA Today
"Wed, 03 Dec 2025 12:17:21 GMT",Snow expected in Piedmont Triad on Friday morning - FOX8 WGHP,FOX8 WGHP
"Wed, 03 Dec 2025 22:38:00 GMT","FIRST ALERT: Cold, windy blast to bring few bursts of heavy snow, whiteouts - Upper Michigan's Source",Upper Michigan's Source
"Wed, 03 Dec 2025 15:18:00 GMT","TIMELINE: Oklahoma expected to see snow, ice as winter weather moves in Thursday - KOCO",KOCO
"Wed, 03 Dec 2025 12:35:54 GMT",First snow of the season is likely on Friday - WSET,WSET
"Wed, 03 Dec 2025 12:08:00 GMT",Mass. snowfall totals: Which towns received the most snow from Tuesday’s storm? - MassLive.com,MassLive.com
"Wed, 03 Dec 2025 10:50:39 GMT","New Hampshire snow totals by town: Dec. 2, 2025 - WMUR",WMUR
"Wed, 03 Dec 2025 05:44:00 GMT",How much snow did your town get? See totals from New York and New Jersey - NBC 4 New York,NBC 4 New York
"Wed, 03 Dec 2025 15:34:10 GMT",Set Your Sights on Snow - New Mexico Magazine,New Mexico Magazine
"Wed, 03 Dec 2025 11:33:00 GMT","Slippery morning commute after storm blankets Mass. in snow, slush - WCVB",WCVB
"Wed, 03 Dec 2025 12:06:30 GMT",LIST: How much snow fell across western Massachusetts on Tuesday? - WWLP,WWLP
"Wed, 03 Dec 2025 14:12:37 GMT",Snow Could Return to Maryland and Northern Virginia on Friday - The MoCo Show -,The MoCo Show -
"Wed, 03 Dec 2025 09:04:00 GMT",Could Georgia see snow on Christmas? What long-range outlooks predict - Savannah Morning News,Savannah Morning News
"Wed, 03 Dec 2025 21:33:00 GMT",Video: Cold night ahead of snow showers Thursday - WCVB,WCVB
"Wed, 03 Dec 2025 21:00:18 GMT",Arctic weather blast will bring snow squalls to Massachusetts. Maps show how cold it will get. - CBS News,CBS News
"Wed, 03 Dec 2025 23:15:09 GMT","CWG Live: Cold air locked in place, with a chance of light snow Friday - The Washington Post",The Washington Post
"Wed, 03 Dec 2025 11:20:22 GMT",DC weather: Could more snow hit the DMV this week? - FOX 5 DC,FOX 5 DC
"Wed, 03 Dec 2025 21:51:00 GMT",Bengals 'banking on' snow game in Buffalo. Here's how they're preparing - Cincinnati Enquirer,Cincinnati Enquirer
"Wed, 03 Dec 2025 11:19:00 GMT","Band of snow is coming. See how much and why temps, time may be issues - Cincinnati Enquirer",Cincinnati Enquirer
"Wed, 03 Dec 2025 18:20:00 GMT",Golden Retriever’s Wild Love for Snow Is Melting Hearts Everywhere - ParadePets,ParadePets
"Wed, 03 Dec 2025 21:20:03 GMT",SNOW Earnings: Snowflake Stock Slides after Q3 Earnings - TipRanks,TipRanks
"Wed, 03 Dec 2025 22:33:17 GMT",Paseo Nuevo Christmas Tree Lighting and Snow 2025 - edhat,edhat
"Wed, 03 Dec 2025 12:45:12 GMT",Minnesota road conditions: Slick spots after a bit of snow - FOX 9 Minneapolis-St. Paul,FOX 9 Minneapolis-St. Paul
"Wed, 03 Dec 2025 22:27:00 GMT",PennDOT planning for snow still to come - WNEP,WNEP
"Wed, 03 Dec 2025 14:43:34 GMT",Is Snowflake (SNOW) a 'Buy' Ahead of Its Upcoming Earnings Announcement? - Zacks Investment Research,Zacks Investment Research
"Wed, 03 Dec 2025 13:08:00 GMT","Snow, wintry mix could impact Carolinas later this week - WBTV",WBTV
"Wed, 03 Dec 2025 23:53:00 GMT",Drivers beware: First snow of season leaves many heading to the mechanic - WIBW,WIBW
"Wed, 03 Dec 2025 19:54:19 GMT",Central Oregon’s winter sports season stalls as locals await snowfall - bendbulletin.com,bendbulletin.com
"Wed, 03 Dec 2025 21:39:00 GMT",More light snow before the Thursday morning drive | 13Weather Blog - WTHR,WTHR
"Wed, 03 Dec 2025 09:47:25 GMT",Snow totals: How much did Miami Valley communities get? - Dayton Daily News,Dayton Daily News
"Wed, 03 Dec 2025 12:04:00 GMT",N.J. weather: Light snow in Friday forecast as polar vortex unleashes bitter cold air on state - NJ.com,NJ.com
"Wed, 03 Dec 2025 21:54:50 GMT",Lainey Wilson 'Let It Snow!' Video With Bing Crosby Arrives - Billboard,Billboard
"Wed, 03 Dec 2025 22:43:00 GMT",Residents decry slow response to snow removal in their neighborhoods - Western Mass News,Western Mass News
"Wed, 03 Dec 2025 20:57:00 GMT",Safety tips for using snow throwers this winter - KREM,KREM
"Wed, 03 Dec 2025 18:51:00 GMT",What are the odds of snow in Louisiana? What long-range forecasts say - Shreveport Times,Shreveport Times
"Wed, 03 Dec 2025 14:00:00 GMT",Have you ever played baseball in the snow? - Battery Power,Battery Power
"Wed, 03 Dec 2025 20:58:06 GMT",Rain or snow and freezing rain in the forecast - KBZK News,KBZK News
"Wed, 03 Dec 2025 23:14:00 GMT",What's the deadline to shovel snow off your sidewalk in Fort Collins? - The Coloradoan,The Coloradoan
"Thu, 04 Dec 2025 00:01:00 GMT","A two day stretch of dangerous cold moves into the stateline, with several snow chances - WIFR",WIFR
"Wed, 03 Dec 2025 20:03:59 GMT",I'm a Shopping Editor and I Only Packed One Pair of Snow Boots for My Iceland Trip - Cosmopolitan,Cosmopolitan
"Wed, 03 Dec 2025 23:30:05 GMT","Storm Track 3 Forecast: Another polar plunge, snow favors farther west - KSN-TV",KSN-TV
"Wed, 03 Dec 2025 19:50:00 GMT",Is it legal to drive with snow on the roof of your car in Ohio? - Cincinnati Enquirer,Cincinnati Enquirer
"Wed, 03 Dec 2025 23:06:53 GMT","Frigid Thursday morning, chance for light snow this weekend - KMTV 3 News Now",KMTV 3 News Now
"Wed, 03 Dec 2025 23:15:46 GMT","Friday commute in Virginia may be slippery with snow, sleet, freezing rain in the forecast - Augusta Free Press",Augusta Free Press
"Wed, 03 Dec 2025 21:57:00 GMT",Winter weather advisory issued for Central NY as more lake effect snow looms - Syracuse.com,Syracuse.com
"Wed, 03 Dec 2025 09:38:00 GMT","Closings, delays and snow emergencies for south-central Pennsylvania - WGAL",WGAL
"Wed, 03 Dec 2025 13:31:01 GMT","Colorado snow totals for Dec. 3, 2025 - The Denver Post",The Denver Post
"Wed, 03 Dec 2025 13:53:51 GMT","Denver weather: When, where and how much snow to expect Wednesday? - The Denver Post",The Denver Post
"Wed, 03 Dec 2025 23:07:00 GMT",Fast Hitting Band Of Snow Targets Cincinnati - WLWT,WLWT
"Wed, 03 Dec 2025 21:07:00 GMT","Snowflake (NYSE: SNOW) and Anthropic expand $200M AI agents deal for 12,600 firms - Stock Titan",Stock Titan
"Wed, 03 Dec 2025 20:10:30 GMT",Families and animals enjoy snow day across the region - Monadnock Ledger-Transcript,Monadnock Ledger-Transcript
"Wed, 03 Dec 2025 22:01:00 GMT",More snow is expected for parts of Maryland on Friday - CBS News,CBS News
"Wed, 03 Dec 2025 22:11:00 GMT",Turning colder by Friday with light snow possible - WBAL-TV,WBAL-TV
"Wed, 03 Dec 2025 22:07:57 GMT",Snow potential for parts of region Friday - WAVY.com,WAVY.com
"Wed, 03 Dec 2025 20:20:00 GMT","Who's responsible for clearing snow, ice on Wasson Way? What to know - Cincinnati Enquirer",Cincinnati Enquirer
"Wed, 03 Dec 2025 23:09:03 GMT","Snow, sleet, and rain could impact Arkansas this week | What to know - THV11",THV11
"Wed, 03 Dec 2025 23:00:03 GMT",Pre-Season Snow Report - Ski Southeast,Ski Southeast
"Wed, 03 Dec 2025 22:04:13 GMT",Steamboat Resort opens three more trails following snow storm - SteamboatToday.com,SteamboatToday.com
"Wed, 03 Dec 2025 22:46:54 GMT",Ski areas thrilled by early season snow and incoming cold - NBC Boston,NBC Boston
"Wed, 03 Dec 2025 06:33:45 GMT","Live updates: Maine’s first major snow of season closes schools, leads to crashes across state - Centralmaine.com",Centralmaine.com
"Wed, 03 Dec 2025 14:04:21 GMT",Snow delays nearly 500 flights at Denver International Airport - The Denver Post,The Denver Post
"Wed, 03 Dec 2025 22:57:00 GMT","Arctic cold front could bring snow showers, squalls to Mass. on Thursday - MassLive.com",MassLive.com
"Wed, 03 Dec 2025 17:28:00 GMT",Snow expected to make morning commute slippery along the I-25 corridor - The Coloradoan,The Coloradoan
"Wed, 03 Dec 2025 19:13:00 GMT",First Alert: Snow squalls and plummeting temperatures may impact Thursday commutes - WCAX,WCAX
"Wed, 03 Dec 2025 20:18:00 GMT",‘Snow Team Heroes’ wanted | Mayor Bowser invites residents to join program to help neighbors during winter - WUSA9,WUSA9
"Wed, 03 Dec 2025 23:08:00 GMT",Slush and snow to refreeze overnight in Denver and across Colorado - CBS News,CBS News
"Wed, 03 Dec 2025 23:48:00 GMT",Video: Possible snow squalls followed by bitter cold in New Hampshire - WMUR,WMUR
"Wed, 03 Dec 2025 23:02:08 GMT","Squally snow moves across NNY, CNY followed by a polar plunge - WSTM",WSTM
"Wed, 03 Dec 2025 20:06:54 GMT",How to minimize snow plows blocking your shoveled driveway - Cincinnati Enquirer,Cincinnati Enquirer
2025-12-03T18:30:54,Snowflake Inc. 2026 Q3 - Results - Earnings Call Presentation,SeekingAlpha
2025-12-02T05:47:27,Snowflake: Double-Digit Growth In Cloud Data Warehouse Software,SeekingAlpha
2025-12-02T01:07:22,Rosenblatt Maintains Snowflake (SNOW) Buy Recommendation,Fintel
2025-11-30T15:07:12,Wall Street Brunch: Plenty Of Earnings To Kick Off December,SeekingAlpha
2025-12-03T20:00:12,(SNOW) Snowflake Q3 2026 Earnings Call | Live Transcript at 5:00pm ET,Reddit/r/wallstreetbets
2025-12-02T01:02:12,What are the next stocks most likely to be added to s and p 500 in Friday rebalancing announcement?,Reddit/r/stocks
