Date,Title,Source
"Tue, 09 Sep 2025 16:53:08 GMT",A Look at NXP Semiconductors (NXPI) Valuation Following Strong Earnings and Upbeat Outlook - simplywall.st,simplywall.st
"Tue, 09 Sep 2025 23:37:30 GMT",NXP Semiconductors N.V. $NXPI Shares Sold by Kettle Hill Capital Management LLC - MarketBeat,MarketBeat
"Tue, 09 Sep 2025 10:18:04 GMT",Analog Semiconductors Stocks Q2 Results: Benchmarking NXP Semiconductors (NASDAQ:NXPI) - Yahoo Finance,Yahoo Finance
"Tue, 09 Sep 2025 10:11:51 GMT",Scientech Research LLC Purchases New Position in NXP Semiconductors N.V. $NXPI - MarketBeat,MarketBeat
"Sat, 06 Sep 2025 16:01:26 GMT",Can NXPI disrupt its industry - 2025 EndofYear Setup & Expert Approved Trade Ideas - خودرو بانک,خودرو بانک
"Tue, 09 Sep 2025 08:08:56 GMT",Focus Partners Advisor Solutions LLC Takes Position in NXP Semiconductors N.V. $NXPI - MarketBeat,MarketBeat
"Sat, 06 Sep 2025 07:47:45 GMT",Can NXPI stock double in the next year - July 2025 Market Mood & High Accuracy Trade Alerts - خودرو بانک,خودرو بانک
"Mon, 08 Sep 2025 07:00:00 GMT",Amundi Raises Position in NXP Semiconductors N.V. $NXPI - MarketBeat,MarketBeat
"Mon, 08 Sep 2025 07:00:00 GMT","Alliancebernstein L.P. Buys 65,038 Shares of NXP Semiconductors N.V. $NXPI - MarketBeat",MarketBeat
"Fri, 05 Sep 2025 19:52:37 GMT",What is NXPI s revenue forecast - July 2025 Macro Moves & Free Real-Time Volume Trigger Notifications - خودرو بانک,خودرو بانک
"Sat, 06 Sep 2025 16:07:30 GMT","Paloma Partners Management Co Purchases Shares of 41,250 NXP Semiconductors N.V. $NXPI - MarketBeat",MarketBeat
"Sat, 06 Sep 2025 07:00:00 GMT",Royal Bank of Canada Increases Stock Position in NXP Semiconductors N.V. $NXPI - MarketBeat,MarketBeat
"Sat, 06 Sep 2025 07:00:00 GMT",Ieq Capital LLC Has $1.27 Million Holdings in NXP Semiconductors N.V. $NXPI - MarketBeat,MarketBeat
"Fri, 05 Sep 2025 07:00:00 GMT","Point72 Europe London LLP Sells 15,650 Shares of NXP Semiconductors N.V. $NXPI - MarketBeat",MarketBeat
"Wed, 10 Sep 2025 03:50:39 GMT",Using RSI to spot recovery in NXPI - Earnings Growth Summary & Entry Point Strategy Guides - Newser,Newser
"Wed, 10 Sep 2025 02:31:32 GMT",Using RSI to spot recovery in NXPI - July 2025 Update & Short-Term Trading Opportunity Alerts - Newser,Newser
"Mon, 08 Sep 2025 20:41:27 GMT",What’s next for NXPI stock price - 2025 Stock Rankings & Daily Entry Point Trade Alerts - Newser,Newser
"Mon, 08 Sep 2025 06:49:25 GMT",How to interpret RSI for NXPI stock - Market Movement Recap & Detailed Earnings Play Alerts - Newser,Newser
"Mon, 08 Sep 2025 08:14:11 GMT",NXPI stock outlook for YEAR - Trade Analysis Summary & Verified Stock Trade Ideas - Newser,Newser
