Date,Title,Source
2025-08-30T07:50:49Z,"American Century Companies Inc. Buys 1,303 Shares of Take-Two Interactive Software, Inc. $TTWO",ETF Daily News
2025-08-26T15:16:13Z,"Why HERO, TTWO, AND RBLX are Must-Buy Stocks Today",Biztoc.com
"Sun, 31 Aug 2025 05:31:49 GMT",Using portfolio simulators with TTWO included - Market Performance Report & Low Drawdown Momentum Trade Ideas - Newser,Newser
"Sun, 31 Aug 2025 02:56:27 GMT",Has TTWO formed a bullish divergence - July 2025 News Drivers & Safe Entry Trade Signal Reports - Newser,Newser
"Fri, 29 Aug 2025 13:30:02 GMT",Take-Two Interactive (TTWO) Crossed Above the 50-Day Moving Average: What That Means for Investors - sg.finance.yahoo.com,sg.finance.yahoo.com
"Sat, 30 Aug 2025 20:10:16 GMT",What makes TTWO stock price move sharply - Trade Entry Report & Accurate Technical Buy Alerts - Newser,Newser
"Sat, 30 Aug 2025 18:11:17 GMT",TTWO stock trend outlook and recovery path - 2025 Big Picture & Precise Entry and Exit Recommendations - Newser,Newser
"Sun, 31 Aug 2025 06:05:06 GMT",Can TTWO stock recover from recent decline - Inflation Watch & Low Volatility Stock Recommendations - Newser,Newser
"Sat, 30 Aug 2025 20:12:45 GMT",How to build a custom watchlist for TTWO - 2025 Technical Overview & Fast Momentum Entry Tips - Newser,Newser
"Sat, 30 Aug 2025 10:52:59 GMT",Is TTWO stock bottoming out - Weekly Profit Recap & Verified High Yield Trade Plans - Newser,Newser
"Sat, 30 Aug 2025 22:17:17 GMT",TTWO stock outlook for YEAR - July 2025 Action & Weekly Setup with High ROI Potential - Newser,Newser
"Fri, 29 Aug 2025 22:20:30 GMT",TTWO stock outlook for YEAR - 2025 Performance Recap & Free Technical Confirmation Trade Alerts - Newser,Newser
"Sun, 31 Aug 2025 00:48:46 GMT",What does recent volatility data suggest for TTWO - July 2025 Price Swings & Reliable Breakout Stock Forecasts - Newser,Newser
"Sat, 30 Aug 2025 23:07:56 GMT",Has TTWO formed a bullish divergence - July 2025 Highlights & Technical Entry and Exit Alerts - Newser,Newser
"Fri, 29 Aug 2025 21:59:34 GMT",What makes TTWO stock price move sharply - July 2025 Decliners & Daily Entry Point Alerts - Newser,Newser
"Fri, 29 Aug 2025 16:39:12 GMT",Analyzing TTWO with multi timeframe charts - Wall Street Watch & Safe Swing Trade Setups - Newser,Newser
"Sun, 31 Aug 2025 01:23:11 GMT",TTWO stock outlook for YEAR - Trade Exit Summary & Consistent Growth Stock Picks - Newser,Newser
"Sun, 31 Aug 2025 02:50:58 GMT",Advanced analytics toolkit walkthrough for TTWO - Quarterly Risk Review & Low Risk High Reward Ideas - Newser,Newser
"Fri, 29 Aug 2025 19:21:10 GMT",What high frequency data says about TTWO - Earnings Recap Report & Free High Return Stock Watch Alerts - Newser,Newser
"Sat, 30 Aug 2025 15:06:28 GMT",What does recent volatility data suggest for TTWO - New Guidance & Low Risk Entry Point Tips - Newser,Newser
"Fri, 29 Aug 2025 19:21:54 GMT",Analyzing TTWO with multi timeframe charts - 2025 Institutional Moves & Fast Momentum Stock Entry Tips - Newser,Newser
"Fri, 29 Aug 2025 18:24:00 GMT",Visual analytics tools that track TTWO performance - Portfolio Profit Report & Safe Capital Growth Tips - Newser,Newser
"Sat, 30 Aug 2025 00:18:58 GMT",How to interpret RSI for TTWO stock - Treasury Yields & Technical Pattern Based Buy Signals - Newser,Newser
"Fri, 29 Aug 2025 21:47:01 GMT",Using portfolio simulators with TTWO included - July 2025 Closing Moves & Consistent Income Trade Ideas - Newser,Newser
"Tue, 26 Aug 2025 15:06:17 GMT","Why HERO, TTWO, AND RBLX are Must-Buy Stocks Today - 24/7 Wall St.",24/7 Wall St.
"Fri, 29 Aug 2025 07:46:21 GMT",Custom watchlist performance reports with TTWO - July 2025 Analyst Calls & Technical Entry and Exit Alerts - Newser,Newser
"Fri, 29 Aug 2025 06:41:48 GMT",Price action breakdown for TTWO - Weekly Trend Recap & Technical Pattern Based Signals - Newser,Newser
"Fri, 29 Aug 2025 22:56:18 GMT",Volatility clustering patterns for TTWO - July 2025 Snapshot & Safe Capital Allocation Plans - Newser,Newser
"Tue, 26 Aug 2025 10:13:20 GMT",Take-Two's New Cloud Gaming Deal in India Might Change The Case For Investing In TTWO - Yahoo Finance,Yahoo Finance
"Wed, 27 Aug 2025 10:23:21 GMT",Volatility clustering patterns for TTWO - July 2025 Pullbacks & Daily Stock Momentum Reports - Newser,Newser
"Fri, 29 Aug 2025 16:57:57 GMT",What high frequency data says about TTWO - 2025 Historical Comparison & Reliable Intraday Trade Plans - Newser,Newser
"Fri, 29 Aug 2025 04:51:04 GMT",Intraday pattern recognizer results for TTWO - Gap Up & Verified Stock Trade Ideas - Newser,Newser
"Tue, 26 Aug 2025 23:43:31 GMT",Custom strategy builders for tracking TTWO - 2025 Top Decliners & Technical Pattern Recognition Alerts - Newser,Newser
"Sat, 30 Aug 2025 18:22:02 GMT",Can trapped investors hope for a rebound in TTWO - 2025 Geopolitical Influence & AI Driven Price Predictions - Newser,Newser
"Sat, 30 Aug 2025 13:08:44 GMT",Is TTWO stock bottoming out - July 2025 Opening Moves & Intraday High Probability Alerts - Newser,Newser
"Sat, 30 Aug 2025 04:09:36 GMT",Technical Bounce Expected in TTWO Next Week getLinesFromResByArray error: size == 0 - sisain.net,sisain.net
2025-08-29T15:30:02,Take-Two Interactive (TTWO) Crossed Above the 50-Day Moving Average: What That Means for Investors,Yahoo
2025-08-26T12:13:20,Take-Two's New Cloud Gaming Deal in India Might Change The Case For Investing In TTWO,Yahoo
