Date,Title,Source
2025-09-28T14:00:00Z,Investors Pile Into Funds Betting on Elusive Market Volatility,Yahoo Entertainment
2025-09-27T06:38:49Z,MAX S&P 500 4x Leveraged ETN (NYSEARCA:XXXX) Shares Down 1.4% – Here’s What Happened,ETF Daily News
2025-09-26T14:50:14Z,Electrification Drives Eaton Corporation plc (ETN)’s $3.4B Electrical Americas Surge,Biztoc.com
2025-09-26T14:25:32Z,Electrification Drives Eaton Corporation plc (ETN)’s $3.4B Electrical Americas Surge,Yahoo Entertainment
2025-09-26T10:53:23Z,Analyst Likes Eaton (ETN) Amid Strong Electricity Demand,Yahoo Entertainment
2025-09-26T07:16:50Z,Alerian MLP ETN (NYSEARCA:AMJB) Stock Price Up 0.7% – Here’s What Happened,ETF Daily News
"Mon, 29 Sep 2025 18:55:28 GMT",POWL or ETN: Which Is the Better Value Stock Right Now? - sharewise.com,sharewise.com
"Fri, 26 Sep 2025 14:25:32 GMT",Electrification Drives Eaton Corporation plc (ETN)’s $3.4B Electrical Americas Surge - Yahoo Finance,Yahoo Finance
"Sat, 27 Sep 2025 22:03:08 GMT","Eaton (ETN): Evaluating Valuation After Record Results and Major Electrification, Data Center Contract Wins - simplywall.st",simplywall.st
"Fri, 26 Sep 2025 11:01:40 GMT",Analyst Likes Eaton (ETN) Amid Strong Electricity Demand - MSN,MSN
"Fri, 26 Sep 2025 01:33:40 GMT","These 2 AI Stocks Pay Dividends: VRT, ETN - Zacks Investment Research",Zacks Investment Research
"Sat, 27 Sep 2025 11:00:18 GMT",Electroneum (ETN) - Exchange Listing - 29 Sep 2025 - TradingView,TradingView
"Fri, 26 Sep 2025 06:45:08 GMT",Why ETRACS Monthly Pay 1.5x Leveraged Mortgage REIT ETN stock could rally in 2025 - Take Profit & Safe Capital Growth Stock Tips - The British Mountaineering Council,The British Mountaineering Council
"Tue, 30 Sep 2025 01:40:23 GMT",What analysts say about DB Gold Short ETN stock - Economic Data Impact & Free Significant Capital Appreciation - earlytimes.in,earlytimes.in
"Thu, 25 Sep 2025 15:41:11 GMT",Brits to buy crypto to fulfil life goals as the regulator looks to lift restrictions on ETNs - MoneyWeek,MoneyWeek
"Thu, 25 Sep 2025 07:00:00 GMT",New York City Council Advances Elon ETN Safety and Security Act for Workers Rights - Citizen Portal AI,Citizen Portal AI
"Fri, 26 Sep 2025 01:19:02 GMT",Here's Why Eaton (ETN) Fell More Than Broader Market - sharewise.com,sharewise.com
"Mon, 29 Sep 2025 03:31:55 GMT",What analysts say about iPath Series B S P 500 VIX Short Term Futures ETN stock - High Dividend Yield Stocks & Access Free Risk Analysis Before You Invest - earlytimes.in,earlytimes.in
"Tue, 30 Sep 2025 06:56:58 GMT",Will ETRACS Alerian MLP Index ETN stock sustain bullish trend into 2025 - July 2025 Fed Impact & Weekly Setup with ROI Potential - newser.com,newser.com
"Tue, 30 Sep 2025 06:25:11 GMT",Will ETRACS 2x Leveraged MSCI US Momentum Factor TR ETN stock see PE expansion - newser.com,newser.com
"Tue, 30 Sep 2025 05:49:45 GMT",Why analysts upgrade DB Gold Double Long ETN stock - Portfolio Return Summary & Low Drawdown Momentum Ideas - newser.com,newser.com
"Tue, 30 Sep 2025 05:09:20 GMT",Detecting price anomalies in DB Gold Double Short ETN with AI - July 2025 Volume & Stepwise Swing Trade Plans - newser.com,newser.com
"Tue, 30 Sep 2025 04:34:03 GMT",Will DB Gold Short ETN rebound enough to break even - 2025 Price Action Summary & Verified Momentum Stock Ideas - newser.com,newser.com
"Tue, 30 Sep 2025 05:56:20 GMT",Why ETRACS 2x Leveraged MSCI US Momentum Factor TR ETN stock remains undervalued - Trade Risk Assessment & High Win Rate Trade Alerts - newser.com,newser.com
"Tue, 30 Sep 2025 06:28:56 GMT",Why DB Gold Short ETN due stock remains top rated - Bond Market & Comprehensive Market Scan Insights - newser.com,newser.com
"Tue, 30 Sep 2025 06:45:14 GMT",Is ETRACS Monthly Pay 1.5x Leveraged Mortgage REIT ETN stock attractive for ETFs - Trade Volume Report & Weekly Setup with ROI Potential - newser.com,newser.com
"Tue, 30 Sep 2025 06:09:08 GMT",Can ETRACS 2x Leveraged US Growth Factor TR ETN stock attract ESG capital inflows - Entry Point & Long-Term Safe Return Strategies - newser.com,newser.com
"Tue, 30 Sep 2025 05:14:49 GMT",How forex fluctuations impact iPath Select MLP ETN stock - Earnings Recap Summary & Capital Efficiency Focused Ideas - newser.com,newser.com
"Tue, 30 Sep 2025 04:52:29 GMT",How ETRACS 2x Leveraged MSCI US Quality Factor TR ETN stock responds to policy changes - Insider Buying & Safe Capital Investment Plans - newser.com,newser.com
"Tue, 30 Sep 2025 05:53:57 GMT",Comparing ETRACS 2x Leveraged MSCI US Momentum Factor TR ETN in custom built stock radars - Quarterly Portfolio Summary & Trade Opportunity Analysis - newser.com,newser.com
"Tue, 30 Sep 2025 04:48:33 GMT",Is iPath Select MLP ETN stock a top hedge fund pick - Gap Down & Free Long-Term Investment Growth Plans - newser.com,newser.com
"Tue, 30 Sep 2025 04:17:09 GMT",Can ETRACS 2xMonthly Pay Leveraged Index ETN stock deliver sustainable ROE - July 2025 Weekly Recap & Free Safe Entry Trade Signal Reports - newser.com,newser.com
"Mon, 29 Sep 2025 17:15:33 GMT",Why ETN stock benefits from AI revolution - Market Activity Recap & Real-Time Volume Analysis - newser.com,newser.com
"Mon, 29 Sep 2025 21:59:50 GMT",Earnings visualization tools for iPath Select MLP ETN - July 2025 Setups & Stepwise Trade Signal Implementation - newser.com,newser.com
"Mon, 29 Sep 2025 16:41:26 GMT",What machine learning models say about DB Gold Double Short ETN - July 2025 Rallies & Stock Timing and Entry Methods - newser.com,newser.com
"Mon, 29 Sep 2025 16:40:40 GMT",Will iPath Series B Carbon ETN stock benefit from commodity prices - 2025 Dividend Review & Technical Confirmation Trade Alerts - newser.com,newser.com
"Mon, 29 Sep 2025 15:32:09 GMT",Why iPath Select MLP ETN stock remains top rated - Options Play & Free Community Supported Trade Ideas - newser.com,newser.com
"Mon, 29 Sep 2025 20:27:00 GMT",Evaluating ETRACS MVIS Business Development Companies Index ETN with trendline analysis - July 2025 Action & Momentum Based Trading Ideas - newser.com,newser.com
"Mon, 29 Sep 2025 18:28:29 GMT",P 500 VIX Short Term Futures ETN - July 2025 Technicals & Daily Entry Point Alerts - newser.com,newser.com
"Mon, 29 Sep 2025 14:19:02 GMT",Will ETN stock sustain dividend payouts - Trade Signal Summary & Free Real-Time Market Sentiment Alerts - newser.com,newser.com
"Tue, 30 Sep 2025 05:48:17 GMT",Is iPath Select MLP ETN stock safe for risk averse investors - Insider Selling & High Yield Stock Recommendations - newser.com,newser.com
"Mon, 29 Sep 2025 18:39:32 GMT",Can ETRACS 2xMonthly Pay Leveraged Index ETN stock deliver sustainable ROE - 2025 Price Action Summary & Verified Momentum Stock Ideas - newser.com,newser.com
"Mon, 29 Sep 2025 14:25:54 GMT",Why ETRACS Quarterly Pay 1.5x Leveraged Alerian MLP Index ETN stock remains undervalued - 2025 Price Targets & Entry Point Confirmation Alerts - newser.com,newser.com
"Mon, 29 Sep 2025 18:51:54 GMT",Momentum divergence signals in DB Gold Double Short ETN chart - Portfolio Update Report & Verified Chart Pattern Signals - newser.com,newser.com
"Mon, 29 Sep 2025 15:05:38 GMT",Will ETRACS Quarterly Pay 1.5x Leveraged MVIS BDC Index ETN stock return to pre crisis levels - Sell Signal & Technical Analysis for Trade Confirmation - newser.com,newser.com
"Mon, 29 Sep 2025 16:38:17 GMT",Is iPath Select MLP ETN stock safe for risk averse investors - Insider Selling & Technical Entry and Exit Tips - newser.com,newser.com
"Mon, 29 Sep 2025 17:19:30 GMT",DB Gold Double Short ETN stock chart pattern explained - Weekly Loss Report & Community Driven Trade Alerts - newser.com,newser.com
"Tue, 30 Sep 2025 05:06:50 GMT",Is iPath Select MLP ETN stock safe for risk averse investors - Quarterly Profit Review & Entry Point Confirmation Signals - newser.com,newser.com
"Mon, 29 Sep 2025 17:19:33 GMT",How to manage a losing position in iPath Select MLP ETN - July 2025 Opening Moves & Community Consensus Stock Picks - newser.com,newser.com
"Mon, 29 Sep 2025 14:19:58 GMT",Short interest data insights for ETRACS 2xMonthly Pay Leveraged Index ETN - Trade Analysis Report & Momentum Based Trading Ideas - newser.com,newser.com
"Tue, 30 Sep 2025 04:12:00 GMT",Why ETRACS Monthly Pay 1.5x Leveraged Mortgage REIT ETN stock could rally in 2025 - newser.com,newser.com
"Mon, 29 Sep 2025 16:28:26 GMT",Can ETRACS 2x Leveraged US Growth Factor TR ETN stock attract ESG capital inflows - Market Growth Review & Pattern Based Trade Signal System - newser.com,newser.com
"Tue, 30 Sep 2025 06:31:08 GMT",Real time breakdown of DB Gold Short ETN stock performance - newser.com,newser.com
"Mon, 29 Sep 2025 12:24:07 GMT",Visual analytics tools that track DB Gold Double Short ETN performance - 2025 Market Overview & AI Forecast for Swing Trade Picks - newser.com,newser.com
"Mon, 29 Sep 2025 12:40:51 GMT",Will ETRACS Quarterly Pay 1.5x Leveraged MVIS BDC Index ETN stock return to pre crisis levels - Trade Performance Summary & Daily Market Momentum Tracking - newser.com,newser.com
"Tue, 30 Sep 2025 06:26:25 GMT",Is ETRACS MVIS Business Development Companies Index ETN still worth holding after the dip - Rate Cut & Free Weekly Watchlist of Top Performers - newser.com,newser.com
"Mon, 29 Sep 2025 12:31:40 GMT",Using fundamentals and technicals on ETRACS 2xMonthly Pay Leveraged Index ETN - Recession Risk & Long-Term Capital Growth Strategies - newser.com,newser.com
"Tue, 30 Sep 2025 06:28:52 GMT",Can iPath Select MLP ETN stock beat analyst upgrades - 2025 Sector Review & Consistent Profit Trading Strategies - newser.com,newser.com
"Mon, 29 Sep 2025 14:53:03 GMT",Will DB Gold Short ETN due stock issue positive guidance - Bull Run & Capital Efficient Trading Techniques - newser.com,newser.com
"Mon, 29 Sep 2025 13:19:59 GMT",Is ETN stock included in top ETFs - 2025 Technical Overview & Weekly High Return Stock Forecasts - newser.com,newser.com
"Mon, 29 Sep 2025 12:09:33 GMT",Will ETRACS Alerian MLP Index ETN stock sustain bullish trend into 2025 - Trend Reversal & Reliable Entry Point Trade Alerts - newser.com,newser.com
"Tue, 30 Sep 2025 04:35:09 GMT",P 500 VIX Short Term Futures ETN’s quarterly data - 2025 Geopolitical Influence & Intraday High Probability Alerts - newser.com,newser.com
"Sun, 28 Sep 2025 20:19:27 GMT",How ETRACS Alerian MLP Index ETN stock moves in volatile trading sessions - Trend Reversal & Risk Managed Trade Strategies - newser.com,newser.com
"Mon, 29 Sep 2025 11:32:04 GMT",DB Gold Double Short ETN stock chart pattern explained - July 2025 Reactions & AI Powered Market Entry Ideas - newser.com,newser.com
"Mon, 29 Sep 2025 14:10:26 GMT",How ETRACS 2x Leveraged MSCI US Quality Factor TR ETN stock responds to policy changes - Quarterly Portfolio Report & Real-Time Volume Analysis - newser.com,newser.com
"Mon, 29 Sep 2025 11:19:04 GMT",Visualizing DB Gold Double Long ETN stock with heatmaps - Options Play & Daily Profit Focused Stock Screening - newser.com,newser.com
"Mon, 29 Sep 2025 11:34:06 GMT",Will ETRACS Alerian MLP Index ETN stock extend growth story - Quarterly Performance Summary & Expert-Curated Trade Recommendations - newser.com,newser.com
"Tue, 30 Sep 2025 05:28:45 GMT",Detecting price anomalies in DB Gold Double Short ETN with AI - Quarterly Earnings Summary & Real-Time Volume Analysis - newser.com,newser.com
"Tue, 30 Sep 2025 05:04:18 GMT",Why DB Gold Short ETN due stock remains top rated - 2025 Volume Leaders & Technical Analysis for Trade Confirmation - newser.com,newser.com
"Tue, 30 Sep 2025 04:30:45 GMT",Is ETRACS Alerian MLP Index ETN stock worth buying before Fed action - 2025 Big Picture & Verified Entry Point Signals - newser.com,newser.com
"Tue, 30 Sep 2025 04:13:25 GMT",Will DB Gold Double Short ETN outperform the market - Risk Management & Precise Buy Zone Tips - newser.com,newser.com
"Mon, 29 Sep 2025 13:49:47 GMT",Will iPath Series B Carbon ETN stock benefit from commodity prices - Earnings Miss & High Conviction Buy Zone Alerts - newser.com,newser.com
"Mon, 29 Sep 2025 09:57:43 GMT",Using fundamentals and technicals on ETRACS 2xMonthly Pay Leveraged Index ETN - July 2025 Closing Moves & Daily Momentum Trading Reports - newser.com,newser.com
"Tue, 30 Sep 2025 04:25:51 GMT",Has iPath Select MLP ETN formed a bullish divergence - Trade Volume Report & AI Powered Buy/Sell Recommendations - newser.com,newser.com
"Mon, 29 Sep 2025 12:55:06 GMT",Can ETRACS Alerian MLP Index ETN stock test all time highs - Earnings Trend Report & Expert Approved Momentum Ideas - newser.com,newser.com
"Mon, 29 Sep 2025 07:49:46 GMT",DB Gold Short ETN stock chart pattern explained - 2025 Key Lessons & Weekly Top Gainers Alerts - newser.com,newser.com
"Mon, 29 Sep 2025 12:53:02 GMT",Is ETRACS MVIS Business Development Companies Index ETN meeting your algorithmic filter criteria - Layoff News & AI Based Buy and Sell Signals - newser.com,newser.com
"Mon, 29 Sep 2025 07:58:57 GMT",Is ETN stock included in top ETFs - Volume Spike & Weekly High Momentum Picks - newser.com,newser.com
"Mon, 29 Sep 2025 10:33:06 GMT",Short interest data insights for ETRACS 2xMonthly Pay Leveraged Index ETN - 2025 Trade Ideas & Weekly Watchlist for Hot Stocks - newser.com,newser.com
"Mon, 29 Sep 2025 06:16:27 GMT",Does iPath Select MLP ETN qualify in momentum factor screening - July 2025 News Drivers & Fast Entry Momentum Alerts - newser.com,newser.com
"Sun, 28 Sep 2025 02:37:41 GMT",How ETRACS 2x Leveraged MSCI US Quality Factor TR ETN stock responds to policy changes - Market Rally & Growth Oriented Trade Recommendations - newser.com,newser.com
"Mon, 29 Sep 2025 12:01:20 GMT",Can ETRACS 2xMonthly Pay Leveraged Index ETN stock maintain growth trajectory - 2025 Earnings Impact & Technical Entry and Exit Tips - newser.com,newser.com
"Mon, 29 Sep 2025 10:13:05 GMT",Can ETRACS 2xMonthly Pay Leveraged Index ETN stock deliver sustainable ROE - Market Performance Recap & AI Driven Stock Price Forecasts - newser.com,newser.com
"Mon, 29 Sep 2025 11:46:43 GMT",Can DB Gold Short ETN recover in the next quarter - Dollar Strength & Community Driven Trade Alerts - newser.com,newser.com
"Mon, 29 Sep 2025 11:46:44 GMT",Is ETN stock included in top ETFs - Dollar Strength & Real-Time Buy Signal Alerts - newser.com,newser.com
"Mon, 29 Sep 2025 09:15:26 GMT",What insider trading reveals about iPath Select MLP ETN stock - M&A Rumor & Technical Entry and Exit Alerts - newser.com,newser.com
"Mon, 29 Sep 2025 11:22:53 GMT",Visualizing DB Gold Double Long ETN stock with heatmaps - 2025 Historical Comparison & Reliable Intraday Trade Plans - newser.com,newser.com
"Mon, 29 Sep 2025 05:35:15 GMT",P 500 VIX Short Term Futures ETN - Trade Ideas & Daily Stock Trend Reports - newser.com,newser.com
"Mon, 29 Sep 2025 09:31:14 GMT",Is ETRACS 2x Leveraged US Value Factor TR ETN stock recession proof - Insider Buying & Real-Time Buy Signal Notifications - newser.com,newser.com
"Mon, 29 Sep 2025 09:10:57 GMT",Will ETRACS 2x Leveraged US Value Factor TR ETN stock maintain momentum in 2025 - Oil Prices & Weekly Watchlist for Consistent Profits - newser.com,newser.com
"Mon, 29 Sep 2025 20:40:38 GMT",Trend analysis for iPath Series B Carbon ETN this week - July 2025 Pullbacks & Capital Efficient Trade Techniques - newser.com,newser.com
"Mon, 29 Sep 2025 08:26:02 GMT",Can DB Gold Double Long ETN stock maintain operating margins - Quarterly Profit Report & Fast Gain Swing Trade Alerts - newser.com,newser.com
"Mon, 29 Sep 2025 05:22:16 GMT",Why ETN stock benefits from AI revolution - Quarterly Earnings Summary & High Yield Equity Trading Tips - newser.com,newser.com
"Mon, 29 Sep 2025 11:27:50 GMT",Evaluating ETRACS MVIS Business Development Companies Index ETN with trendline analysis - 2025 Market Outlook & Long Hold Capital Preservation Tips - newser.com,newser.com
"Mon, 29 Sep 2025 04:59:17 GMT",How DB Gold Double Short ETN stock stacks up against competitors - Weekly Trade Analysis & AI Enhanced Market Trend Forecasts - newser.com,newser.com
"Mon, 29 Sep 2025 08:31:39 GMT",P 500 VIX Short Term Futures ETN - Trade Risk Summary & Reliable Entry Point Trade Alerts - newser.com,newser.com
"Mon, 29 Sep 2025 05:32:37 GMT",Visualizing DB Gold Double Long ETN stock with heatmaps - Weekly Stock Report & Risk Managed Investment Strategies - newser.com,newser.com
"Sat, 27 Sep 2025 23:13:01 GMT",Is DB Gold Double Short ETN meeting your algorithmic filter criteria - July 2025 Trends & High Conviction Trade Alerts - newser.com,newser.com
"Mon, 29 Sep 2025 07:46:50 GMT",Is ETRACS Alerian MLP Index ETN stock worth buying before Fed action - Dip Buying & Low Drawdown Trading Techniques - newser.com,newser.com
"Mon, 29 Sep 2025 10:28:47 GMT",Will ETRACS MVIS Business Development Companies Index ETN rebound enough to break even - Portfolio Performance Report & Real-Time Stock Movement Alerts - newser.com,newser.com
"Mon, 29 Sep 2025 06:01:22 GMT",Can ETRACS Alerian MLP Index ETN stock test all time highs - 2025 Price Momentum & Advanced Technical Signal Analysis - newser.com,newser.com
"Mon, 29 Sep 2025 06:45:37 GMT",What indicators show strength in DB Gold Double Short ETN - Gold Moves & High Accuracy Trade Alerts - newser.com,newser.com
"Mon, 29 Sep 2025 08:51:46 GMT",Earnings visualization tools for iPath Select MLP ETN - Earnings Trend Report & Weekly High Return Forecasts - newser.com,newser.com
"Mon, 29 Sep 2025 18:53:12 GMT",Is DB Gold Short ETN due stock prepared for digital transition - July 2025 Price Swings & Capital Efficiency Focused Strategies - newser.com,newser.com
"Mon, 29 Sep 2025 18:27:19 GMT",Chart based exit strategy for ETRACS 2xMonthly Pay Leveraged Index ETN - July 2025 Review & Fast Gain Stock Tips - newser.com,newser.com
2025-09-27T15:55:25,Eaton (ETN): Valuation Spotlight After Landmark U.S. Army MV-75 Defense Contract Win,Yahoo
2025-09-26T16:25:32,Electrification Drives Eaton Corporation plc (ETN)’s $3.4B Electrical Americas Surge,Yahoo
2025-09-26T12:53:23,Analyst Likes Eaton (ETN) Amid Strong Electricity Demand,Yahoo
2025-09-26T02:11:00,"These 2 AI Stocks Pay Dividends: VRT, ETN",Yahoo
2025-09-25T23:45:04,Here's Why Eaton (ETN) Fell More Than Broader Market,Yahoo
