Date,Title,Source
"Tue, 28 Oct 2025 02:43:09 GMT",Is Stryker Corporation (SYK) stock supported by strong fundamentals - Weekly Trend Summary & Consistent Growth Equity Picks - newser.com,newser.com
"Mon, 27 Oct 2025 13:15:07 GMT",What Analyst Projections for Key Metrics Reveal About Stryker (SYK) Q3 Earnings - Yahoo Finance,Yahoo Finance
"Tue, 28 Oct 2025 02:05:09 GMT",Is Stryker Corporation (SYK) stock supported by strong fundamentals - Portfolio Performance Report & Free Accurate Trade Setup Notifications - newser.com,newser.com
"Mon, 27 Oct 2025 23:58:50 GMT",How SYK stock performs in easing cycles - Market Trend Review & Step-by-Step Trade Execution Guides - newser.com,newser.com
"Tue, 28 Oct 2025 00:02:53 GMT",Why Stryker Corporation (SYK) stock could outperform next year - 2025 Short Interest & Accurate Technical Buy Alerts - newser.com,newser.com
"Tue, 28 Oct 2025 05:36:29 GMT",What insider purchases suggest about Stryker Corporation (SYK) stock - Jobs Report & AI Forecast Swing Trade Picks - newser.com,newser.com
"Tue, 28 Oct 2025 05:27:27 GMT",Will Stryker Corporation (SYK) stock outperform global peers - July 2025 Recap & AI Powered Market Trend Analysis - newser.com,newser.com
"Tue, 28 Oct 2025 06:36:43 GMT",Is Stryker Corporation (SYK) stock at risk of policy regulation - 2025 Major Catalysts & High Accuracy Trade Alerts - newser.com,newser.com
"Tue, 28 Oct 2025 06:04:14 GMT",Will Stryker Corporation (SYK) stock outperform global peers - July 2025 Drop Watch & Safe Entry Point Identification - newser.com,newser.com
"Tue, 28 Oct 2025 05:39:06 GMT",Is Stryker Corporation (SYK) stock cheap vs fundamentals - Weekly Risk Report & AI Based Buy and Sell Signals - newser.com,newser.com
"Mon, 27 Oct 2025 12:10:10 GMT",Is Stryker Corporation (SYK) stock cheap vs fundamentals - Market Growth Report & Safe Capital Growth Tips - newser.com,newser.com
"Mon, 27 Oct 2025 13:29:18 GMT",How SYK stock performs in easing cycles - Trend Reversal & Low Volatility Stock Recommendations - newser.com,newser.com
"Tue, 28 Oct 2025 01:25:46 GMT",How big funds are accumulating SYK stock - Weekly Profit Analysis & Low Risk Profit Maximizing Plans - newser.com,newser.com
"Mon, 27 Oct 2025 03:42:06 GMT",Is Stryker Corporation (SYK) stock supported by strong fundamentals - July 2025 Closing Moves & Fast Gain Stock Trading Tips - newser.com,newser.com
"Mon, 27 Oct 2025 08:47:11 GMT",How SYK stock performs in easing cycles - 2025 Momentum Check & High Accuracy Swing Trade Signals - newser.com,newser.com
"Mon, 27 Oct 2025 00:40:14 GMT",How big funds are accumulating SYK stock - 2025 Fundamental Recap & AI Based Buy and Sell Signals - newser.com,newser.com
"Sun, 26 Oct 2025 17:30:54 GMT",Is Stryker Corporation (SYK) stock cheap vs fundamentals - Weekly Market Report & Safe Entry Trade Signal Reports - newser.com,newser.com
"Mon, 27 Oct 2025 08:35:00 GMT",How SYK stock performs in easing cycles - Weekly Trade Review & AI Forecast Swing Trade Picks - newser.com,newser.com
"Mon, 27 Oct 2025 07:08:33 GMT",How SYK stock performs in easing cycles - July 2025 Spike Watch & Low Risk Profit Maximizing Plans - newser.com,newser.com
"Mon, 27 Oct 2025 11:59:34 GMT",Is Stryker Corporation (SYK) stock cheap vs fundamentals - Layoff News & Weekly Top Stock Performers List - newser.com,newser.com
"Sun, 26 Oct 2025 19:37:27 GMT",Is Stryker Corporation (SYK) stock cheap vs fundamentals - Swing Trade & Advanced Technical Analysis Signals - newser.com,newser.com
"Sun, 26 Oct 2025 04:54:06 GMT",How big funds are accumulating SYK stock - Wall Street Watch & Free Daily Entry Point Trade Alerts - newser.com,newser.com
"Fri, 24 Oct 2025 14:36:59 GMT",What Stryker (SYK)'s Latest Trauma Tech Unveiling Means For Shareholders - simplywall.st,simplywall.st
"Sun, 26 Oct 2025 07:43:48 GMT",How big funds are accumulating SYK stock - Wall Street Watch & Verified Momentum Watchlists - newser.com,newser.com
"Sun, 26 Oct 2025 09:26:11 GMT",Is Stryker Corporation (SYK) stock cheap vs fundamentals - July 2025 Selloffs & AI Driven Price Predictions - newser.com,newser.com
"Sun, 26 Oct 2025 10:23:22 GMT",How big funds are accumulating SYK stock - July 2025 Recap & Weekly Market Pulse Alerts - newser.com,newser.com
"Sat, 25 Oct 2025 00:09:03 GMT","Hybrid Brownian SYK-Hubbard Model Exhibits Spectral Transitions, Signaling Mottness and Quantum Chaos - Quantum Zeitgeist",Quantum Zeitgeist
"Fri, 24 Oct 2025 13:00:00 GMT",Will SYK's Q3 Results Reflect MedSurg Strength & Rebound in Orthopaedics? - TradingView,TradingView
"Thu, 23 Oct 2025 10:24:33 GMT",Is Stryker Corporation (SYK) stock cheap vs fundamentals - 2025 Pullback Review & Daily Stock Trend Reports - newser.com,newser.com
"Fri, 24 Oct 2025 19:53:03 GMT",What drives Stryker Corporation SYK stock price - Stock Buy Signals & Add These Before Everyone Else Does - earlytimes.in,earlytimes.in
2025-10-27T14:15:07,What Analyst Projections for Key Metrics Reveal About Stryker (SYK) Q3 Earnings,Yahoo
2025-10-25T17:11:26,Stryker (SYK): Exploring Valuation After Trauma Device Platform Expansions and Strong Organic Growth,Yahoo
2025-10-24T15:00:00,Will SYK's Q3 Results Reflect MedSurg Strength & Rebound in Orthopaedics?,Yahoo
2025-10-23T02:05:50,Barclays Maintains Stryker (SYK) Overweight Recommendation,Fintel
