Date,Title,Source
"Tue, 28 Oct 2025 04:54:12 GMT",Can Saia Inc. stock sustain institutional interest - New Guidance & Free Technical Pattern Based Buy Signals - newser.com,newser.com
"Tue, 28 Oct 2025 04:32:57 GMT",What does recent volatility data suggest for Saia Inc. - Weekly Earnings Recap & Low Volatility Stock Suggestions - newser.com,newser.com
"Tue, 28 Oct 2025 02:09:17 GMT",Is Saia Inc. (SQR) stock among top earnings plays - Quarterly Trade Report & Safe Entry Zone Tips - newser.com,newser.com
"Mon, 27 Oct 2025 21:03:59 GMT",Will SAIA stock recover faster than peers - IPO Watch & Weekly Top Stock Performers List - newser.com,newser.com
"Tue, 28 Oct 2025 05:50:34 GMT",Is Saia Inc. (SQR) stock among top earnings plays - Weekly Stock Summary & Risk Adjusted Buy and Sell Alerts - newser.com,newser.com
"Tue, 28 Oct 2025 05:44:08 GMT",Will SAIA stock recover faster than peers - July 2025 Final Week & Reliable Volume Spike Trade Alerts - newser.com,newser.com
"Mon, 27 Oct 2025 14:12:41 GMT",Will Saia Inc. stock return to pre crisis levels - Earnings Recap Summary & Consistent Return Investment Signals - newser.com,newser.com
"Tue, 28 Oct 2025 04:51:25 GMT",Will SAIA stock recover faster than peers - Quarterly Earnings Summary & Free Accurate Trade Setup Notifications - newser.com,newser.com
"Mon, 27 Oct 2025 23:30:39 GMT",How to forecast SAIA trends using time series - July 2025 Update & Fast Gain Stock Trading Tips - newser.com,newser.com
"Tue, 28 Oct 2025 01:40:23 GMT",Is Saia Inc. stock positioned for long term growth - July 2025 Market Mood & Proven Capital Preservation Methods - newser.com,newser.com
"Mon, 27 Oct 2025 09:42:06 GMT",What MACD signals say about Saia Inc. - 2025 Big Picture & Safe Capital Growth Tips - newser.com,newser.com
"Mon, 27 Oct 2025 23:33:53 GMT",Is this a good reentry point in Saia Inc. - Wall Street Watch & Intraday High Probability Alerts - newser.com,newser.com
"Mon, 27 Oct 2025 00:47:20 GMT",Is Saia Inc. stock positioned for long term growth - 2025 Big Picture & High Win Rate Trade Alerts - newser.com,newser.com
"Mon, 27 Oct 2025 07:26:56 GMT",Using fundamentals and technicals on Saia Inc. - July 2025 Trade Ideas & Verified Short-Term Trading Plans - newser.com,newser.com
"Mon, 27 Oct 2025 06:11:22 GMT",Using fundamentals and technicals on Saia Inc. - Market Movers & Technical Buy Zone Confirmation - newser.com,newser.com
"Mon, 27 Oct 2025 05:39:02 GMT",Is Saia Inc. (SQR) stock among top earnings plays - 2025 Bull vs Bear & Reliable Price Breakout Signals - newser.com,newser.com
"Mon, 27 Oct 2025 05:38:23 GMT",Using fundamentals and technicals on Saia Inc. - 2025 EndofYear Setup & Growth Focused Stock Pick Reports - newser.com,newser.com
"Mon, 27 Oct 2025 05:17:29 GMT",What MACD and RSI say about SAIA - Analyst Upgrade & Safe Entry Zone Tips - newser.com,newser.com
"Mon, 27 Oct 2025 07:38:16 GMT",Will SAIA rebound enough to break even - Day Trade & Breakout Confirmation Trade Signals - newser.com,newser.com
"Sun, 26 Oct 2025 23:56:09 GMT",Will Saia Inc. stock return to pre crisis levels - Trade Entry Report & Weekly Chart Analysis and Guides - newser.com,newser.com
"Sun, 26 Oct 2025 22:50:36 GMT",Will Saia Inc. stock return to pre crisis levels - Quarterly Profit Summary & Consistent Growth Equity Picks - newser.com,newser.com
"Sun, 26 Oct 2025 18:41:29 GMT",Is Saia Inc. trending in predictive chart models - Weekly Trend Summary & High Return Trade Opportunity Guides - newser.com,newser.com
"Sun, 26 Oct 2025 18:30:28 GMT",Can Saia Inc. (SQR) stock withstand sector downturns - July 2025 PreEarnings & Stepwise Entry and Exit Trade Signals - newser.com,newser.com
"Mon, 27 Oct 2025 02:17:16 GMT",Is Saia Inc. (SQR) stock inflation resilient - 2025 Key Highlights & Precise Buy Zone Tips - newser.com,newser.com
"Mon, 27 Oct 2025 07:49:45 GMT",Is this a good reentry point in Saia Inc. - Trade Exit Summary & Reliable Intraday Trade Alerts - newser.com,newser.com
"Sun, 26 Oct 2025 09:07:31 GMT",Using fundamentals and technicals on Saia Inc. - Quarterly Risk Review & Smart Money Movement Alerts - newser.com,newser.com
"Mon, 27 Oct 2025 03:35:23 GMT",Is Saia Inc. (SQR) stock among top earnings plays - July 2025 Weekly Recap & Capital Efficiency Focused Strategies - newser.com,newser.com
"Sun, 26 Oct 2025 16:28:44 GMT",Will SAIA rebound enough to break even - Market Volume Summary & Free AI Powered Buy and Sell Recommendations - newser.com,newser.com
"Mon, 27 Oct 2025 13:29:16 GMT",Can SAIA stock surprise with earnings upside - Earnings Miss & High Return Trade Opportunity Guides - newser.com,newser.com
"Sun, 26 Oct 2025 08:59:37 GMT",Is SAIA showing signs of accumulation - Forecast Cut & Long-Term Growth Plans - newser.com,newser.com
"Mon, 27 Oct 2025 02:10:41 GMT","Saia (NASDAQ:SAIA) Given ""Hold (C)"" Rating at Weiss Ratings - MarketBeat",MarketBeat
"Mon, 27 Oct 2025 06:51:31 GMT",Does SAIA stock trade at a discount to peers - July 2025 Levels & High Accuracy Buy Signal Tips - newser.com,newser.com
"Sun, 26 Oct 2025 06:36:23 GMT",Full technical analysis of SAIA stock - Breakout Watch & Safe Capital Investment Plans - newser.com,newser.com
"Sun, 26 Oct 2025 22:28:01 GMT",Is Saia Inc. (SQR) stock inflation resilient - 2025 Performance Recap & Technical Entry and Exit Alerts - newser.com,newser.com
"Sun, 26 Oct 2025 06:03:13 GMT",Is SAIA showing signs of accumulation - Portfolio Value Report & Weekly Hot Stock Watchlists - newser.com,newser.com
"Sun, 26 Oct 2025 06:01:51 GMT",Full technical analysis of SAIA stock - July 2025 Earnings & Fast Moving Stock Watchlists - newser.com,newser.com
"Sun, 26 Oct 2025 16:17:03 GMT",What does recent volatility data suggest for Saia Inc. - 2025 Performance Recap & Consistent Income Trade Ideas - newser.com,newser.com
"Sun, 26 Oct 2025 11:53:53 GMT",Is Saia Inc. stock positioned for long term growth - 2025 Historical Comparison & Precise Swing Trade Entry Alerts - newser.com,newser.com
"Mon, 27 Oct 2025 11:11:23 GMT",Will SAIA rebound enough to break even - July 2025 Selloffs & Risk Managed Investment Strategies - newser.com,newser.com
"Sun, 26 Oct 2025 07:44:12 GMT",Is SAIA showing signs of accumulation - Gap Up & Growth Focused Stock Reports - newser.com,newser.com
"Mon, 27 Oct 2025 11:20:32 GMT",Full technical analysis of SAIA stock - July 2025 Decliners & Stepwise Swing Trade Plans - newser.com,newser.com
"Mon, 27 Oct 2025 10:32:50 GMT",Is Saia Inc. (SQR) stock inflation resilient - 2025 Market Outlook & Daily Stock Trend Watchlist - newser.com,newser.com
"Mon, 27 Oct 2025 13:14:18 GMT",How to read the order book for SAIA - 2025 Performance Recap & Detailed Earnings Play Strategies - newser.com,newser.com
"Sun, 26 Oct 2025 07:56:33 GMT",Is SAIA showing signs of accumulation - Breakout Watch & Risk Controlled Stock Pick Alerts - newser.com,newser.com
"Sun, 26 Oct 2025 01:23:53 GMT",What MACD signals say about Saia Inc. - Market Trend Report & Weekly Market Pulse Alerts - newser.com,newser.com
"Mon, 27 Oct 2025 09:17:12 GMT",Analyzing recovery setups for Saia Inc. investors - Market Sentiment Report & Consistent Income Trade Recommendations - newser.com,newser.com
"Mon, 27 Oct 2025 08:52:12 GMT",Is Saia Inc. stock positioned for long term growth - New Guidance & Expert Approved Momentum Trade Ideas - newser.com,newser.com
"Mon, 27 Oct 2025 03:23:20 GMT",Can Saia Inc. stock sustain institutional interest - July 2025 Outlook & Free Safe Capital Growth Stock Tips - newser.com,newser.com
"Fri, 24 Oct 2025 21:11:44 GMT",Volume spikes in Saia Inc. stock – what they mean - Watch List & Daily Stock Trend Watchlist - newser.com,newser.com
"Mon, 27 Oct 2025 07:10:39 GMT",Does SAIA stock trade at a discount to peers - July 2025 Levels & Low Risk High Reward Trade Ideas - newser.com,newser.com
"Mon, 27 Oct 2025 02:10:38 GMT",Is Saia Inc. (SQR) stock inflation resilient - Exit Point & Risk Adjusted Swing Trade Ideas - newser.com,newser.com
"Sun, 26 Oct 2025 23:22:21 GMT",What does recent volatility data suggest for Saia Inc. - July 2025 Highlights & Low Risk Investment Opportunities - newser.com,newser.com
"Sat, 25 Oct 2025 06:50:43 GMT",Volume spikes in Saia Inc. stock – what they mean - Forecast Cut & Low Drawdown Momentum Trade Ideas - newser.com,newser.com
"Sat, 25 Oct 2025 05:41:51 GMT",Is this a good reentry point in Saia Inc. - July 2025 Levels & Low Risk Entry Point Guides - newser.com,newser.com
"Sat, 25 Oct 2025 05:39:35 GMT",Volume spikes in Saia Inc. stock – what they mean - Weekly Investment Summary & Low Volatility Stock Recommendations - newser.com,newser.com
"Thu, 23 Oct 2025 14:00:24 GMT",Saia (SAIA) Expected to Beat Earnings Estimates: Can the Stock Move Higher? - Yahoo Finance,Yahoo Finance
"Sun, 26 Oct 2025 08:20:14 GMT",Using fundamentals and technicals on Saia Inc. - Analyst Upgrade & Proven Capital Preservation Tips - newser.com,newser.com
"Sun, 26 Oct 2025 08:02:47 GMT",Is this a good reentry point in Saia Inc. - Stop Loss & Daily Entry Point Trade Alerts - newser.com,newser.com
"Mon, 27 Oct 2025 01:44:34 GMT",Is Saia Inc. (SQR) stock among top earnings plays - Forecast Cut & Weekly Consistent Profit Watchlists - newser.com,newser.com
"Mon, 27 Oct 2025 04:45:43 GMT",What MACD and RSI say about SAIA - Market Movers & Real-Time Buy Zone Alerts - newser.com,newser.com
"Mon, 27 Oct 2025 07:49:16 GMT",Can SAIA stock surprise with earnings upside - Earnings Miss & High Return Trade Opportunity Guides - newser.com,newser.com
"Fri, 24 Oct 2025 17:53:49 GMT",Saia (NASDAQ:SAIA) Trading Down 5.8% - Here's What Happened - MarketBeat,MarketBeat
"Sun, 26 Oct 2025 20:00:52 GMT",What does recent volatility data suggest for Saia Inc. - Earnings Beat & Weekly High Conviction Trade Ideas - newser.com,newser.com
"Sun, 26 Oct 2025 17:10:27 GMT",Is Saia Inc. stock positioned for long term growth - July 2025 Summary & Proven Capital Preservation Tips - newser.com,newser.com
"Sun, 26 Oct 2025 01:09:49 GMT",What does recent volatility data suggest for Saia Inc. - 2025 Price Momentum & Smart Investment Allocation Tips - newser.com,newser.com
"Sun, 26 Oct 2025 19:20:28 GMT",Can SAIA stock surprise with earnings upside - Product Launch & Safe Entry Point Alerts - newser.com,newser.com
"Sat, 25 Oct 2025 23:49:42 GMT",Does SAIA stock trade at a discount to peers - Trade Entry Summary & Fast Gaining Stock Strategy Reports - newser.com,newser.com
"Sun, 26 Oct 2025 06:33:03 GMT",What MACD signals say about Saia Inc. - July 2025 Opening Moves & Technical Pattern Alert System - newser.com,newser.com
"Sun, 26 Oct 2025 03:59:26 GMT",Can Saia Inc. stock sustain institutional interest - Quarterly Market Summary & Daily Oversold Stock Bounce Ideas - newser.com,newser.com
"Sun, 26 Oct 2025 03:32:05 GMT",What does recent volatility data suggest for Saia Inc. - July 2025 Movers & High Conviction Trade Alerts - newser.com,newser.com
"Sat, 25 Oct 2025 21:38:23 GMT",Is SAIA showing signs of accumulation - July 2025 Momentum & Community Supported Trade Ideas - newser.com,newser.com
"Mon, 27 Oct 2025 00:50:50 GMT","Saia, Inc. Experiences Revision in Its Stock Evaluation Amid Market Challenges - Markets Mojo",Markets Mojo
"Sat, 25 Oct 2025 12:11:36 GMT",Analyzing recovery setups for Saia Inc. investors - Risk Management & Reliable Volume Spike Trade Alerts - newser.com,newser.com
"Thu, 23 Oct 2025 12:23:56 GMT",Is SAIA showing signs of accumulation - Market Volume Report & Stock Timing and Entry Methods - newser.com,newser.com
"Thu, 23 Oct 2025 08:12:37 GMT",Saia (SAIA) Projected to Post Quarterly Earnings on Thursday - MarketBeat,MarketBeat
"Thu, 23 Oct 2025 14:40:09 GMT",Does SAIA stock trade at a discount to peers - Portfolio Value Report & Verified Short-Term Plans - Trung tâm Dự báo KTTV quốc gia,Trung tâm Dự báo KTTV quốc gia
"Fri, 24 Oct 2025 18:49:14 GMT",What does recent volatility data suggest for Saia Inc. - Quarterly Trade Review & AI Forecast for Swing Trade Picks - newser.com,newser.com
"Thu, 23 Oct 2025 14:00:24 GMT",Saia (SAIA) Expected to Beat Earnings Estimates: Can the Stock Move Higher? - sharewise.com,sharewise.com
"Thu, 23 Oct 2025 08:42:02 GMT",What MACD signals say about Saia Inc. - July 2025 WrapUp & Weekly Watchlist of Top Performers - newser.com,newser.com
"Sat, 25 Oct 2025 05:18:24 GMT","Saia, Inc. (NASDAQ:SAIA) Given Consensus Rating of “Moderate Buy” by Brokerages - Defense World",Defense World
2025-10-23T16:00:24,Saia (SAIA) Expected to Beat Earnings Estimates: Can the Stock Move Higher?,Yahoo
