Date,Title,Source
"Tue, 21 Oct 2025 06:53:31 GMT",Will DB Gold Double Short ETN stock enhance shareholder value - Market Sentiment Summary & High Conviction Buy Zone Picks - newser.com,newser.com
"Tue, 21 Oct 2025 06:41:27 GMT",Is ETRACS 2x Leveraged US Growth Factor TR ETN stock ready for a breakout - Recession Risk & Target Return Focused Picks - newser.com,newser.com
"Tue, 21 Oct 2025 06:18:25 GMT",What’s next for ETRACS 2x Leveraged US Growth Factor TR ETN stock price - Wall Street Watch & Fast Gaining Stock Strategy Reports - newser.com,newser.com
"Tue, 21 Oct 2025 05:49:20 GMT",Automated trading signals detected on iPath Series B Carbon ETN - Market Growth Summary & Weekly Setup with High ROI Potential - newser.com,newser.com
"Tue, 21 Oct 2025 01:01:13 GMT",How hedge fund analytics apply to DB Gold Double Short ETN stock - Quarterly Trade Report & Weekly Setup with High ROI Potential - newser.com,newser.com
"Tue, 21 Oct 2025 01:42:35 GMT",Will a bounce in ETRACS 2x Leveraged US Value Factor TR ETN offer an exit - Quarterly Trade Report & Weekly Setup with High ROI Potential - newser.com,newser.com
"Tue, 21 Oct 2025 06:51:11 GMT",P 500 VIX Short Term Futures ETN benefit from macro trends - 2025 Winners & Losers & Fast Entry High Yield Tips - newser.com,newser.com
"Tue, 21 Oct 2025 05:50:56 GMT",Will a bounce in ETRACS 2x Leveraged US Value Factor TR ETN offer an exit - Layoff News & Weekly Top Stock Performers List - newser.com,newser.com
"Tue, 21 Oct 2025 06:14:03 GMT",Is iPath Select MLP ETN stock reversal real or fake - Trade Ideas & Fast Exit and Entry Strategy Plans - newser.com,newser.com
"Tue, 21 Oct 2025 06:11:19 GMT",How cyclical is DB Gold Double Long ETN stock compared to rivals - Portfolio Return Report & Free Accurate Trade Setup Notifications - newser.com,newser.com
"Tue, 21 Oct 2025 00:04:08 GMT",How DB Gold Double Short ETN stock compares with market leaders - Market Performance Recap & Stock Timing and Entry Methods - newser.com,newser.com
"Tue, 21 Oct 2025 00:18:02 GMT",Ranking ETRACS Monthly Pay 1.5x Leveraged Mortgage REIT ETN among high performing stocks via tools - Options Play & Community Driven Trade Alerts - newser.com,newser.com
"Mon, 20 Oct 2025 23:36:53 GMT",ETRACS 2x Leveraged US Value Factor TR ETN stock chart pattern explained - Quarterly Portfolio Report & Community Supported Trade Ideas - newser.com,newser.com
"Tue, 21 Oct 2025 00:58:32 GMT",Does DB Gold Double Short ETN qualify in momentum factor screening - 2025 Biggest Moves & Real-Time Volume Triggers - newser.com,newser.com
"Tue, 21 Oct 2025 02:14:33 GMT",Will ETRACS 2x Leveraged US Value Factor TR ETN benefit from macro trends - Trend Reversal & Daily Momentum Trading Reports - newser.com,newser.com
"Tue, 21 Oct 2025 02:19:51 GMT",How geopolitical risks impact DB Gold Double Long ETN stock - Quarterly Earnings Summary & Smart Swing Trading Techniques - newser.com,newser.com
"Tue, 21 Oct 2025 02:15:54 GMT",Can volume confirm reversal in ETRACS 2xMonthly Pay Leveraged Index ETN - 2025 Top Gainers & Smart Allocation Stock Tips - newser.com,newser.com
"Tue, 21 Oct 2025 01:58:58 GMT",Ranking ETRACS Monthly Pay 1.5x Leveraged Mortgage REIT ETN among high performing stocks via tools - Earnings Overview Summary & Weekly High Return Opportunities - newser.com,newser.com
"Mon, 20 Oct 2025 20:54:58 GMT",Can ETRACS 2xMonthly Pay Leveraged Index ETN recover in the next quarter - July 2025 Breakouts & Free Reliable Trade Execution Plans - newser.com,newser.com
"Mon, 20 Oct 2025 23:54:39 GMT",Why ETRACS 2x Leveraged MSCI US Momentum Factor TR ETN stock remains undervalued - Market Weekly Review & Accurate Technical Buy Alerts - newser.com,newser.com
"Mon, 20 Oct 2025 21:53:25 GMT",How iPath Series B Carbon ETN stock trades before earnings - Exit Point & AI Driven Price Predictions - newser.com,newser.com
"Mon, 20 Oct 2025 17:49:15 GMT",Is DB Gold Short ETN still worth holding after the dip - Trade Analysis Report & Advanced Technical Signal Analysis - newser.com,newser.com
"Tue, 21 Oct 2025 04:55:59 GMT",Will ETN stock remain on Wall Street radar - 2025 Year in Review & Low Risk High Reward Trade Ideas - newser.com,newser.com
"Mon, 20 Oct 2025 17:56:12 GMT",Is ETN stock resilient in recession scenarios - Weekly Stock Analysis & AI Enhanced Market Trend Forecasts - newser.com,newser.com
"Mon, 20 Oct 2025 16:40:55 GMT",P 500 VIX Short Term Futures ETN benefit from macro trends - 2025 Market WrapUp & Weekly Chart Analysis and Guides - newser.com,newser.com
"Mon, 20 Oct 2025 22:19:49 GMT",Death Cross: What earnings margins imply for DB Gold Short ETN due stock - 2025 Big Picture & Low Risk High Win Rate Stock Picks - nchmf.gov.vn,nchmf.gov.vn
"Sat, 18 Oct 2025 07:23:46 GMT",Is ETRACS Quarterly Pay 1.5x Leveraged Alerian MLP Index ETN stock a safe buy before earnings - nchmf.gov.vn,nchmf.gov.vn
"Mon, 20 Oct 2025 17:08:07 GMT",P 500 VIX Short Term Futures ETN stock ready for a breakout - Quarterly Market Review & Risk Managed Investment Strategies - newser.com,newser.com
"Mon, 20 Oct 2025 15:23:12 GMT",P 500 VIX Short Term Futures ETN stock remains on watchlists - 2025 Stock Rankings & Daily Stock Momentum Reports - newser.com,newser.com
"Tue, 21 Oct 2025 04:15:12 GMT",Heatmap analysis for ETRACS 2xMonthly Pay Leveraged Index ETN and competitors - 2025 Sector Review & Real-Time Market Sentiment Reports - newser.com,newser.com
"Tue, 21 Oct 2025 05:54:03 GMT",How DB Gold Double Long ETN stock compares with market leaders - July 2025 Patterns & AI Powered Market Entry Strategies - newser.com,newser.com
"Tue, 21 Oct 2025 00:34:41 GMT",Is iPath Select MLP ETN stock poised for growth - 2025 Top Gainers & Community Verified Swing Trade Signals - newser.com,newser.com
"Tue, 21 Oct 2025 06:18:47 GMT",Will ETRACS Quarterly Pay 1.5x Leveraged MVIS BDC Index ETN bounce back from current support - Jobs Report & Fast Entry Momentum Trade Alerts - newser.com,newser.com
"Tue, 21 Oct 2025 00:48:24 GMT",ETRACS 2x Leveraged US Growth Factor TR ETN stock prediction for this week - Quarterly Profit Report & Stepwise Entry/Exit Trade Alerts - newser.com,newser.com
"Tue, 21 Oct 2025 00:36:31 GMT",Heatmap analysis for ETRACS 2xMonthly Pay Leveraged Index ETN and competitors - July 2025 Selloffs & Fast Momentum Stock Entry Tips - newser.com,newser.com
"Sat, 18 Oct 2025 20:54:27 GMT",Can ETRACS Quarterly Pay 1.5x Leveraged Alerian MLP Index ETN stock continue upward trend - July 2025 Sector Moves & Smart Money Movement Tracker - nchmf.gov.vn,nchmf.gov.vn
"Tue, 21 Oct 2025 04:03:01 GMT",Will DB Gold Double Short ETN stock enhance shareholder value - July 2025 Institutional & Expert Approved Trade Ideas - newser.com,newser.com
"Mon, 20 Oct 2025 00:26:25 GMT",Why ETRACS 2x Leveraged MSCI US Momentum Factor TR ETN stock remains undervalued - Portfolio Profit Report & Free Community Consensus Stock Picks - newser.com,newser.com
"Mon, 20 Oct 2025 23:46:45 GMT",What analyst consensus implies for ETRACS Alerian MLP Index ETN stock - Trade Analysis Report & AI Enhanced Trading Signals - newser.com,newser.com
"Mon, 20 Oct 2025 11:48:16 GMT",Exit strategy if you’re trapped in DB Gold Short ETN - July 2025 Price Swings & Verified Trade Idea Suggestions - newser.com,newser.com
"Fri, 17 Oct 2025 15:08:58 GMT",Why ETRACS Quarterly Pay 1.5x Leveraged Alerian MLP Index ETN stock remains undervalued - nchmf.gov.vn,nchmf.gov.vn
"Sat, 18 Oct 2025 08:06:55 GMT",Will ETRACS Quarterly Pay 1.5x Leveraged Alerian MLP Index ETN stock benefit from automation - July 2025 Market Mood & Free Technical Confirmation Trade Alerts - nchmf.gov.vn,nchmf.gov.vn
"Tue, 21 Oct 2025 02:39:36 GMT",Is ETN stock resilient in recession scenarios - July 2025 Opening Moves & Expert Curated Trade Setups - newser.com,newser.com
"Sat, 18 Oct 2025 01:43:27 GMT",Is ETRACS Alerian MLP Index ETN stock worth buying before Fed action - 2025 Key Highlights & Community Consensus Picks - nchmf.gov.vn,nchmf.gov.vn
"Mon, 20 Oct 2025 05:19:58 GMT",Why DB Gold Short ETN due stock remains top rated - Portfolio Profit Report & Growth Oriented Trade Recommendations - newser.com,newser.com
"Tue, 21 Oct 2025 00:52:22 GMT",Will ETRACS 2x Leveraged MSCI US Quality Factor TR ETN stock continue upward momentum - Weekly Trade Recap & Free Community Consensus Stock Picks - newser.com,newser.com
"Mon, 20 Oct 2025 12:32:31 GMT",Can ETRACS 2xMonthly Pay Leveraged Index ETN recover in the next quarter - 2025 EndofYear Setup & Technical Confirmation Alerts - newser.com,newser.com
"Sat, 18 Oct 2025 09:48:57 GMT",Will ETRACS Alerian MLP Index ETN stock sustain bullish trend into 2025 - Trade Analysis Summary & Low Risk Investment Opportunities - nchmf.gov.vn,nchmf.gov.vn
"Mon, 20 Oct 2025 07:15:22 GMT",DB Gold Double Long ETN stock retracement – recovery analysis - July 2025 Outlook & Fast Entry High Yield Tips - newser.com,newser.com
"Mon, 20 Oct 2025 14:13:51 GMT",Relative strength of iPath Select MLP ETN in sector analysis - Weekly Gains Report & Real-Time Market Sentiment Alerts - newser.com,newser.com
"Sat, 18 Oct 2025 15:43:50 GMT",Is ETRACS Alerian MLP Index ETN stock worth buying before Fed action - Gap Down & Verified Chart Pattern Signals - nchmf.gov.vn,nchmf.gov.vn
"Mon, 20 Oct 2025 04:19:38 GMT",Applying Elliott Wave Theory to ETRACS 2xMonthly Pay Leveraged Index ETN - Quarterly Earnings Summary & Reliable Intraday Trade Alerts - newser.com,newser.com
"Mon, 20 Oct 2025 18:17:38 GMT",How DB Gold Double Short ETN stock compares with market leaders - Trend Reversal & Target Return Focused Picks - nchmf.gov.vn,nchmf.gov.vn
"Sat, 18 Oct 2025 09:53:04 GMT",Can ETRACS Quarterly Pay 1.5x Leveraged Alerian MLP Index ETN stock continue upward trend - Dollar Strength & Low Drawdown Trading Strategies - nchmf.gov.vn,nchmf.gov.vn
"Mon, 20 Oct 2025 15:30:31 GMT",Is ETN stock resilient in recession scenarios - July 2025 Earnings & Free Community Supported Trade Ideas - nchmf.gov.vn,nchmf.gov.vn
"Mon, 20 Oct 2025 04:44:10 GMT",Is DB Gold Double Short ETN trending in predictive chart models - July 2025 Snapshot & AI Powered Trade Plan Recommendations - newser.com,newser.com
"Sat, 18 Oct 2025 16:14:11 GMT",Profit Recap: Is ETRACS Alerian MLP Index ETN stock worth buying before Fed action - 2025 Trading Volume Trends & Breakout Confirmation Alerts - nchmf.gov.vn,nchmf.gov.vn
"Mon, 20 Oct 2025 02:04:44 GMT",Will ETRACS 2x Leveraged US Value Factor TR ETN stock gain from strong economy - Earnings Beat & Growth Focused Stock Reports - newser.com,newser.com
"Tue, 21 Oct 2025 04:04:21 GMT",Is iPath Select MLP ETN stock reversal real or fake - Market Sentiment Report & Free Growth Oriented Trading Recommendations - newser.com,newser.com
"Sat, 18 Oct 2025 14:36:31 GMT",Will ETRACS Quarterly Pay 1.5x Leveraged MVIS BDC Index ETN stock remain a Wall Street favorite - July 2025 Macro Moves & AI Driven Price Predictions - nchmf.gov.vn,nchmf.gov.vn
"Mon, 20 Oct 2025 22:11:46 GMT",ETRACS 2x Leveraged US Growth Factor TR ETN stock prediction for this week - Market Risk Analysis & Safe Entry Zone Tips - newser.com,newser.com
"Mon, 20 Oct 2025 22:28:52 GMT",What earnings margins imply for DB Gold Short ETN due stock - July 2025 Opening Moves & Consistent Profit Trade Alerts - newser.com,newser.com
"Fri, 17 Oct 2025 22:36:44 GMT",Geopolitics Watch: What catalysts could drive ETRACS Quarterly Pay 1.5x Leveraged Alerian MLP Index ETN stock higher - Quarterly Profit Summary & Free Verified High Yield Trade Plans - nchmf.gov.vn,nchmf.gov.vn
"Mon, 20 Oct 2025 19:24:36 GMT",Aug Mood: Is DB Gold Double Short ETN stock testing key support - Share Buyback & Weekly High Return Stock Forecasts - nchmf.gov.vn,nchmf.gov.vn
"Mon, 20 Oct 2025 12:35:39 GMT",Is iPath Series B Carbon ETN trending in predictive chart models - Jobs Report & Free Technical Pattern Based Buy Signals - newser.com,newser.com
"Mon, 20 Oct 2025 11:08:21 GMT",ETRACS Gold Shares Covered Call ETN Declares Monthly Dividend of $1.71 (NASDAQ:GLDI) - MarketBeat,MarketBeat
"Mon, 20 Oct 2025 10:37:52 GMT",Chart based exit strategy for iPath Series B Carbon ETN - Weekly Risk Report & AI Forecast for Swing Trade Picks - newser.com,newser.com
"Mon, 20 Oct 2025 05:20:20 GMT",Why ETRACS Monthly Pay 1.5x Leveraged Mortgage REIT ETN stock could rally in 2025 - 2025 Investor Takeaways & Safe Investment Capital Preservation Plans - newser.com,newser.com
"Sun, 19 Oct 2025 21:56:31 GMT",How to recover losses in ETRACS MVIS Business Development Companies Index ETN stock - Market Movers & Weekly High Potential Stock Alerts - newser.com,newser.com
"Fri, 17 Oct 2025 13:43:57 GMT",Block Trades: Is ETRACS Alerian MLP Index ETN stock worth buying before Fed action - Long Setup & Free Safe Capital Growth Stock Tips - nchmf.gov.vn,nchmf.gov.vn
"Mon, 20 Oct 2025 11:08:19 GMT",ETRACS Silver Shares Covered Call ETN (NASDAQ:SLVO) Announces Monthly Dividend of $1.18 - MarketBeat,MarketBeat
"Mon, 20 Oct 2025 11:08:23 GMT",ETRACS Crude Oil Shares Covered Call ETN (NASDAQ:USOI) Increases Dividend to $0.75 Per Share - MarketBeat,MarketBeat
"Fri, 17 Oct 2025 23:50:15 GMT",Will ETRACS Quarterly Pay 1.5x Leveraged MVIS BDC Index ETN stock beat EPS estimates - 2025 Retail Activity & Weekly High Return Forecasts - nchmf.gov.vn,nchmf.gov.vn
"Sat, 18 Oct 2025 17:34:11 GMT",Is DB Gold Double Short ETN meeting your algorithmic filter criteria - July 2025 PostEarnings & Weekly Hot Stock Watchlists - newser.com,newser.com
"Sat, 18 Oct 2025 02:55:18 GMT",Dow Update: Why iPath Select MLP ETN stock attracts high net worth investors - July 2025 Chart Watch & Fast Gaining Stock Reports - nchmf.gov.vn,nchmf.gov.vn
"Sun, 19 Oct 2025 09:37:54 GMT",P 500 VIX Short Term Futures ETN stock is a value investor pick - 2025 Earnings Impact & Community Driven Trade Alerts - newser.com,newser.com
"Sat, 18 Oct 2025 15:30:33 GMT",P 500 VIX Short Term Futures ETN price bounce be sustainable - Share Buyback & Precise Trade Entry Recommendations - newser.com,newser.com
"Mon, 20 Oct 2025 16:53:26 GMT",P 500 VIX Short Term Futures ETN benefit from macro trends - 2025 Fundamental Recap & High Accuracy Investment Signals - newser.com,newser.com
"Sat, 18 Oct 2025 10:34:50 GMT",Chipmakers Recap: Is iPath Select MLP ETN stock a top hedge fund pick - Weekly Stock Analysis & Daily Profit Maximizing Tips - nchmf.gov.vn,nchmf.gov.vn
"Mon, 20 Oct 2025 08:03:56 GMT",Will DB Gold Double Short ETN stock enhance shareholder value - Market Weekly Review & Low Drawdown Investment Strategies - nchmf.gov.vn,nchmf.gov.vn
"Sat, 18 Oct 2025 10:24:54 GMT",Why iPath Select MLP ETN stock attracts high net worth investors - Volume Spike & Short-Term Trading Opportunity Alerts - nchmf.gov.vn,nchmf.gov.vn
"Sat, 18 Oct 2025 10:33:43 GMT",Will ETRACS Quarterly Pay 1.5x Leveraged MVIS BDC Index ETN stock beat EPS estimates - 2025 Key Highlights & Daily Profit Maximizing Tips - nchmf.gov.vn,nchmf.gov.vn
"Mon, 20 Oct 2025 14:39:50 GMT",Has iPath Select MLP ETN found a price floor - 2025 Analyst Calls & AI Driven Stock Reports - newser.com,newser.com
"Sat, 18 Oct 2025 17:26:58 GMT",Is DB Gold Double Long ETN stock a good choice for value investors - Weekly Gains Summary & Risk Controlled Stock Alerts - nchmf.gov.vn,nchmf.gov.vn
"Mon, 20 Oct 2025 08:55:04 GMT",Applying Elliott Wave Theory to ETRACS 2xMonthly Pay Leveraged Index ETN - July 2025 Final Week & Weekly Top Performers Watchlists - newser.com,newser.com
"Sat, 18 Oct 2025 04:25:38 GMT",Why iPath Select MLP ETN stock attracts high net worth investors - Volume Spike & Short-Term Trading Opportunity Alerts - nchmf.gov.vn,nchmf.gov.vn
"Fri, 17 Oct 2025 21:33:45 GMT",Eaton’s AI Data Center Power Push Might Change The Case For Investing In Eaton (ETN) - simplywall.st,simplywall.st
"Sat, 18 Oct 2025 02:54:34 GMT",P 500 VIX Short Term Futures ETN visualized - Quarterly Investment Review & Daily Oversold Bounce Ideas - newser.com,newser.com
"Sat, 18 Oct 2025 18:48:43 GMT",Is ETRACS Monthly Pay 1.5x Leveraged Mortgage REIT ETN stock positioned well for digital economy - Index Update & Reliable Intraday Trade Alerts - nchmf.gov.vn,nchmf.gov.vn
"Sat, 18 Oct 2025 02:34:11 GMT",Hedge Fund Moves: Does DB Gold Short ETN due stock trade below intrinsic value - 2025 Buyback Activity & Daily Entry Point Trade Alerts - nchmf.gov.vn,nchmf.gov.vn
"Sat, 18 Oct 2025 06:30:34 GMT",What insider trading reveals about iPath Select MLP ETN stock - Quarterly Profit Summary & Smart Money Movement Tracker - nchmf.gov.vn,nchmf.gov.vn
"Sat, 18 Oct 2025 17:05:03 GMT",Will DB Gold Short ETN stock benefit from infrastructure spending - Dollar Strength & AI Driven Stock Price Forecasts - nchmf.gov.vn,nchmf.gov.vn
"Mon, 20 Oct 2025 04:42:41 GMT",Will ETN stock remain on Wall Street radar - Share Buyback & Free Reliable Trade Execution Plans - newser.com,newser.com
"Sat, 18 Oct 2025 14:50:58 GMT",Short Squeeze: How strong is ETRACS 2xMonthly Pay Leveraged Index ETN stock balance sheet - Stop Loss & Expert Verified Stock Movement Alerts - nchmf.gov.vn,nchmf.gov.vn
"Sat, 18 Oct 2025 09:38:06 GMT",Is ETRACS Monthly Pay 1.5x Leveraged Mortgage REIT ETN stock positioned well for digital economy - July 2025 Action & High Conviction Investment Ideas - nchmf.gov.vn,nchmf.gov.vn
"Sat, 18 Oct 2025 06:14:41 GMT",ETRACS Silver Shares Covered Call ETN (NASDAQ:SLVO) Sees Large Decline in Short Interest - MarketBeat,MarketBeat
"Fri, 17 Oct 2025 14:10:49 GMT",Why ETRACS Monthly Pay 1.5x Leveraged Mortgage REIT ETN stock could rally in 2025 - Dividend Hike & Free Long-Term Investment Growth Plans - nchmf.gov.vn,nchmf.gov.vn
"Sat, 18 Oct 2025 16:50:09 GMT",Why ETRACS 2xMonthly Pay Leveraged Index ETN stock is rated strong buy - Trade Ideas & Weekly High Potential Stock Alerts - nchmf.gov.vn,nchmf.gov.vn
"Sat, 18 Oct 2025 12:29:00 GMT",Trend Recap: Why iPath Series B Carbon ETN stock could outperform in 2025 - Watch List & Consistent Income Trade Recommendations - nchmf.gov.vn,nchmf.gov.vn
"Sat, 18 Oct 2025 05:48:14 GMT",Will ETRACS 2x Leveraged US Growth Factor TR ETN stock deliver shareholder value - July 2025 Reactions & Stock Market Timing Techniques - nchmf.gov.vn,nchmf.gov.vn
2025-10-18T02:07:15,Mizuho Maintains Eaton (ETN) Outperform Recommendation,Fintel
2025-10-17T22:30:00,"Eaton to announce third quarter 2025 earnings on November 4, 2025",Yahoo
2025-10-16T02:08:01,JP Morgan Maintains Eaton (ETN) Overweight Recommendation,Fintel
