Date,Title,Source
"Sun, 26 Oct 2025 05:35:21 GMT",ANSS stock outlook for YEAR - Weekly Market Report & Technical Pattern Based Signals - newser.com,newser.com
"Sun, 26 Oct 2025 01:21:43 GMT",Using portfolio simulators with ANSS included - 2025 Earnings Impact & Fast Moving Stock Watchlists - newser.com,newser.com
"Sun, 26 Oct 2025 05:17:40 GMT",How to escape a deep drawdown in ANSS - July 2025 Spike Watch & Community Consensus Trade Signals - newser.com,newser.com
"Sun, 26 Oct 2025 06:00:09 GMT",Short interest data insights for ANSS - Earnings Summary Report & Free Weekly Chart Analysis and Trade Guides - newser.com,newser.com
"Sun, 26 Oct 2025 04:49:56 GMT",How to track smart money flows in ANSS - Trade Signal Summary & Expert Approved Momentum Trade Ideas - newser.com,newser.com
"Sat, 25 Oct 2025 23:55:15 GMT",How to track smart money flows in ANSS - July 2025 Macro Moves & Accurate Intraday Trade Tips - newser.com,newser.com
"Sat, 25 Oct 2025 22:56:56 GMT",ANSS stock outlook for YEAR - 2025 Support & Resistance & Momentum Based Trading Signals - newser.com,newser.com
"Sun, 26 Oct 2025 03:54:16 GMT",ANSS stock outlook for YEAR - Portfolio Performance Report & Verified Chart Pattern Signals - newser.com,newser.com
"Sun, 26 Oct 2025 03:32:17 GMT",Is ANSS a candidate for recovery play - Market Rally & Community Verified Watchlist Alerts - newser.com,newser.com
"Sat, 25 Oct 2025 14:32:40 GMT",Using portfolio simulators with ANSS included - Portfolio Growth Summary & Daily Technical Stock Forecast Reports - newser.com,newser.com
"Sat, 25 Oct 2025 22:32:15 GMT",Short interest data insights for ANSS - Earnings Risk Summary & Smart Swing Trading Alerts - newser.com,newser.com
"Fri, 24 Oct 2025 17:04:46 GMT",Using portfolio simulators with ANSS included - July 2025 Weekly Recap & Fast Exit/Entry Strategy Plans - newser.com,newser.com
"Fri, 24 Oct 2025 21:09:55 GMT",How to escape a deep drawdown in ANSS - Market Weekly Review & Weekly High Return Forecasts - newser.com,newser.com
"Fri, 24 Oct 2025 22:49:51 GMT",How to track smart money flows in ANSS - July 2025 Big Picture & Reliable Entry Point Trade Alerts - newser.com,newser.com
"Thu, 23 Oct 2025 10:56:37 GMT",ANSS stock outlook for YEAR - Earnings Summary Report & Capital Efficient Trading Techniques - newser.com,newser.com
"Sat, 25 Oct 2025 17:41:07 GMT",How to escape a deep drawdown in ANSS - July 2025 Levels & Risk Adjusted Swing Trade Ideas - newser.com,newser.com
"Sat, 25 Oct 2025 09:25:20 GMT",Short interest data insights for ANSS - Market Sentiment Review & Community Trade Idea Sharing - newser.com,newser.com
"Wed, 22 Oct 2025 06:08:46 GMT",ANSS stock daily chart insights - Chart Signals & AI Enhanced Market Trend Forecasts - newser.com,newser.com
"Wed, 22 Oct 2025 00:21:11 GMT",Using portfolio simulators with ANSS included - Trade Risk Assessment & Fast Gain Stock Tips - newser.com,newser.com
"Sat, 25 Oct 2025 10:44:17 GMT",Short interest data insights for ANSS - Quarterly Profit Review & Daily Growth Stock Investment Tips - newser.com,newser.com
"Fri, 24 Oct 2025 20:59:22 GMT",Short interest data insights for ANSS - Market Growth Review & Consistent Profit Trading Strategies - newser.com,newser.com
"Tue, 21 Oct 2025 11:46:13 GMT",Using portfolio simulators with ANSS included - Earnings Summary Report & Breakout Confirmation Trade Signals - newser.com,newser.com
"Wed, 22 Oct 2025 01:19:39 GMT",Is ANSS a candidate for recovery play - July 2025 Closing Moves & AI Powered Buy/Sell Recommendations - newser.com,newser.com
"Tue, 21 Oct 2025 09:26:11 GMT",How to track smart money flows in ANSS - Earnings Risk Summary & Free Weekly Watchlist of Top Performers - newser.com,newser.com
"Thu, 23 Oct 2025 09:09:36 GMT",Using portfolio simulators with ANSS included - Earnings Miss & Weekly Watchlist of Top Performers - newser.com,newser.com
"Wed, 22 Oct 2025 04:50:00 GMT",ANSS stock outlook for YEAR - July 2025 Sector Moves & Reliable Entry Point Alerts - newser.com,newser.com
"Tue, 21 Oct 2025 21:43:14 GMT",ANSS stock outlook for YEAR - Layoff News & Free Weekly Chart Analysis and Trade Guides - newser.com,newser.com
"Wed, 22 Oct 2025 02:35:42 GMT",How to track smart money flows in ANSS - Trade Entry Summary & Verified Short-Term Trading Plans - newser.com,newser.com
"Tue, 21 Oct 2025 11:44:00 GMT",Short interest data insights for ANSS - July 2025 PostEarnings & Community Verified Trade Signals - newser.com,newser.com
"Tue, 21 Oct 2025 09:52:55 GMT",Short interest data insights for ANSS - July 2025 Rallies & Real-Time Volume Analysis - newser.com,newser.com
"Tue, 21 Oct 2025 22:12:42 GMT",Measuring ANSS’s beta against major indices - July 2025 PostEarnings & Free Weekly Chart Analysis and Trade Guides - newser.com,newser.com
"Sun, 26 Oct 2025 01:18:12 GMT",Short interest data insights for ANSS - 2025 Investor Takeaways & Short-Term Trading Alerts - newser.com,newser.com
