Date,Title,Source
"Fri, 31 Oct 2025 04:45:32 GMT",ANSS stock outlook for YEAR - Weekly Profit Report & Verified Technical Trade Signals - newser.com,newser.com
"Fri, 31 Oct 2025 04:23:35 GMT",What institutional flow reveals about ANSS - Forecast Cut & Expert Curated Trade Setup Alerts - newser.com,newser.com
"Thu, 30 Oct 2025 11:11:58 GMT",Will ANSS bounce back from current support - 2025 Major Catalysts & Safe Capital Growth Trade Ideas - newser.com,newser.com
"Wed, 29 Oct 2025 11:09:36 GMT",ANSS Stock Analysis and Forecast - Technical Pattern Recognition & High Return Portfolio Growth - earlytimes.in,earlytimes.in
"Thu, 30 Oct 2025 10:47:45 GMT",Will ANSS bounce back from current support - Exit Point & Long Hold Capital Preservation Plans - newser.com,newser.com
"Wed, 29 Oct 2025 09:59:07 GMT",How to escape a deep drawdown in ANSS - Market Growth Report & Risk Managed Trade Strategies - newser.com,newser.com
"Tue, 28 Oct 2025 09:03:05 GMT",ANSS stock outlook for YEAR - Dollar Strength & Real-Time Market Trend Scan - newser.com,newser.com
"Tue, 28 Oct 2025 09:01:12 GMT",How to escape a deep drawdown in ANSS - Trend Reversal & High Conviction Trade Alerts - newser.com,newser.com
"Tue, 28 Oct 2025 10:29:26 GMT",Is ANSS a candidate for recovery play - 2025 Sector Review & Technical Analysis for Trade Confirmation - newser.com,newser.com
"Tue, 28 Oct 2025 11:12:56 GMT",How to track smart money flows in ANSS - Trade Volume Summary & Entry Point Confirmation Signals - newser.com,newser.com
"Tue, 28 Oct 2025 10:26:08 GMT",How to track smart money flows in ANSS - July 2025 Big Picture & Weekly Top Gainers Alerts - newser.com,newser.com
"Thu, 30 Oct 2025 08:42:57 GMT",Will ANSS bounce back from current support - Weekly Market Outlook & Daily Price Action Insights - newser.com,newser.com
"Thu, 30 Oct 2025 05:34:24 GMT",Statistical indicators supporting ANSS’s strength - Portfolio Gains Summary & Low Risk High Win Rate Picks - newser.com,newser.com
"Thu, 30 Oct 2025 05:39:11 GMT",Short interest data insights for ANSS - Weekly Stock Report & Safe Capital Growth Trade Ideas - newser.com,newser.com
"Wed, 29 Oct 2025 07:42:36 GMT",Will ANSS bounce back from current support - July 2025 News Drivers & Reliable Volume Spike Alerts - newser.com,newser.com
"Sun, 26 Oct 2025 21:21:17 GMT",How to escape a deep drawdown in ANSS - July 2025 Big Picture & Stepwise Entry and Exit Trade Signals - newser.com,newser.com
"Tue, 28 Oct 2025 11:39:48 GMT",ANSS stock outlook for YEAR - July 2025 Gainers & Weekly Return Optimization Alerts - newser.com,newser.com
"Wed, 29 Oct 2025 06:07:56 GMT",What institutional flow reveals about ANSS - Trade Analysis Report & Consistent Profit Focused Trading Strategies - newser.com,newser.com
"Tue, 28 Oct 2025 02:40:49 GMT",Short interest data insights for ANSS - Product Launch & Weekly High Conviction Ideas - newser.com,newser.com
"Mon, 27 Oct 2025 13:04:54 GMT",Visualizing ANSS stock with heatmaps - Quarterly Market Review & Free High Return Stock Watch Alerts - newser.com,newser.com
"Mon, 27 Oct 2025 23:55:31 GMT",Is ANSS a good long term investment - High Dividend Yield Stocks & Fast Profit Portfolio Plans - earlytimes.in,earlytimes.in
