Date,Title,Source
"Tue, 28 Oct 2025 03:10:32 GMT",Why INFY stock could outperform next year - Sell Signal & AI Enhanced Trading Signals - newser.com,newser.com
"Tue, 28 Oct 2025 01:14:51 GMT",We Think Infosys' (NSE:INFY) Healthy Earnings Might Be Conservative - simplywall.st,simplywall.st
"Tue, 28 Oct 2025 06:53:41 GMT",Why INFY stock attracts HNW investors - July 2025 Spike Watch & Real-Time Chart Breakout Alerts - newser.com,newser.com
"Tue, 28 Oct 2025 05:39:01 GMT",Volume spikes in INFY stock – what they mean - Weekly Trade Report & Entry Point Confirmation Alerts - newser.com,newser.com
"Tue, 28 Oct 2025 05:13:59 GMT",Is INFY stock positioned for digital growth era - July 2025 PreEarnings & Community Shared Stock Ideas - newser.com,newser.com
"Tue, 28 Oct 2025 05:28:22 GMT",Full technical analysis of INFY stock - Weekly Stock Recap & Verified Entry Point Signals - newser.com,newser.com
"Tue, 28 Oct 2025 01:16:24 GMT",How geopolitical tensions affect INFY stock - Weekly Trade Summary & Accurate Entry and Exit Point Alerts - newser.com,newser.com
"Tue, 28 Oct 2025 00:14:01 GMT",Why INFY stock could outperform next year - IPO Watch & Accurate Technical Buy Alerts - newser.com,newser.com
"Tue, 28 Oct 2025 05:46:21 GMT",Is INFY stock positioned for digital growth era - 2025 Top Decliners & Daily Growth Stock Investment Tips - newser.com,newser.com
"Tue, 28 Oct 2025 02:00:09 GMT",Will INFY stock remain on Wall Street radar - Entry Point & Consistent Growth Equity Picks - newser.com,newser.com
"Tue, 28 Oct 2025 05:34:45 GMT",Strategies to average down on INFY - July 2025 Fed Impact & Precise Buy Zone Tips - newser.com,newser.com
"Mon, 27 Oct 2025 12:06:27 GMT",Why INFY stock attracts HNW investors - 2025 Winners & Losers & Real-Time Buy Signal Alerts - newser.com,newser.com
"Tue, 28 Oct 2025 01:49:02 GMT",How geopolitical risks impact INFY stock - Sell Signal & Free Safe Capital Growth Stock Tips - newser.com,newser.com
"Tue, 28 Oct 2025 00:55:41 GMT",Will INFY stock gain from strong economy - Buy Signal & Accurate Entry/Exit Alerts - newser.com,newser.com
"Tue, 28 Oct 2025 04:20:30 GMT",Can INFY stock surprise with earnings upside - Insider Selling & Real-Time Price Movement Reports - newser.com,newser.com
"Mon, 27 Oct 2025 13:17:35 GMT",Is INFY stock positioned for digital growth era - Gap Up & Safe Swing Trade Setups - newser.com,newser.com
"Tue, 28 Oct 2025 01:21:45 GMT",Why INFY stock attracts HNW investors - 2025 Bull vs Bear & Consistent Return Investment Signals - newser.com,newser.com
"Tue, 28 Oct 2025 00:31:01 GMT",Is INFY stock vulnerable to regulatory risks - July 2025 Summary & Verified Momentum Watchlists - newser.com,newser.com
"Mon, 27 Oct 2025 04:52:55 GMT",Is INFY stock vulnerable to regulatory risks - Treasury Yields & Fast Entry High Yield Stock Tips - newser.com,newser.com
"Mon, 27 Oct 2025 05:58:13 GMT",Will INFY stock beat international competition - July 2025 Breakouts & Precise Trade Entry Recommendations - newser.com,newser.com
"Mon, 27 Oct 2025 02:23:51 GMT",Real time pattern detection on INFY stock - New Guidance & Verified Trade Idea Suggestions - newser.com,newser.com
"Mon, 27 Oct 2025 00:57:49 GMT",How institutional buying supports INFY stock - 2025 Technical Patterns & Free Expert Approved Momentum Trade Ideas - newser.com,newser.com
"Mon, 27 Oct 2025 00:49:21 GMT",How institutional buying supports INFY stock - Earnings Risk Summary & Real-Time Price Movement Reports - newser.com,newser.com
"Sun, 26 Oct 2025 17:28:54 GMT",Will INFY stock beat international competition - July 2025 Big Picture & Real-Time Chart Breakout Alerts - newser.com,newser.com
"Sun, 26 Oct 2025 12:51:25 GMT",Is INFY stock vulnerable to regulatory risks - July 2025 Fed Impact & Fast Entry High Yield Stock Tips - newser.com,newser.com
"Sun, 26 Oct 2025 15:50:50 GMT",Using AI based signals to follow INFY - July 2025 Gainers & Verified Technical Signals - newser.com,newser.com
"Mon, 27 Oct 2025 11:08:20 GMT",Is INFY stock positioned for digital growth era - Quarterly Earnings Summary & Verified Momentum Stock Ideas - newser.com,newser.com
"Mon, 27 Oct 2025 12:48:26 GMT",Will INFY stock gain from strong economy - Weekly Trade Recap & Low Risk Profit Maximizing Plans - newser.com,newser.com
"Mon, 27 Oct 2025 08:09:29 GMT",Using AI based signals to follow INFY - July 2025 Selloffs & Verified Momentum Stock Ideas - newser.com,newser.com
"Sun, 26 Oct 2025 20:02:44 GMT",Real time pattern detection on INFY stock - Exit Point & High Win Rate Trade Alerts - newser.com,newser.com
"Sun, 26 Oct 2025 23:16:35 GMT",Using AI based signals to follow INFY - July 2025 Closing Moves & AI Forecasted Stock Moves - newser.com,newser.com
"Sun, 26 Oct 2025 00:45:19 GMT",Using AI based signals to follow INFY - Earnings Growth Summary & Short-Term High Return Strategies - newser.com,newser.com
"Sun, 26 Oct 2025 03:05:35 GMT",Will INFY stock remain on Wall Street radar - Earnings Overview Report & Precise Trade Entry Recommendations - newser.com,newser.com
"Sun, 26 Oct 2025 23:50:35 GMT","Weiss Ratings Reaffirms ""Hold (C)"" Rating for American Noble Gas (NYSE:INFY) - MarketBeat",MarketBeat
"Sat, 25 Oct 2025 19:24:01 GMT",Will INFY stock gain from strong economy - July 2025 Outlook & Safe Capital Preservation Plans - newser.com,newser.com
"Mon, 27 Oct 2025 07:51:55 GMT",Why INFY stock could outperform next year - 2025 Sector Review & Real-Time Buy Signal Notifications - newser.com,newser.com
"Mon, 27 Oct 2025 08:54:02 GMT",Real time pattern detection on INFY stock - 2025 Pullback Review & Daily Stock Trend Reports - newser.com,newser.com
"Mon, 27 Oct 2025 03:49:13 GMT",Will INFY stock remain on Wall Street radar - July 2025 Outlook & Daily Volume Surge Signals - newser.com,newser.com
"Mon, 27 Oct 2025 07:39:57 GMT",Risk adjusted return profile for INFY analyzed - July 2025 Drop Watch & Daily Market Momentum Tracking - newser.com,newser.com
"Mon, 27 Oct 2025 03:01:11 GMT",Will INFY stock remain on Wall Street radar - Weekly Profit Analysis & Verified Swing Trading Watchlists - newser.com,newser.com
"Mon, 27 Oct 2025 00:31:04 GMT",Will INFY stock remain on Wall Street radar - Quarterly Risk Review & Smart Money Movement Alerts - newser.com,newser.com
"Sat, 25 Oct 2025 05:42:41 GMT",Will INFY stock beat international competition - Market Sentiment Review & Comprehensive Market Scan Reports - newser.com,newser.com
"Sun, 26 Oct 2025 22:55:00 GMT",Why INFY stock attracts HNW investors - July 2025 Short Interest & Weekly Top Performers Watchlists - newser.com,newser.com
"Sun, 26 Oct 2025 23:58:34 GMT",How geopolitical risks impact INFY stock - July 2025 Market Mood & High Yield Stock Recommendations - newser.com,newser.com
"Sun, 26 Oct 2025 13:35:01 GMT",Why INFY stock could outperform next year - July 2025 Levels & Reliable Breakout Forecasts - newser.com,newser.com
"Mon, 27 Oct 2025 05:51:54 GMT",Is INFY stock positioned for digital growth era - 2025 Earnings Impact & Risk Controlled Daily Trade Plans - newser.com,newser.com
"Sun, 26 Oct 2025 11:26:10 GMT",Risk adjusted return profile for INFY analyzed - 2025 Top Decliners & Verified Stock Trade Ideas - newser.com,newser.com
"Mon, 27 Oct 2025 00:14:59 GMT",Why INFY stock could outperform next year - July 2025 Fed Impact & Growth Focused Entry Point Reports - newser.com,newser.com
"Mon, 27 Oct 2025 07:50:15 GMT",Using AI based signals to follow INFY - July 2025 Setups & Step-by-Step Trade Execution Guides - newser.com,newser.com
"Fri, 24 Oct 2025 04:29:34 GMT",Market Review: Technical Analysis: Infosys Limited (INFY) - 2025 Growth vs Value & Target Return Focused Picks - Trung tâm Dự báo KTTV quốc gia,Trung tâm Dự báo KTTV quốc gia
"Sun, 26 Oct 2025 00:11:49 GMT",Is INFY stock vulnerable to regulatory risks - July 2025 Update & AI Powered Market Entry Strategies - newser.com,newser.com
"Sun, 26 Oct 2025 04:59:06 GMT",Is INFY stock positioned for digital growth era - 2025 Technical Overview & Real-Time Market Sentiment Alerts - newser.com,newser.com
"Sat, 25 Oct 2025 23:40:07 GMT",Why INFY stock attracts HNW investors - July 2025 Selloffs & Risk Controlled Daily Plans - newser.com,newser.com
"Sat, 25 Oct 2025 23:57:09 GMT",Risk adjusted return profile for INFY analyzed - 2025 Sector Review & Community Shared Stock Ideas - newser.com,newser.com
"Thu, 23 Oct 2025 12:43:33 GMT",Real time pattern detection on INFY stock - Weekly Trade Report & Free High Accuracy Swing Entry Alerts - newser.com,newser.com
"Fri, 24 Oct 2025 07:00:00 GMT",INFY Outlook for the Week - Equitypandit,Equitypandit
"Thu, 23 Oct 2025 12:14:00 GMT",How institutional buying supports INFY stock - Quarterly Portfolio Report & Entry and Exit Point Strategies - newser.com,newser.com
"Mon, 27 Oct 2025 02:41:04 GMT","Stocks in news today: RIL, Infy, Kotak Bank, DRL, Coforge, HUDCO, Ola Electric, Zydus Life - Business Today",Business Today
