Date,Title,Source
2025-10-30T21:05:00Z,UK Crypto ETN Market Turns Fierce After Retail Access Restored — Issuers Slash Fees to 0.05%,Cryptonews
2025-10-30T15:45:17Z,‘Cut-throat’ battle for crypto ETNs erupts in UK after retail ban lifted,Cointelegraph
"Tue, 04 Nov 2025 06:01:06 GMT",P 500 VIX Short Term Futures ETN stock trend forecast - July 2025 Catalysts & Weekly High Momentum Picks - newser.com,newser.com
"Mon, 03 Nov 2025 20:27:00 GMT","Noteworthy Monday Option Activity: LQDA, ETN, ASTS - Nasdaq",Nasdaq
"Tue, 04 Nov 2025 07:42:32 GMT",Is iPath Select MLP ETN stock attractive for retirement portfolios - Trade Analysis Report & Weekly Momentum Picks - newser.com,newser.com
"Tue, 04 Nov 2025 07:37:05 GMT",Chart based analysis of DB Gold Double Short ETN trends - 2025 Support & Resistance & Safe Entry Trade Signal Reports - newser.com,newser.com
"Tue, 04 Nov 2025 07:44:55 GMT",What Wall Street predicts for iPath Series B Carbon ETN stock price - July 2025 Reactions & Verified Stock Trade Ideas - newser.com,newser.com
"Tue, 04 Nov 2025 07:03:52 GMT",Will breakout in DB Gold Double Long ETN lead to full recovery - Analyst Upgrade & Momentum Based Trading Signals - newser.com,newser.com
"Tue, 04 Nov 2025 06:12:43 GMT",Is DB Gold Short ETN a candidate for recovery play - Insider Selling & Reliable Breakout Forecasts - newser.com,newser.com
"Tue, 04 Nov 2025 07:06:07 GMT",How risky is DB Gold Short ETN stock now - Weekly Profit Report & Long-Term Safe Return Strategies - newser.com,newser.com
"Tue, 04 Nov 2025 03:33:51 GMT",Will a bounce in ETRACS 2x Leveraged US Value Factor TR ETN offer an exit - July 2025 Price Swings & Verified Stock Trade Ideas - newser.com,newser.com
"Tue, 04 Nov 2025 07:58:22 GMT",Top chart patterns to watch in DB Gold Double Short ETN - 2025 Institutional Moves & Fast Gaining Stock Strategy Reports - newser.com,newser.com
"Tue, 04 Nov 2025 06:23:32 GMT",Reversal indicators forming on ETRACS MVIS Business Development Companies Index ETN stock - 2025 EndofYear Setup & Trade Opportunity Analysis Reports - newser.com,newser.com
"Tue, 04 Nov 2025 06:11:32 GMT",Strategies to average down on DB Gold Short ETN - Earnings Growth Report & Long-Term Growth Portfolio Plans - newser.com,newser.com
"Tue, 04 Nov 2025 06:16:25 GMT",Using AI based signals to follow ETRACS 2xMonthly Pay Leveraged Index ETN - July 2025 Trade Ideas & Smart Swing Trading Techniques - newser.com,newser.com
"Tue, 04 Nov 2025 04:21:23 GMT",Why DB Gold Double Long ETN stock signals breakout potential - Stop Loss & Verified Momentum Stock Watchlist - newser.com,newser.com
"Tue, 04 Nov 2025 01:00:06 GMT",Why ETRACS 2x Leveraged US Value Factor TR ETN stock is a value investor pick - Weekly Gains Summary & Breakout Confirmation Trade Signals - newser.com,newser.com
"Tue, 04 Nov 2025 07:43:27 GMT",Is ETRACS 2x Leveraged US Growth Factor TR ETN stock oversold or undervalued - July 2025 Opening Moves & Free Weekly Chart Analysis and Trade Guides - newser.com,newser.com
"Tue, 04 Nov 2025 07:20:55 GMT",Why DB Gold Short ETN due stock is trending on social media - Weekly Trend Report & Safe Capital Growth Plans - newser.com,newser.com
"Tue, 04 Nov 2025 07:16:20 GMT",ETRACS 2x Leveraged US Growth Factor TR ETN stock daily chart insights - Quarterly Portfolio Report & AI Forecast for Swing Trade Picks - newser.com,newser.com
"Tue, 04 Nov 2025 03:36:43 GMT",P 500 VIX Short Term Futures ETN stock could be next big winner - July 2025 Volume & Trade Opportunity Analysis - newser.com,newser.com
"Tue, 04 Nov 2025 06:01:31 GMT",P 500 VIX Short Term Futures ETN - Weekly Volume Report & Community Shared Stock Ideas - newser.com,newser.com
"Mon, 03 Nov 2025 20:38:01 GMT",(ETN) Price Dynamics and Execution-Aware Positioning - news.stocktradersdaily.com,news.stocktradersdaily.com
"Tue, 04 Nov 2025 07:50:20 GMT",Advanced analytics toolkit walkthrough for DB Gold Double Long ETN - July 2025 Chart Watch & Reliable Momentum Entry Alerts - newser.com,newser.com
"Tue, 04 Nov 2025 07:44:29 GMT",Using data tools to time your iPath Select MLP ETN exit - Weekly Market Outlook & Stock Portfolio Risk Control - newser.com,newser.com
"Mon, 03 Nov 2025 08:17:58 GMT",How geopolitical risks impact DB Gold Double Long ETN stock - Weekly Risk Report & Community Consensus Trade Signals - newser.com,newser.com
"Tue, 04 Nov 2025 07:14:34 GMT",Using data tools to time your iPath Select MLP ETN exit - July 2025 Macro Moves & Accurate Intraday Trade Tips - newser.com,newser.com
"Mon, 03 Nov 2025 13:47:46 GMT",Comparing ETRACS 2x Leveraged US Value Factor TR ETN in custom built stock radars - CPI Data & Risk Controlled Swing Trade Alerts - newser.com,newser.com
"Mon, 03 Nov 2025 14:55:26 GMT",How ETRACS Monthly Pay 1.5x Leveraged Mortgage REIT ETN stock performs during Fed tightening cycles - newser.com,newser.com
"Mon, 03 Nov 2025 06:13:28 GMT",Is DB Gold Double Short ETN stock ready for a breakout - 2025 Top Decliners & Proven Capital Preservation Methods - newser.com,newser.com
"Mon, 03 Nov 2025 14:45:48 GMT",Can ETRACS Quarterly Pay 1.5x Leveraged Alerian MLP Index ETN stock weather global recession - Gap Up & High Yield Stock Recommendations - newser.com,newser.com
"Mon, 03 Nov 2025 08:40:03 GMT",Will iPath Series B Carbon ETN stock continue dividend increases - 2025 Investor Takeaways & Stock Portfolio Risk Management - newser.com,newser.com
"Mon, 03 Nov 2025 05:59:58 GMT",Will DB Gold Double Short ETN stock deliver shareholder value - Earnings Trend Report & Technical Buy Zone Confirmation - newser.com,newser.com
"Mon, 03 Nov 2025 09:42:12 GMT",Will ETN stock remain on Wall Street radar - Portfolio Return Report & Consistent Income Trade Ideas - newser.com,newser.com
"Mon, 03 Nov 2025 07:43:45 GMT",P 500 VIX Short Term Futures ETN stock trend outlook and recovery path - Market Growth Review & High Accuracy Buy Signal Tips - newser.com,newser.com
"Mon, 03 Nov 2025 18:16:07 GMT",Eaton (ETN) Q3 Earnings Preview: Consistent EPS Outperformance - GuruFocus,GuruFocus
"Mon, 03 Nov 2025 05:31:39 GMT",ETRACS 2x Leveraged US Growth Factor TR ETN stock daily chart insights - 2025 EndofYear Setup & Community Consensus Trade Alerts - newser.com,newser.com
"Mon, 03 Nov 2025 08:29:03 GMT",How ETRACS 2x Leveraged MSCI US Momentum Factor TR ETN stock performs in weak economy - 2025 Top Decliners & Verified Stock Trade Ideas - newser.com,newser.com
"Mon, 03 Nov 2025 08:40:42 GMT",Will ETRACS 2x Leveraged MSCI US Quality Factor TR ETN stock continue upward momentum - Earnings Summary Report & Real-Time Sentiment Analysis - newser.com,newser.com
"Mon, 03 Nov 2025 08:08:21 GMT",P 500 VIX Short Term Futures ETN trends using time series - Weekly Profit Analysis & Verified Swing Trading Watchlists - newser.com,newser.com
"Sun, 02 Nov 2025 18:43:56 GMT",Why ETN stock stays resilient - Market Performance Report & AI Forecast for Swing Trade Picks - newser.com,newser.com
"Mon, 03 Nov 2025 03:31:42 GMT",ETRACS 2x Leveraged US Value Factor TR ETN stock trend outlook and recovery path - Portfolio Value Summary & AI Forecasted Stock Moves - newser.com,newser.com
"Mon, 03 Nov 2025 08:20:13 GMT",Can volume confirm reversal in ETRACS 2xMonthly Pay Leveraged Index ETN - Analyst Downgrade & Weekly High Momentum Picks - newser.com,newser.com
"Mon, 03 Nov 2025 05:47:01 GMT",Will ETRACS 2x Leveraged MSCI US Quality Factor TR ETN stock attract more institutional investors - Weekly Investment Recap & Capital Efficient Trading Techniques - newser.com,newser.com
"Mon, 03 Nov 2025 07:27:52 GMT",Will ETRACS 2x Leveraged MSCI US Quality Factor TR ETN rebound enough to break even - 2025 Short Interest & Real-Time Volume Triggers - newser.com,newser.com
"Mon, 03 Nov 2025 03:43:17 GMT",Will ETRACS 2x Leveraged US Value Factor TR ETN stock gain from strong economy - July 2025 Review & Entry Point Confirmation Signals - newser.com,newser.com
"Mon, 03 Nov 2025 01:17:46 GMT",Will iPath Series B Carbon ETN stock continue dividend increases - Quarterly Portfolio Summary & Daily Stock Trend Watchlist - newser.com,newser.com
"Mon, 03 Nov 2025 13:35:16 GMT",Technical analysis overview for DB Gold Double Long ETN stock - Options Play & Free Expert Verified Stock Movement Alerts - newser.com,newser.com
"Sun, 02 Nov 2025 19:01:48 GMT",P 500 VIX Short Term Futures ETN stock could be next big winner - Quarterly Market Summary & Verified Momentum Watchlists - newser.com,newser.com
"Sun, 02 Nov 2025 22:41:15 GMT",How forex fluctuations impact iPath Select MLP ETN stock - Market Trend Summary & Free Weekly Watchlist of Top Performers - newser.com,newser.com
"Mon, 03 Nov 2025 10:19:54 GMT",Is ETN stock a safe buy pre earnings - Market Weekly Review & Fast Moving Market Watchlists - newser.com,newser.com
"Sun, 02 Nov 2025 20:29:20 GMT",Is iPath Select MLP ETN building a consolidation base - Wall Street Watch & Free Daily Entry Point Trade Alerts - newser.com,newser.com
"Sun, 02 Nov 2025 01:48:32 GMT",ETRACS 2x Leveraged US Value Factor TR ETN stock trend outlook and recovery path - July 2025 Reactions & Capital Efficient Trading Techniques - newser.com,newser.com
"Sun, 02 Nov 2025 23:05:14 GMT",Predicting ETRACS Monthly Pay 1.5x Leveraged Mortgage REIT ETN trend using moving averages - July 2025 Chart Watch & Daily Market Momentum Tracking - newser.com,newser.com
"Sun, 02 Nov 2025 11:39:44 GMT",P 500 VIX Short Term Futures ETN stock trend forecast - July 2025 Reactions & Community Supported Trade Ideas - newser.com,newser.com
"Sun, 02 Nov 2025 18:15:50 GMT",How ETRACS 2x Leveraged US Growth Factor TR ETN stock trades before earnings - Portfolio Growth Summary & Weekly Chart Analysis and Trade Guides - newser.com,newser.com
"Mon, 03 Nov 2025 06:38:13 GMT",Is DB Gold Double Long ETN stock ready for a breakout - Stock Surge & Safe Capital Allocation Plans - newser.com,newser.com
"Mon, 03 Nov 2025 06:10:19 GMT",Will DB Gold Double Long ETN rebound enough to break even - Market Risk Summary & Daily Entry Point Trade Alerts - newser.com,newser.com
"Mon, 03 Nov 2025 12:31:52 GMT",Is ETRACS Quarterly Pay 1.5x Leveraged Alerian MLP Index ETN stock resilient to inflation - July 2025 Macro Moves & Smart Allocation Stock Reports - newser.com,newser.com
"Mon, 03 Nov 2025 06:14:35 GMT",Is DB Gold Short ETN stock near bottom after decline - IPO Watch & Expert Curated Trade Ideas - newser.com,newser.com
"Mon, 03 Nov 2025 10:41:58 GMT",Relative strength of ETRACS 2x Leveraged US Growth Factor TR ETN in sector analysis - Layoff News & Accurate Buy Signal Notifications - newser.com,newser.com
"Sun, 02 Nov 2025 11:35:57 GMT",Is ETRACS 2xMonthly Pay Leveraged Index ETN forming a reversal pattern - July 2025 Sentiment & Accurate Technical Buy Alerts - newser.com,newser.com
"Sat, 01 Nov 2025 13:40:06 GMT",Is Eaton's (ETN) Steady Dividend a Signal of Strategic Confidence or Conservatism? - simplywall.st,simplywall.st
"Mon, 03 Nov 2025 08:47:17 GMT",Using RSI to spot recovery in ETRACS 2xMonthly Pay Leveraged Index ETN - Market Performance Summary & Risk Controlled Swing Alerts - newser.com,newser.com
"Mon, 03 Nov 2025 03:17:21 GMT",P 500 VIX Short Term Futures ETN stock trend forecast - July 2025 Trends & Technical Analysis for Trade Confirmation - newser.com,newser.com
"Mon, 03 Nov 2025 07:49:52 GMT",P 500 VIX Short Term Futures ETN show high probability of rebound - Earnings Beat & High Accuracy Buy Signal Tips - newser.com,newser.com
"Sun, 02 Nov 2025 02:59:56 GMT",P 500 VIX Short Term Futures ETN stock trend forecast - 2025 Major Catalysts & Real-Time Volume Spike Alerts - newser.com,newser.com
"Mon, 03 Nov 2025 08:02:36 GMT",Backtesting results for ETRACS MVIS Business Development Companies Index ETN trading strategies - Trade Volume Summary & Entry Point Confirmation Signals - newser.com,newser.com
"Sun, 02 Nov 2025 07:08:50 GMT",Can ETRACS MVIS Business Development Companies Index ETN stock surprise with earnings upside - Market Activity Report & Low Risk Entry Point Guides - newser.com,newser.com
"Thu, 30 Oct 2025 21:45:05 GMT",Here's Why Eaton (ETN) Fell More Than Broader Market - Yahoo Finance,Yahoo Finance
"Mon, 03 Nov 2025 10:37:10 GMT",Can trapped investors hope for a rebound in DB Gold Double Long ETN - July 2025 Fed Impact & Low Drawdown Investment Strategies - newser.com,newser.com
"Sun, 02 Nov 2025 21:20:45 GMT",Why ETRACS 2x Leveraged MSCI US Momentum Factor TR ETN stock is a value investor pick - July 2025 Summary & Precise Trade Entry Recommendations - newser.com,newser.com
"Sun, 02 Nov 2025 17:58:13 GMT",How to build a dashboard for DB Gold Short ETN stock - Gap Up & Verified Stock Trade Ideas - newser.com,newser.com
"Mon, 03 Nov 2025 14:29:33 GMT",Eaton (ETN) Expands Data Portfolio with $9.5 Billion Boyd Therma - GuruFocus,GuruFocus
"Sat, 01 Nov 2025 16:51:03 GMT",P 500 VIX Short Term Futures ETN stock trend outlook and recovery path - July 2025 PreEarnings & Intraday High Probability Alerts - newser.com,newser.com
"Sat, 01 Nov 2025 17:16:44 GMT",P 500 VIX Short Term Futures ETN stock trend forecast - Quarterly Portfolio Summary & Daily Chart Pattern Signals - newser.com,newser.com
"Sat, 01 Nov 2025 17:44:03 GMT",P 500 VIX Short Term Futures ETN - Market Growth Summary & Precise Swing Trade Alerts - newser.com,newser.com
"Sun, 02 Nov 2025 12:30:37 GMT",P 500 VIX Short Term Futures ETN show high probability of rebound - Long Setup & Weekly Return Optimization Plans - newser.com,newser.com
"Mon, 03 Nov 2025 00:48:04 GMT",Automated trading signals detected on iPath Series B Carbon ETN - Earnings Overview Summary & Weekly High Return Opportunities - newser.com,newser.com
"Sun, 02 Nov 2025 10:00:22 GMT",P 500 VIX Short Term Futures ETN stock trend outlook and recovery path - Rate Cut & High Return Trade Opportunity Guides - newser.com,newser.com
"Sun, 02 Nov 2025 07:06:11 GMT",P 500 VIX Short Term Futures ETN stock is a value investor pick - Market Activity Report & Expert-Curated Trade Recommendations - newser.com,newser.com
"Sun, 02 Nov 2025 08:18:50 GMT",P 500 VIX Short Term Futures ETN stock is a value investor pick - Earnings Beat & Free Community Consensus Stock Picks - newser.com,newser.com
"Sat, 01 Nov 2025 11:28:31 GMT",What dividend safety rating applies to DB Gold Double Short ETN stock - Weekly Investment Recap & High Accuracy Trade Signal Alerts - newser.com,newser.com
"Sun, 02 Nov 2025 01:10:10 GMT",P 500 VIX Short Term Futures ETN stock remains on watchlists - July 2025 EndofMonth & Low Drawdown Momentum Ideas - newser.com,newser.com
"Fri, 31 Oct 2025 15:09:49 GMT",Eaton Q3 Preview: The Price Of Power (NYSE:ETN) - Seeking Alpha,Seeking Alpha
"Sat, 01 Nov 2025 07:50:01 GMT",Is iPath Series B Carbon ETN trending in predictive chart models - Earnings Overview Summary & Advanced Technical Signal Analysis - newser.com,newser.com
"Sat, 01 Nov 2025 00:41:16 GMT",P 500 VIX Short Term Futures ETN stock remains on watchlists - Portfolio Risk Report & Weekly High Potential Stock Alerts - newser.com,newser.com
"Sat, 01 Nov 2025 16:50:35 GMT",How DB Gold Double Short ETN stock compares with market leaders - July 2025 Closing Moves & Technical Pattern Recognition Alerts - newser.com,newser.com
"Mon, 03 Nov 2025 14:20:52 GMT",P 500 VIX Short Term Futures ETN explained - Earnings Overview Summary & Stock Portfolio Risk Management - newser.com,newser.com
"Mon, 03 Nov 2025 11:48:39 GMT",Why iPath Select MLP ETN stock could see breakout soon - Exit Point & High Accuracy Buy Signal Tips - newser.com,newser.com
"Mon, 03 Nov 2025 12:48:01 GMT",Is DB Gold Short ETN stock near bottom after decline - July 2025 Technicals & Verified Momentum Stock Alerts - newser.com,newser.com
"Mon, 03 Nov 2025 09:01:40 GMT",P 500 VIX Short Term Futures ETN stock could see breakout soon - Weekly Trend Summary & Risk Controlled Daily Trade Plans - newser.com,newser.com
"Mon, 03 Nov 2025 06:55:47 GMT",Will ETN stock outperform energy sector in 2025 - Trade Ideas & Daily Profit Maximizing Tips - newser.com,newser.com
"Mon, 03 Nov 2025 10:35:11 GMT",P 500 VIX Short Term Futures ETN explained - Weekly Trend Summary & Daily Volume Surge Signals - newser.com,newser.com
"Fri, 31 Oct 2025 10:09:25 GMT",P 500 VIX Short Term Futures ETN explained - July 2025 Big Picture & Step-by-Step Swing Trade Plans - newser.com,newser.com
"Mon, 03 Nov 2025 10:18:52 GMT",Why ETRACS 2x Leveraged US Value Factor TR ETN stock could benefit from AI revolution - 2025 Historical Comparison & Stepwise Swing Trade Plans - newser.com,newser.com
"Sat, 01 Nov 2025 08:28:48 GMT",P 500 VIX Short Term Futures ETN stock – what they mean - July 2025 Closing Moves & Weekly Top Gainers Alerts - newser.com,newser.com
"Mon, 03 Nov 2025 13:31:33 GMT",Strategies to average down on DB Gold Short ETN - Buy Signal & Real-Time Volume Surge Alerts - newser.com,newser.com
"Mon, 03 Nov 2025 09:25:01 GMT",P 500 VIX Short Term Futures ETN technicals - July 2025 Rallies & High Yield Stock Recommendations - newser.com,newser.com
2025-11-03T16:57:00,"On Semicondutor earnings, Coeur Mining & Eaton announce deals",Yahoo
2025-11-03T12:55:00,"Eaton Signs Agreement to Acquire Boyd Thermal, Expanding Solutions for Data Center Customers to Include Critical Liquid Cooling Technology",Yahoo
2025-10-31T12:09:49,Eaton Q3 Preview: The Price Of Power,SeekingAlpha
2025-10-30T22:45:05,Here's Why Eaton (ETN) Fell More Than Broader Market,Yahoo
2025-10-30T14:15:06,Stay Ahead of the Game With Eaton (ETN) Q3 Earnings: Wall Street's Insights on Key Metrics,Yahoo
