Date,Title,Source
2025-09-13T07:26:47Z,Eaton (NYSE:ETN) Upgraded to “Strong-Buy” at Daiwa America,ETF Daily News
2025-09-13T05:58:43Z,ETRACS 2x Leveraged US Growth Factor TR ETN (NYSEARCA:IWFL) Trading Up 0.7% – Time to Buy?,ETF Daily News
2025-09-13T05:58:42Z,ETRACS 2x Leveraged MSCI US Momentum Factor TR ETN (NYSEARCA:MTUL) Trading Down 0.4% – Time to Sell?,ETF Daily News
2025-09-12T06:42:49Z,Eaton (NYSE:ETN) Now Covered by Analysts at Daiwa Capital Markets,ETF Daily News
2025-09-11T21:12:47Z,Here's How Much You Would Have Made Owning Eaton Corp Stock In The Last 15 Years,Biztoc.com
2025-09-10T14:53:25Z,BlackRock Readies Bitcoin ETP in the UK in October as Bitcoin Price Surges to 114K,Crypto Coins News
2025-09-10T07:16:52Z,MicroSectors FANG & Innovation -3x Inverse Leveraged ETN (NYSEARCA:BERZ) Sees Significant Decline in Short Interest,ETF Daily News
"Fri, 12 Sep 2025 15:40:02 GMT",POWL vs. ETN: Which Stock Is the Better Value Option? - Yahoo Finance,Yahoo Finance
"Sat, 13 Sep 2025 09:00:30 GMT","SCS Capital Management LLC Invests $815,000 in Eaton Corporation, PLC $ETN - MarketBeat",MarketBeat
"Thu, 11 Sep 2025 14:55:21 GMT",Why Eaton (ETN) Is Up 5.6% After Unveiling AI-Driven Data Center and Energy Partnerships - simplywall.st,simplywall.st
"Thu, 11 Sep 2025 12:21:00 GMT",New Analyst Forecast: $ETN Given 'Outperform' Rating - Quiver Quantitative,Quiver Quantitative
"Fri, 12 Sep 2025 21:45:03 GMT",Eaton (ETN) Rises As Market Takes a Dip: Key Facts - sg.finance.yahoo.com,sg.finance.yahoo.com
"Sat, 13 Sep 2025 12:19:23 GMT",Daiwa Capital Markets Initiates Coverage on Eaton (NYSE:ETN) - MarketBeat,MarketBeat
"Sat, 13 Sep 2025 09:04:33 GMT","Glenview Trust co Acquires 3,436 Shares of Eaton Corporation, PLC $ETN - MarketBeat",MarketBeat
"Sat, 13 Sep 2025 10:58:19 GMT","Advisors Capital Management LLC Acquires 9,052 Shares of Eaton Corporation, PLC $ETN - MarketBeat",MarketBeat
"Sat, 13 Sep 2025 07:00:00 GMT","United Services Automobile Association Purchases Shares of 9,301 Eaton Corporation, PLC $ETN - MarketBeat",MarketBeat
"Sat, 13 Sep 2025 07:00:00 GMT","Legacy Advisory Services LLC Buys Shares of 1,230 Eaton Corporation, PLC $ETN - MarketBeat",MarketBeat
"Sat, 13 Sep 2025 07:00:00 GMT","MBB Public Markets I LLC Invests $968,000 in Eaton Corporation, PLC $ETN - MarketBeat",MarketBeat
"Sat, 13 Sep 2025 07:00:00 GMT","Meiji Yasuda Life Insurance Co Boosts Position in Eaton Corporation, PLC $ETN - MarketBeat",MarketBeat
"Sat, 13 Sep 2025 07:00:00 GMT","Zimmer Partners LP Acquires 97,000 Shares of Eaton Corporation, PLC $ETN - MarketBeat",MarketBeat
"Sat, 13 Sep 2025 07:00:00 GMT","Eaton Corporation, PLC $ETN Shares Sold by Fred Alger Management LLC - MarketBeat",MarketBeat
"Sat, 13 Sep 2025 07:00:00 GMT","RNC Capital Management LLC Sells 738 Shares of Eaton Corporation, PLC $ETN - MarketBeat",MarketBeat
"Sat, 13 Sep 2025 07:00:00 GMT","Voleon Capital Management LP Purchases 6,224 Shares of Eaton Corporation, PLC $ETN - MarketBeat",MarketBeat
"Fri, 12 Sep 2025 22:30:00 GMT","Scientech Research LLC Buys 1,552 Shares of Eaton Corporation, PLC $ETN - MarketBeat",MarketBeat
"Fri, 12 Sep 2025 09:16:21 GMT","Kestra Investment Management LLC Sells 1,058 Shares of Eaton Corporation, PLC $ETN - MarketBeat",MarketBeat
"Fri, 12 Sep 2025 17:48:45 GMT","Shellback Capital LP Invests $12.96 Million in Eaton Corporation, PLC $ETN - MarketBeat",MarketBeat
"Fri, 12 Sep 2025 10:29:15 GMT","Ascent Group LLC Sells 2,528 Shares of Eaton Corporation, PLC $ETN - MarketBeat",MarketBeat
"Fri, 12 Sep 2025 12:40:56 GMT","Ransom Advisory Ltd Invests $3.39 Million in Eaton Corporation, PLC $ETN - MarketBeat",MarketBeat
"Fri, 12 Sep 2025 11:11:45 GMT","Woodline Partners LP Raises Stake in Eaton Corporation, PLC $ETN - MarketBeat",MarketBeat
"Fri, 12 Sep 2025 12:17:00 GMT","Plato Investment Management Ltd Lowers Stock Position in Eaton Corporation, PLC $ETN - MarketBeat",MarketBeat
"Fri, 12 Sep 2025 07:00:00 GMT","USS Investment Management Ltd Reduces Stock Position in Eaton Corporation, PLC $ETN - MarketBeat",MarketBeat
"Fri, 12 Sep 2025 07:00:00 GMT","Eaton Corporation, PLC $ETN Position Boosted by Temasek Holdings Private Ltd - MarketBeat",MarketBeat
"Fri, 12 Sep 2025 07:00:00 GMT","Gotham Asset Management LLC Grows Stake in Eaton Corporation, PLC $ETN - MarketBeat",MarketBeat
"Fri, 12 Sep 2025 04:07:30 GMT","Sandler Capital Management Sells 14,909 Shares of Eaton Corporation, PLC $ETN - MarketBeat",MarketBeat
"Fri, 12 Sep 2025 13:13:01 GMT",ETRACS 2xMonthly Pay Leveraged Preferred Stock Index ETN declares monthly distribution of $0.1307 - MSN,MSN
"Thu, 11 Sep 2025 10:33:37 GMT","Logan Capital Management Inc. Buys 6,660 Shares of Eaton Corporation, PLC $ETN - MarketBeat",MarketBeat
"Thu, 11 Sep 2025 12:31:35 GMT",Eaton Corp (ETN): Daiwa Capital Initiates Coverage With Outperfo - GuruFocus,GuruFocus
"Fri, 12 Sep 2025 13:31:00 GMT","Bernstein Maintains Eaton(ETN.US) With Buy Rating, Raises Target Price to $414 - 富途牛牛",富途牛牛
"Thu, 11 Sep 2025 07:00:00 GMT",ETRACS Crude Oil Shares Covered Call ETN (NASDAQ:USOI) Short Interest Update - MarketBeat,MarketBeat
"Tue, 09 Sep 2025 11:11:00 GMT",Wells Fargo Remains a Hold on Eaton (ETN) - The Globe and Mail,The Globe and Mail
"Thu, 11 Sep 2025 20:59:41 GMT",iShares Bitcoin ETN Set to Launch in London as FCA Ban Ends - Bitcoinsensus,Bitcoinsensus
"Tue, 09 Sep 2025 07:00:00 GMT",ETRACS Gold Shares Covered Call ETN (NASDAQ:GLDI) Short Interest Up 141.1% in August - MarketBeat,MarketBeat
"Tue, 09 Sep 2025 07:00:00 GMT","EFG Asset Management North America Corp. Increases Stock Position in Eaton Corporation, PLC $ETN - MarketBeat",MarketBeat
"Sun, 14 Sep 2025 04:51:47 GMT",P 500 VIX Short Term Futures ETN stock - 2025 Sector Review & Safe Entry Zone Tips - newser.com,newser.com
"Sun, 14 Sep 2025 06:54:34 GMT",How to escape a deep drawdown in DB Gold Double Short ETN - Share Buyback & AI Enhanced Market Trend Forecasts - newser.com,newser.com
"Sun, 14 Sep 2025 03:08:43 GMT",P 500 VIX Short Term Futures ETN - July 2025 Breakouts & Free Community Consensus Stock Picks - newser.com,newser.com
"Sun, 14 Sep 2025 02:22:44 GMT",Quantitative breakdown of ETRACS Monthly Pay 1.5x Leveraged Mortgage REIT ETN recent move - July 2025 Momentum & Consistent Profit Alerts - newser.com,newser.com
"Sun, 14 Sep 2025 06:51:06 GMT",Will ETRACS 2xMonthly Pay Leveraged Index ETN see short term momentum - Trade Analysis Summary & Real-Time Buy Zone Alerts - newser.com,newser.com
"Sun, 14 Sep 2025 05:25:36 GMT",P 500 VIX Short Term Futures ETN strategies - Portfolio Performance Summary & Short-Term Swing Trade Alerts - newser.com,newser.com
"Sun, 14 Sep 2025 05:52:01 GMT",Is a relief rally coming for ETRACS 2x Leveraged MSCI US Momentum Factor TR ETN holders - 2025 Support & Resistance & Risk Managed Investment Strategies - newser.com,newser.com
"Sun, 14 Sep 2025 06:19:21 GMT",Price momentum metrics for ETRACS Quarterly Pay 1.5x Leveraged Alerian MLP Index ETN explained - Market Trend Review & Consistent Profit Trading Strategies - newser.com,newser.com
"Sun, 14 Sep 2025 06:16:27 GMT",How to manage a losing position in ETRACS 2x Leveraged MSCI US Quality Factor TR ETN - newser.com,newser.com
"Sun, 14 Sep 2025 03:04:03 GMT",How to read the order book for ETRACS Quarterly Pay 1.5x Leveraged MVIS BDC Index ETN - July 2025 Update & Accurate Technical Buy Alerts - newser.com,newser.com
"Sun, 14 Sep 2025 03:47:43 GMT",Can momentum traders help lift ETRACS 2x Leveraged US Growth Factor TR ETN - July 2025 Pullbacks & Capital Protection Trading Alerts - newser.com,newser.com
"Sat, 13 Sep 2025 21:35:44 GMT",What to expect from iPath Series B Carbon ETN in the next 30 days - Market Rally & Long-Term Safe Investment Ideas - newser.com,newser.com
"Sun, 14 Sep 2025 03:04:23 GMT",P 500 VIX Short Term Futures ETN’s future - July 2025 Weekly Recap & Community Supported Trade Ideas - newser.com,newser.com
"Sat, 13 Sep 2025 23:06:59 GMT",P 500 VIX Short Term Futures ETN - Bond Market & Community Verified Watchlist Alerts - newser.com,newser.com
"Sat, 13 Sep 2025 22:41:50 GMT",Earnings visualization tools for ETRACS Monthly Pay 1.5x Leveraged Mortgage REIT ETN - July 2025 Retail & Accurate Trade Setup Notifications - newser.com,newser.com
"Sat, 13 Sep 2025 22:08:42 GMT",Combining machine learning predictions for ETRACS 2x Leveraged US Value Factor TR ETN - 2025 Analyst Calls & Low Risk High Reward Ideas - newser.com,newser.com
"Sat, 13 Sep 2025 20:24:41 GMT",Can momentum traders help lift DB Gold Double Long ETN - 2025 Institutional Moves & Accurate Entry/Exit Alerts - newser.com,newser.com
"Sat, 13 Sep 2025 20:18:23 GMT",Can swing trading help recover from ETRACS 2x Leveraged US Growth Factor TR ETN losses - Dollar Strength & AI Powered Market Entry Ideas - newser.com,newser.com
"Sun, 14 Sep 2025 04:55:15 GMT",Is iPath Series B Carbon ETN stock poised for growth - 2025 Support & Resistance & Technical Confirmation Trade Alerts - newser.com,newser.com
"Sun, 14 Sep 2025 05:02:43 GMT",etracs 2xmonthly pay leveraged index etn stock outlook for year - Quarterly Trade Summary & Long-Term Capital Growth Strategies - newser.com,newser.com
"Sun, 14 Sep 2025 06:08:34 GMT",Using R and stats models for DB Gold Double Long ETN forecasting - Portfolio Risk Report & Safe Entry Trade Signal Reports - newser.com,newser.com
"Sat, 13 Sep 2025 19:58:17 GMT",P 500 VIX Short Term Futures ETN with trendline analysis - 2025 Support & Resistance & Capital Protection Trading Alerts - newser.com,newser.com
"Sat, 13 Sep 2025 10:19:18 GMT",What indicators show strength in DB Gold Double Short ETN - Breakout Watch & Advanced Swing Trade Entry Plans - newser.com,newser.com
"Sun, 14 Sep 2025 05:32:42 GMT",P 500 VIX Short Term Futures ETN a candidate for recovery play - Weekly Trade Summary & Daily Chart Pattern Signals - newser.com,newser.com
"Sat, 13 Sep 2025 20:43:39 GMT",What technical models suggest about ETRACS 2xMonthly Pay Leveraged Index ETN’s comeback - IPO Watch & Daily Profit Maximizing Tips - newser.com,newser.com
"Sat, 13 Sep 2025 10:44:57 GMT",P 500 VIX Short Term Futures ETN a candidate for recovery play - Trade Ideas & Daily Oversold Bounce Ideas - newser.com,newser.com
"Sun, 14 Sep 2025 05:37:51 GMT",Is it too late to sell ETRACS 2x Leveraged US Growth Factor TR ETN - Quarterly Profit Report & Stepwise Entry/Exit Trade Alerts - newser.com,newser.com
"Sat, 13 Sep 2025 22:30:04 GMT",P 500 VIX Short Term Futures ETN strategies - Earnings Recap Summary & Low Volatility Stock Recommendations - newser.com,newser.com
"Sun, 14 Sep 2025 02:57:55 GMT",DB Gold Double Long ETN’s volatility index tracking explained - Fed Meeting & AI Powered Buy and Sell Recommendations - newser.com,newser.com
"Sat, 13 Sep 2025 22:46:55 GMT",P 500 VIX Short Term Futures ETN’s quarterly data - CEO Change & Low Risk High Win Rate Stock Picks - newser.com,newser.com
"Sat, 13 Sep 2025 22:14:00 GMT",Will ETRACS Quarterly Pay 1.5x Leveraged MVIS BDC Index ETN stock go up soon - newser.com,newser.com
"Sat, 13 Sep 2025 20:28:04 GMT",DB Gold Short ETN stock prediction for this week - Market Performance Report & Capital Protection Trading Alerts - newser.com,newser.com
"Sat, 13 Sep 2025 21:52:41 GMT",Volatility clustering patterns for ETRACS Quarterly Pay 1.5x Leveraged MVIS BDC Index ETN - Insider Buying & Free Verified High Yield Trade Plans - newser.com,newser.com
"Sat, 13 Sep 2025 10:30:24 GMT",Real time breakdown of DB Gold Short ETN stock performance - Gap Up & Low Risk High Win Rate Stock Picks - newser.com,newser.com
"Sat, 13 Sep 2025 16:00:56 GMT",Measuring ETRACS 2xMonthly Pay Leveraged Index ETN’s beta against major indices - 2025 Price Targets & Community Consensus Picks - newser.com,newser.com
"Sat, 13 Sep 2025 06:03:42 GMT",ETRACS 2x Leveraged US Size Factor TR ETN (NYSEARCA:IWML) Stock Price Down 1.7% – Here’s What Happened - Defense World,Defense World
"Sat, 13 Sep 2025 05:28:24 GMT",Eaton (NYSE:ETN) Stock Rating Lowered by Wall Street Zen - Defense World,Defense World
"Sat, 13 Sep 2025 06:02:00 GMT",ETRACS 2x Leveraged MSCI US Momentum Factor TR ETN (NYSEARCA:MTUL) Trading Down 0.4% – Time to Sell? - Defense World,Defense World
"Sat, 13 Sep 2025 06:18:46 GMT",MicroSectors Travel 3x Leveraged ETN (NYSEARCA:FLYU) Shares Down 2.6% – Here’s Why - Defense World,Defense World
"Sat, 13 Sep 2025 06:04:07 GMT",ETRACS 2x Leveraged US Growth Factor TR ETN (NYSEARCA:IWFL) Trading Up 0.7% – Time to Buy? - Defense World,Defense World
"Sat, 13 Sep 2025 07:29:30 GMT",Eaton (NYSE:ETN) Raised to “Strong-Buy” at Daiwa America - Defense World,Defense World
2025-09-13T00:45:03,Eaton (ETN) Rises As Market Takes a Dip: Key Facts,Yahoo
2025-09-12T18:40:02,POWL vs. ETN: Which Stock Is the Better Value Option?,Yahoo
2025-09-11T21:53:39,Eaton Corporation Plc (ETN) Presents At Morgan Stanley's 13th Annual Laguna Conference (Transcript),SeekingAlpha
