Date,Title,Source
"Sun, 31 Aug 2025 20:06:20 GMT",Visual trend scoring systems applied to ORLY - 2025 Technical Patterns & Risk Controlled Daily Trade Plans - Newser,Newser
"Mon, 01 Sep 2025 04:02:32 GMT","Epoch Investment Partners Inc. Cuts Stake in O'Reilly Automotive, Inc. $ORLY - MarketBeat",MarketBeat
"Thu, 28 Aug 2025 14:53:00 GMT",Two Los Angeles Dynamos Team Up: ORLY Nails & L.A. Sparks - American Salon,American Salon
"Sun, 31 Aug 2025 23:45:50 GMT",Technical analysis overview for ORLY stock - July 2025 Earnings & Reliable Volume Spike Alerts - Newser,Newser
"Mon, 01 Sep 2025 04:02:32 GMT","FORA Capital LLC Decreases Stock Position in O'Reilly Automotive, Inc. $ORLY - MarketBeat",MarketBeat
"Mon, 01 Sep 2025 02:33:39 GMT",Will ORLY stock go up soon - Global Markets & Entry Point Confirmation Signals - Newser,Newser
"Mon, 01 Sep 2025 04:00:48 GMT","Gabelli Funds LLC Sells 4,685 Shares of O'Reilly Automotive, Inc. $ORLY - MarketBeat",MarketBeat
"Sun, 31 Aug 2025 22:28:20 GMT",Will ORLY stock recover after recent drop - Market Volume Report & AI Optimized Trading Strategy Guides - Newser,Newser
"Mon, 01 Sep 2025 06:21:41 GMT","Eisler Capital Management Ltd. Raises Stock Position in O'Reilly Automotive, Inc. $ORLY - MarketBeat",MarketBeat
"Mon, 01 Sep 2025 03:36:18 GMT",Signal strength of ORLY stock in tech scanners - 2025 Price Targets & Low Drawdown Investment Strategies - Newser,Newser
"Sun, 31 Aug 2025 13:14:05 GMT",Key metrics from ORLY’s quarterly data - 2025 EndofYear Setup & Fast Momentum Entry Tips - Newser,Newser
"Sat, 30 Aug 2025 18:27:22 GMT",Volatility clustering patterns for ORLY - 2025 Performance Recap & Community Trade Idea Sharing - Newser,Newser
"Sun, 31 Aug 2025 04:45:26 GMT",Will ORLY stock recover after recent drop - Trade Volume Summary & Entry Point Confirmation Signals - Newser,Newser
"Sun, 31 Aug 2025 03:09:49 GMT",Historical volatility pattern of ORLY visualized - 2025 Market Sentiment & Fast Moving Stock Trade Plans - Newser,Newser
"Sun, 31 Aug 2025 05:52:13 GMT",Using flow based indicators on ORLY - Weekly Market Outlook & Weekly High Return Stock Forecasts - Newser,Newser
"Sun, 31 Aug 2025 03:20:01 GMT",Volatility clustering patterns for ORLY - Earnings Overview Summary & AI Enhanced Trade Execution Alerts - Newser,Newser
"Sun, 31 Aug 2025 23:23:09 GMT",Can ORLY recover in the next quarter - July 2025 Decliners & Precise Entry and Exit Recommendations - Newser,Newser
"Sun, 31 Aug 2025 04:44:48 GMT",How to integrate ORLY into portfolio analysis tools - Buy Signal & Free Weekly Chart Analysis and Trade Guides - Newser,Newser
"Mon, 01 Sep 2025 00:09:28 GMT",Technical analysis overview for ORLY stock - Exit Point & Low Drawdown Trading Strategies - Newser,Newser
"Sat, 30 Aug 2025 11:43:24 GMT",Can ORLY recover in the next quarter - Long Setup & Weekly Watchlist of Top Performers - Newser,Newser
"Fri, 29 Aug 2025 12:02:06 GMT",Reversal indicators forming on ORLY stock - 2025 Institutional Moves & Fast Momentum Stock Entry Tips - Newser,Newser
"Sun, 31 Aug 2025 20:45:45 GMT",Historical volatility pattern of ORLY visualized - Portfolio Gains Report & Fast Gain Stock Trading Tips - Newser,Newser
"Sun, 31 Aug 2025 04:36:11 GMT",Statistical indicators supporting ORLY’s strength - July 2025 Volume & Low Drawdown Investment Ideas - Newser,Newser
"Sun, 31 Aug 2025 02:39:57 GMT",How to integrate ORLY into portfolio analysis tools - Market Movement Recap & High Conviction Buy Zone Alerts - Newser,Newser
"Sun, 31 Aug 2025 10:59:09 GMT","O'Reilly Automotive, Inc. $ORLY Shares Sold by Parnassus Investments LLC - MarketBeat",MarketBeat
"Sun, 31 Aug 2025 00:58:45 GMT",Will ORLY stock go up soon - July 2025 Outlook & Daily Chart Pattern Signals - Newser,Newser
"Sun, 31 Aug 2025 01:10:43 GMT",Using flow based indicators on ORLY - Portfolio Update Report & Verified Technical Trade Signals - Newser,Newser
"Sun, 31 Aug 2025 06:35:44 GMT",ORLY stock chart pattern explained - Earnings Growth Report & Long-Term Growth Portfolio Plans - Newser,Newser
"Sun, 31 Aug 2025 09:13:10 GMT","O'Reilly Automotive, Inc. $ORLY Stock Holdings Trimmed by Caisse DE Depot ET Placement DU Quebec - MarketBeat",MarketBeat
"Fri, 29 Aug 2025 23:03:11 GMT",ORLY Slides as Technical Bearishness Clashes with Analyst Optimism Amid 320th-Ranked $310M Volume - AInvest,AInvest
"Sun, 31 Aug 2025 12:38:47 GMT",Market reaction to ORLY’s recent news - July 2025 Technicals & Free Long-Term Investment Growth Plans - Newser,Newser
"Thu, 28 Aug 2025 10:34:17 GMT",O'Reilly Automotive (ORLY): Digging Into Valuation After Guidance and Share Repurchase Momentum - simplywall.st,simplywall.st
"Fri, 29 Aug 2025 17:29:44 GMT",Will ORLY stock go up soon - Quarterly Risk Review & Expert Verified Movement Alerts - Newser,Newser
"Fri, 29 Aug 2025 23:22:34 GMT",Signal strength of ORLY stock in tech scanners - Portfolio Risk Summary & Risk Adjusted Swing Trade Ideas - Newser,Newser
"Sat, 30 Aug 2025 15:21:40 GMT",How ORLY stock performs during market volatility - 2025 Bull vs Bear & Consistent Income Trade Recommendations - Newser,Newser
"Sat, 30 Aug 2025 10:16:09 GMT","O'Reilly Automotive, Inc. $ORLY Shares Purchased by Ieq Capital LLC - MarketBeat",MarketBeat
"Sun, 31 Aug 2025 05:42:37 GMT",Risk vs reward if holding onto ORLY - Layoff News & Real-Time Volume Surge Alerts - Newser,Newser
"Sat, 30 Aug 2025 23:05:00 GMT",Will ORLY stock recover after recent drop - Gap Down & Risk Adjusted Buy and Sell Alerts - Newser,Newser
"Fri, 29 Aug 2025 18:58:30 GMT",Price momentum metrics for ORLY explained - Market Volume Summary & Fast Moving Trade Plans - Newser,Newser
"Fri, 29 Aug 2025 18:58:06 GMT",Will ORLY stock recover after recent drop - Weekly Stock Summary & Daily Technical Stock Forecast Reports - Newser,Newser
"Fri, 29 Aug 2025 18:36:59 GMT",Will ORLY outperform the market - Earnings Growth Report & Free Community Consensus Stock Picks - Newser,Newser
"Sat, 30 Aug 2025 21:17:15 GMT",How to integrate ORLY into portfolio analysis tools - 2025 Market Outlook & Fast Exit and Entry Strategy Plans - Newser,Newser
"Thu, 28 Aug 2025 06:44:26 GMT",Visual trend scoring systems applied to ORLY - Weekly Market Summary & Free Safe Entry Trade Signal Reports - Newser,Newser
"Sat, 30 Aug 2025 02:05:10 GMT",Live market analysis of ORLY - Gold Moves & AI Enhanced Trading Alerts - Newser,Newser
"Wed, 27 Aug 2025 22:19:31 GMT",Visual trend scoring systems applied to ORLY - 2025 Buyback Activity & Free Safe Capital Growth Stock Tips - Newser,Newser
"Thu, 28 Aug 2025 11:30:00 GMT","Fall 2025 Historical Horizons Lecture Series features talks on America's forgotten father, Orly the ox - The Batavian",The Batavian
"Thu, 28 Aug 2025 07:00:00 GMT","Ameriprise Financial Inc. Sells 77,219 Shares of O'Reilly Automotive, Inc. $ORLY - MarketBeat",MarketBeat
"Fri, 29 Aug 2025 18:45:49 GMT",Volatility clustering patterns for ORLY - Trade Analysis Report & Daily Oversold Bounce Ideas - Newser,Newser
"Fri, 29 Aug 2025 14:56:38 GMT",Key metrics from ORLY’s quarterly data - Earnings Growth Summary & Safe Capital Growth Plans - Newser,Newser
"Wed, 27 Aug 2025 14:57:00 GMT","JEPQ, ADI, MELI, ORLY: Large Inflows Detected at ETF - Nasdaq",Nasdaq
"Wed, 27 Aug 2025 07:00:00 GMT","O'Reilly Automotive, Inc. $ORLY Shares Sold by Fiduciary Management Inc. WI - MarketBeat",MarketBeat
"Fri, 29 Aug 2025 06:53:59 GMT",What the charts say about ORLY today - July 2025 Outlook & Free Safe Capital Growth Stock Tips - Newser,Newser
"Wed, 27 Aug 2025 07:00:00 GMT","O'Reilly Automotive, Inc. $ORLY Stake Increased by 1832 Asset Management L.P. - MarketBeat",MarketBeat
"Sat, 30 Aug 2025 22:40:27 GMT",ORLY Shows Support at Fibonacci Level getLinesFromResByArray error: size == 0 - newsyoung.net,newsyoung.net
"Thu, 28 Aug 2025 09:58:49 GMT",What is the next catalyst for ORLY - Sell Signal & AI Enhanced Trading Alerts - sundaytimes.kr,sundaytimes.kr
"Sat, 30 Aug 2025 09:30:30 GMT",Recovery Signals Appearing in ORLY Charts getLinesFromResByArray error: size == 0 - sisain.net,sisain.net
2025-08-28T12:08:37,Could O'Reilly Automotive's (ORLY) Aggressive Buybacks Signal Enduring Confidence or Missed Investment Alternatives?,Yahoo
