Date,Title,Source
"Fri, 17 Oct 2025 05:06:05 GMT",Is ETN stock ideal for retirement investors - July 2025 Review & Weekly Watchlist for Consistent Profits - newser.com,newser.com
"Wed, 15 Oct 2025 15:40:04 GMT",POWL vs. ETN: Which Stock Is the Better Value Option? - Yahoo Finance,Yahoo Finance
"Fri, 17 Oct 2025 04:45:51 GMT",P 500 VIX Short Term Futures ETN price bounce be sustainable - July 2025 Summary & Technical Pattern Based Buy Signals - newser.com,newser.com
"Fri, 17 Oct 2025 05:30:39 GMT",Will ETRACS 2x Leveraged MSCI US Quality Factor TR ETN stock continue upward momentum - Market Performance Recap & Risk Controlled Stock Alerts - newser.com,newser.com
"Fri, 17 Oct 2025 04:24:55 GMT",Leading vs lagging indicators on DB Gold Double Long ETN performance - Short Setup & Capital Efficient Trade Techniques - newser.com,newser.com
"Fri, 17 Oct 2025 04:40:57 GMT",P 500 VIX Short Term Futures ETN stock remains on watchlists - 2025 Market Overview & Reliable Volume Spike Alerts - newser.com,newser.com
"Fri, 17 Oct 2025 05:59:18 GMT",Will ETRACS Quarterly Pay 1.5x Leveraged MVIS BDC Index ETN bounce back from current support - July 2025 Spike Watch & Weekly Chart Analysis and Trade Guides - newser.com,newser.com
"Fri, 17 Oct 2025 03:54:04 GMT",Relative strength of iPath Select MLP ETN in sector analysis - Quarterly Investment Review & Low Risk Investment Opportunities - newser.com,newser.com
"Fri, 17 Oct 2025 05:26:21 GMT",Will DB Gold Double Short ETN rebound enough to break even - Earnings Growth Report & High Accuracy Swing Trade Signals - newser.com,newser.com
"Thu, 16 Oct 2025 22:52:54 GMT",Will ETRACS 2x Leveraged US Value Factor TR ETN stock maintain momentum in 2025 - Dollar Strength & Weekly Top Performers Watchlists - newser.com,newser.com
"Fri, 17 Oct 2025 05:22:39 GMT",Is ETRACS Quarterly Pay 1.5x Leveraged MVIS BDC Index ETN stock ready for a breakout - July 2025 Update & Safe Entry Point Alerts - newser.com,newser.com
"Fri, 17 Oct 2025 03:43:41 GMT",Will ETRACS 2x Leveraged US Growth Factor TR ETN stock return to pre crisis levels - Market Movers & Safe Entry Point Alerts - newser.com,newser.com
"Thu, 16 Oct 2025 20:08:05 GMT",Signal strength of DB Gold Short ETN stock in tech scanners - Risk Management & Weekly Setup with High ROI Potential - newser.com,newser.com
"Thu, 16 Oct 2025 19:54:04 GMT",Is iPath Select MLP ETN forming a reversal pattern - Entry Point & Daily Technical Forecast Reports - newser.com,newser.com
"Fri, 17 Oct 2025 03:53:36 GMT",Can ETRACS Quarterly Pay 1.5x Leveraged MVIS BDC Index ETN stock deliver strong Q4 earnings - July 2025 Pullbacks & Verified Momentum Stock Watchlist - newser.com,newser.com
"Fri, 17 Oct 2025 05:06:01 GMT",Is ETRACS Quarterly Pay 1.5x Leveraged MVIS BDC Index ETN stock ready for a breakout - newser.com,newser.com
"Thu, 16 Oct 2025 16:49:55 GMT",Real time social sentiment graph for ETRACS 2xMonthly Pay Leveraged Index ETN - Portfolio Gains Report & Fast Entry Momentum Trade Alerts - newser.com,newser.com
"Thu, 16 Oct 2025 17:26:04 GMT",Will ETRACS 2x Leveraged US Value Factor TR ETN stock gain from strong economy - Watch List & Target Return Focused Picks - newser.com,newser.com
"Thu, 16 Oct 2025 17:04:01 GMT",P 500 VIX Short Term Futures ETN - Weekly Gains Report & Smart Money Movement Tracker - newser.com,newser.com
"Thu, 16 Oct 2025 17:39:19 GMT",Will iPath Series B Carbon ETN stock continue dividend increases - July 2025 Technicals & Entry Point Strategy Guides - newser.com,newser.com
"Thu, 16 Oct 2025 16:50:04 GMT",Applying chart zones and confluence areas to DB Gold Double Short ETN - July 2025 Sector Moves & Fast Entry and Exit Trade Plans - newser.com,newser.com
"Wed, 15 Oct 2025 14:46:00 GMT",$ETN stock is up 3% today. Here's what we see in our data. - Quiver Quantitative,Quiver Quantitative
"Thu, 16 Oct 2025 08:30:18 GMT",P 500 VIX Short Term Futures ETN stock is a value investor pick - Portfolio Value Report & Weekly Momentum Picks - newser.com,newser.com
"Thu, 16 Oct 2025 05:17:45 GMT",What momentum shifts mean for iPath Series B Carbon ETN - July 2025 Gainers & Long-Term Safe Investment Ideas - newser.com,newser.com
"Wed, 15 Oct 2025 15:58:10 GMT",P 500 VIX Short Term Futures ETN price bounce be sustainable - Weekly Stock Recap & High Accuracy Trade Alerts - newser.com,newser.com
"Wed, 15 Oct 2025 16:58:43 GMT",P 500 VIX Short Term Futures ETN stock is a value investor pick - Quarterly Risk Review & Weekly Return Optimization Alerts - newser.com,newser.com
"Wed, 15 Oct 2025 05:56:01 GMT",P 500 VIX Short Term Futures ETN - July 2025 Opening Moves & Short-Term High Return Ideas - newser.com,newser.com
"Thu, 16 Oct 2025 11:38:44 GMT",Eaton (ETN) Utilizes Snowflake and Palantir Partnership for AI-D - GuruFocus,GuruFocus
"Thu, 16 Oct 2025 03:35:57 GMT","FCA Crypto ETN Ban Reversal a ‘Milestone Moment’ for UK, Says Zebu Live CEO - Bitcoin.com News",Bitcoin.com News
"Tue, 14 Oct 2025 21:14:35 GMT",Eaton (ETN): Evaluating Valuation After Debut of 800 VDC AI Data Center Architecture - Yahoo Finance,Yahoo Finance
"Wed, 15 Oct 2025 16:25:46 GMT",P 500 VIX Short Term Futures ETN stock remains on watchlists - Market Growth Review & Pattern Based Trade Signal System - newser.com,newser.com
"Thu, 16 Oct 2025 11:39:41 GMT","AMJB SEC Filings - Alerian MLP Index ETN 10-K, 10-Q, 8-K Forms - Stock Titan",Stock Titan
"Tue, 14 Oct 2025 14:20:00 GMT",New Analyst Forecast: $ETN Given $420.0 Price Target - Quiver Quantitative,Quiver Quantitative
"Wed, 15 Oct 2025 15:39:52 GMT",P 500 VIX Short Term Futures ETN visualized - 2025 Key Highlights & High Return Stock Watch Alerts - newser.com,newser.com
"Tue, 14 Oct 2025 13:00:03 GMT","Eaton Corporation, PLC (ETN) Is a Trending Stock: Facts to Know Before Betting on It - Yahoo Finance",Yahoo Finance
"Thu, 16 Oct 2025 05:54:59 GMT",P 500 VIX Short Term Futures ETN stock is a value investor pick - Weekly Market Summary & Comprehensive Market Scan Insights - newser.com,newser.com
"Wed, 15 Oct 2025 15:42:40 GMT",P 500 VIX Short Term Futures ETN’s volatility index tracking explained - 2025 Key Lessons & Breakout Confirmation Alerts - newser.com,newser.com
"Wed, 15 Oct 2025 16:25:19 GMT",P 500 VIX Short Term Futures ETN visualized - 2025 Major Catalysts & Safe Capital Growth Plans - newser.com,newser.com
"Wed, 15 Oct 2025 14:07:54 GMT",Eaton Corp (ETN) Sees Raised Price Target by JP Morgan | ETN Sto - GuruFocus,GuruFocus
"Wed, 15 Oct 2025 15:40:04 GMT",POWL vs. ETN: Which Stock Is the Better Value Option? - sharewise.com,sharewise.com
"Mon, 13 Oct 2025 02:29:09 GMT",Eaton (ETN): Is the Stock’s Valuation Supported by Recent Factory Expansion and Lighthouse Recognition? - simplywall.st,simplywall.st
"Tue, 14 Oct 2025 05:54:50 GMT",ETRACS Crude Oil Shares Covered Call ETN (NASDAQ:USOI) Trading Up 0.9% - Here's Why - MarketBeat,MarketBeat
"Thu, 16 Oct 2025 03:35:08 GMT",Why Eaton (ETN) Outpaced the Stock Market Today - sharewise.com,sharewise.com
"Tue, 14 Oct 2025 14:44:04 GMT","ETN: Keybanc Raises Target Price to $420, Maintains Overweight R - GuruFocus",GuruFocus
"Tue, 14 Oct 2025 06:12:41 GMT","Amundi Eyes Bitcoin ETN Launch, Signaling Major Shift in European Institutional Adoption - Crypto News Australia",Crypto News Australia
"Wed, 15 Oct 2025 10:31:00 GMT","J.P. Morgan Maintains Eaton(ETN.US) With Buy Rating, Raises Target Price to $429 - 富途牛牛",富途牛牛
"Mon, 13 Oct 2025 22:06:53 GMT",Breaking Down The FCA’s Lift on the Crypto ETN Retail Ban in UK - Tekedia,Tekedia
"Thu, 16 Oct 2025 04:31:44 GMT",iPath Series B S P 500 VIX Short Term Futures ETN Stock Analysis and Forecast - Federal Reserve Announcements & Collaborate and Win Together - earlytimes.in,earlytimes.in
"Mon, 13 Oct 2025 22:21:27 GMT",eTN - eTurboNews,eTurboNews
"Thu, 16 Oct 2025 06:15:03 GMT",MicroSectors Gold Miners -3x Inverse Leveraged ETN (NYSEARCA:GDXD) Trading Down 12% – Should You Sell? - Defense World,Defense World
"Thu, 16 Oct 2025 06:44:23 GMT",Eaton (NYSE:ETN) & Pioneer Power Solutions (NASDAQ:PPSI) Financial Survey - Defense World,Defense World
"Thu, 16 Oct 2025 05:55:00 GMT",Barclays ETN+ FI Enhanced Europe 50 ETN Series C (NYSEARCA:FFEU) Stock Price Up 0.5% – Here’s Why - Defense World,Defense World
"Mon, 13 Oct 2025 15:01:19 GMT",Gregory Raymond: Amundi to initiate Bitcoin ETN amid market shifts - Traders Union,Traders Union
"Tue, 14 Oct 2025 05:53:21 GMT",ETRACS Gold Shares Covered Call ETN (NASDAQ:GLDI) Shares Up 1.3% – Should You Buy? - Defense World,Defense World
"Tue, 14 Oct 2025 14:38:06 GMT","Crypto ETN ban lifts, but investors will have to wait a week to add them to their portfolio - MSN",MSN
"Tue, 14 Oct 2025 05:23:25 GMT","MicroSectors Gold Miners -3x Inverse Leveraged ETN (NYSEARCA:GDXD) Shares Set to Reverse Split on Wednesday, October 22nd - Defense World",Defense World
"Tue, 14 Oct 2025 18:04:55 GMT","Crypto ETN ban lifts, but investors will have to wait a week to add them to their portfolio - MSN",MSN
"Sun, 12 Oct 2025 20:59:35 GMT",The Great Crypto ETN Waiting Game: Unbanned but Unavailable - investomania.co.uk,investomania.co.uk
2025-10-16T02:08:01,JP Morgan Maintains Eaton (ETN) Overweight Recommendation,Fintel
2025-10-15T23:45:03,Why Eaton (ETN) Outpaced the Stock Market Today,Yahoo
2025-10-15T17:40:04,POWL vs. ETN: Which Stock Is the Better Value Option?,Yahoo
2025-10-15T02:07:31,Keybanc Maintains Eaton (ETN) Overweight Recommendation,Fintel
2025-10-14T23:14:35,Eaton (ETN): Evaluating Valuation After Debut of 800 VDC AI Data Center Architecture,Yahoo
2025-10-14T15:00:03,"Eaton Corporation, PLC (ETN) Is a Trending Stock: Facts to Know Before Betting on It",Yahoo
