Date,Title,Source
2025-08-30T09:58:47Z,Quantbot Technologies LP Acquires 136 Shares of argenex SE $ARGX,ETF Daily News
2025-08-30T09:04:55Z,"Northern Trust Corp Sells 1,702 Shares of argenex SE $ARGX",ETF Daily News
2025-08-30T08:34:43Z,"Northern Trust Corp Sells 1,702 Shares of argenex SE $ARGX",ETF Daily News
2025-08-29T01:23:41Z,argx 0.3.3,Pypi.org
2025-08-28T05:22:48Z,Wedbush Estimates argenex’s Q3 Earnings (NASDAQ:ARGX),ETF Daily News
2025-08-28T05:00:00Z,argenx to Present at Upcoming Investor Conferences,GlobeNewswire
2025-08-27T23:52:02Z,Here's How Much $100 Invested In argenx 5 Years Ago Would Be Worth Today,Biztoc.com
2025-08-27T07:50:47Z,argenex (NASDAQ:ARGX) versus MaxCyte (NASDAQ:MXCT) Head to Head Analysis,ETF Daily News
2025-08-27T06:06:44Z,argenex (NASDAQ:ARGX) Price Target Raised to $820.00,ETF Daily News
2025-08-27T05:08:54Z,argenex (NASDAQ:ARGX) Earns “Outperform” Rating from Wedbush,ETF Daily News
2025-08-26T06:10:54Z,argenex (NASDAQ:ARGX) Now Covered by Analysts at Royal Bank Of Canada,ETF Daily News
"Sat, 30 Aug 2025 22:51:30 GMT",Volatility clustering patterns for ARGX - Trade Exit Report & Verified Swing Trading Watchlists - Newser,Newser
"Sun, 31 Aug 2025 06:47:51 GMT",argenex (NASDAQ:ARGX) Now Covered by Analysts at Royal Bank Of Canada - MarketBeat,MarketBeat
"Sat, 30 Aug 2025 22:23:22 GMT",Can trapped investors hope for a rebound in ARGX - July 2025 Retail & Weekly High Return Stock Opportunities - Newser,Newser
"Sun, 31 Aug 2025 05:23:30 GMT",Key metrics from ARGX’s quarterly data - July 2025 Outlook & Fast Exit/Entry Strategy Plans - Newser,Newser
"Sun, 31 Aug 2025 03:45:47 GMT",How to recover losses in ARGX stock - July 2025 Catalysts & Reliable Entry Point Trade Alerts - Newser,Newser
"Sun, 31 Aug 2025 00:02:47 GMT",Why ARGX is moving today - 2025 Retail Activity & AI Driven Price Forecasts - Newser,Newser
"Sun, 31 Aug 2025 04:52:41 GMT",Can trapped investors hope for a rebound in ARGX - Watch List & Weekly Momentum Picks - Newser,Newser
"Sun, 31 Aug 2025 04:28:21 GMT",Can ARGX recover in the next quarter - Weekly Stock Analysis & Free Safe Capital Growth Stock Tips - Newser,Newser
"Sat, 30 Aug 2025 05:41:50 GMT",Can momentum traders help lift ARGX - 2025 Trading Volume Trends & Real-Time Volume Spike Alerts - Newser,Newser
"Sun, 31 Aug 2025 01:30:46 GMT",Why ARGX is moving today - Weekly Earnings Recap & Real-Time Chart Breakout Alerts - Newser,Newser
"Sat, 30 Aug 2025 18:16:42 GMT",Key metrics from ARGX’s quarterly data - Price Action & Reliable Entry Point Trade Alerts - Newser,Newser
"Fri, 29 Aug 2025 17:21:24 GMT",Trend analysis for ARGX this week - 2025 Geopolitical Influence & Capital Protection Trading Alerts - Newser,Newser
"Fri, 29 Aug 2025 11:55:32 GMT",Evaluating ARGX with trendline analysis - 2025 Price Action Summary & Free Technical Pattern Based Buy Signals - Newser,Newser
"Sat, 30 Aug 2025 00:24:50 GMT",Measuring ARGX’s beta against major indices - July 2025 Intraday Action & Daily Entry Point Alerts - Newser,Newser
"Fri, 29 Aug 2025 04:06:54 GMT",Can trapped investors hope for a rebound in ARGX - Portfolio Risk Report & Smart Swing Trading Alerts - Newser,Newser
"Sat, 30 Aug 2025 23:10:05 GMT",Custom strategy builders for tracking ARGX - July 2025 PostEarnings & Weekly Hot Stock Watchlists - Newser,Newser
"Sat, 30 Aug 2025 19:44:18 GMT",Price action breakdown for ARGX - Global Markets & Smart Money Movement Tracker - Newser,Newser
"Fri, 29 Aug 2025 15:15:52 GMT",How to recover losses in ARGX stock - Layoff News & Community Verified Watchlist Alerts - Newser,Newser
"Fri, 29 Aug 2025 17:22:56 GMT",Forecasting ARGX price range with options data - July 2025 Big Picture & Safe Entry Momentum Stock Tips - Newser,Newser
"Fri, 29 Aug 2025 19:13:13 GMT",Why ARGX is moving today - Market Trend Review & Smart Allocation Stock Reports - Newser,Newser
"Fri, 29 Aug 2025 21:55:03 GMT",Can momentum traders help lift ARGX - July 2025 Sentiment & Smart Money Movement Alerts - Newser,Newser
"Fri, 29 Aug 2025 20:31:23 GMT",Tick level data insight on ARGX volatility - 2025 Support & Resistance & Momentum Based Trading Signals - Newser,Newser
"Tue, 26 Aug 2025 14:20:00 GMT",New Analyst Forecast: $ARGX Given $820.0 Price Target - Quiver Quantitative,Quiver Quantitative
"Thu, 28 Aug 2025 20:41:03 GMT",Real time breakdown of ARGX stock performance - 2025 Big Picture & Safe Capital Growth Trade Ideas - Newser,Newser
"Sat, 30 Aug 2025 02:56:38 GMT",Using Python tools to backtest ARGX strategies - Index Update & Consistent Growth Equity Picks - Newser,Newser
"Tue, 26 Aug 2025 17:35:39 GMT",Why Is Argenx Stock Soaring Tuesday? - argenx (NASDAQ:ARGX) - Benzinga,Benzinga
"Fri, 29 Aug 2025 13:50:44 GMT",Evaluating ARGX with trendline analysis - Earnings Growth Summary & Free Community Supported Trade Ideas - Newser,Newser
"Fri, 29 Aug 2025 00:58:07 GMT",Why ARGX is moving today - Gap Up & Weekly Chart Analysis and Trade Guides - Newser,Newser
"Fri, 29 Aug 2025 17:43:17 GMT",Volatility clustering patterns for ARGX - 2025 Volume Leaders & Daily Price Action Insights - Newser,Newser
"Fri, 29 Aug 2025 03:52:34 GMT",Trend analysis for ARGX this week - Insider Buying & Free Verified High Yield Trade Plans - Newser,Newser
"Fri, 29 Aug 2025 19:03:50 GMT",Can ARGX recover in the next quarter - Layoff News & Free Weekly Chart Analysis and Trade Guides - Newser,Newser
"Thu, 28 Aug 2025 00:51:22 GMT",Using AI based signals to follow ARGX - July 2025 Intraday Action & AI Enhanced Market Trend Forecasts - Newser,Newser
"Fri, 29 Aug 2025 17:35:54 GMT",Building trade automation scripts for ARGX - 2025 Major Catalysts & Fast Exit and Entry Strategy Plans - Newser,Newser
"Thu, 28 Aug 2025 04:24:23 GMT",Volume Surge May Signal Institutional Interest in ARGX getLinesFromResByArray error: size == 0 - thegnnews.com,thegnnews.com
"Wed, 27 Aug 2025 18:12:34 GMT",Does ARGX qualify in momentum factor screening - Market Growth Summary & Verified Entry Point Detection - Newser,Newser
"Thu, 28 Aug 2025 02:29:15 GMT",Real time breakdown of ARGX stock performance - Quarterly Performance Summary & Community Verified Watchlist Alerts - Newser,Newser
"Wed, 27 Aug 2025 20:10:49 GMT",Price action breakdown for ARGX - Quarterly Trade Review & Risk Controlled Daily Plans - Newser,Newser
"Sat, 30 Aug 2025 05:46:52 GMT",Is now a turning point for ARGX - Earnings Risk Report & Fast Gain Swing Alerts - Newser,Newser
"Sat, 30 Aug 2025 19:33:14 GMT",Does ARGX have pricing power getLinesFromResByArray error: size == 0 - sisain.net,sisain.net
"Wed, 27 Aug 2025 06:06:51 GMT",argenex (NASDAQ:ARGX) Price Target Raised to $820.00 at Piper Sandler - Defense World,Defense World
