Date,Title,Source
"Sun, 07 Dec 2025 23:52:17 GMT",Here we snow again: Another round of snow expected for much of Virginia on Monday - Cardinal News,Cardinal News
"Mon, 08 Dec 2025 01:58:00 GMT",How much snow did we get Saturday? Iowa snowfall totals near 10 inches - The Des Moines Register,The Des Moines Register
"Mon, 08 Dec 2025 01:34:00 GMT",First Alert Weather Day: Snow could impact traffic on Monday - WWBT,WWBT
"Mon, 08 Dec 2025 04:31:00 GMT","Rain and snow return to North Carolina on Monday, accumulation possible - WXII",WXII
"Sun, 07 Dec 2025 19:45:28 GMT",First Alert Forecast: Winter Weather Advisory NC: Accumulating snow possible in parts of central North Carolina to start week - ABC11,ABC11
"Mon, 08 Dec 2025 04:30:33 GMT",Winter Storm Warning: Tracking more snow for Central Virginia on Monday - WTVR.com,WTVR.com
"Sun, 07 Dec 2025 22:36:00 GMT","FIRST ALERT: First heavy snow makes landfall in Southeast, setting a new record in Juneau - Alaska's News Source",Alaska's News Source
"Sun, 07 Dec 2025 20:43:12 GMT",Persistent weekend storms bring heavy snow and disrupt flights across the U.S. - NBC News,NBC News
"Mon, 08 Dec 2025 02:48:45 GMT",Postgame Quick Hits | Bills Beat Bengals In Duel In The Snow - Bengals.com,Bengals.com
"Mon, 08 Dec 2025 00:06:00 GMT","Freezing rain, snow headed into eastern North Dakota, northwest Minnesota - Grand Forks Herald",Grand Forks Herald
"Sun, 07 Dec 2025 21:23:57 GMT",Weather Alert Day: Accumulating Snow Monday - WSET,WSET
"Sun, 07 Dec 2025 22:21:02 GMT",LIST: Central Virginia schools closed Monday due to snow - WRIC ABC 8News,WRIC ABC 8News
"Sun, 07 Dec 2025 21:49:00 GMT","Michigan’s active weather pattern starts now: Waves of snow, Arctic cold - MLive.com",MLive.com
"Mon, 08 Dec 2025 04:18:00 GMT",What are the odds of seeing snow for Christmas in South Carolina? - South Carolina Public Radio,South Carolina Public Radio
"Sun, 07 Dec 2025 16:30:00 GMT",How much snow did southern Wisconsin get overnight? See a list. - Milwaukee Journal Sentinel,Milwaukee Journal Sentinel
"Sun, 07 Dec 2025 21:31:37 GMT","ALERT DAY Tuesday into Wednesday for wintry mix, accumulating snow | Latest Weather Forecast - Channel 3000",Channel 3000
"Sun, 07 Dec 2025 17:45:00 GMT",Iowa snowfall totals: See how much added up Saturday - KCCI,KCCI
"Sun, 07 Dec 2025 15:19:44 GMT","Wisconsin snowfall totals: Overnight snow on Saturday-Sunday, Dec. 6-7 - FOX6 News Milwaukee",FOX6 News Milwaukee
"Sun, 07 Dec 2025 18:32:05 GMT",Chase Brown ends Bengals opening 14-play drive with TD in snow | 2025 HIGHLIGHTS - Bengals.com,Bengals.com
"Sun, 07 Dec 2025 21:44:11 GMT",Fredericksburg District: Plan Ahead for Light Snow Monday - Virginia Department of Transportation (.gov),Virginia Department of Transportation (.gov)
"Sun, 07 Dec 2025 18:02:20 GMT",Chicago Sees Snowiest Start To Winter Since 1978 After Weekend Snowstorm - Block Club Chicago,Block Club Chicago
"Sun, 07 Dec 2025 15:13:12 GMT","Snow to slowly taper off Sunday, but more will arrive in Chicago area soon - NBC 5 Chicago",NBC 5 Chicago
"Mon, 08 Dec 2025 00:15:00 GMT",Here we go again. National Weather Service says 2-3 inches of snow possible Monday. - Richmond Times-Dispatch,Richmond Times-Dispatch
"Mon, 08 Dec 2025 06:54:07 GMT","Several snow chances, big shot of cold air this week - 5 EYEWITNESS NEWS",5 EYEWITNESS NEWS
"Sun, 07 Dec 2025 23:55:55 GMT","ALERT DAY: Central NC snow risk, cold temps Monday - CBS17.com",CBS17.com
"Sun, 07 Dec 2025 16:23:00 GMT","Weather Impact Alert: Rain/snow today, could end as snow showers this afternoon - wfmynews2.com",wfmynews2.com
"Mon, 08 Dec 2025 01:10:33 GMT","School closings, early dismissals due to snow forecast for Monday, Dec. 8 - The Virginian-Pilot",The Virginian-Pilot
"Mon, 08 Dec 2025 04:30:00 GMT",Impact Weather: Chance for a dusting of snow Sunday night - WLKY,WLKY
"Mon, 08 Dec 2025 04:34:29 GMT",Chicago sees 5th snowiest start to winter since 1978 - CBS News,CBS News
"Sun, 07 Dec 2025 18:05:00 GMT",Bills vs Bengals weather updates: Snow in Buffalo forecast for Week 14 - USA Today,USA Today
"Sun, 07 Dec 2025 15:30:06 GMT",How much snow fell across central Iowa this weekend - WHO13.com,WHO13.com
"Mon, 08 Dec 2025 00:48:00 GMT",First Alert Weather: Monday Snow & Slick Travel - WHSV,WHSV
"Mon, 08 Dec 2025 03:41:05 GMT",Active stretch of winter in SE Wisconsin continues with more snow chances - WISN,WISN
"Mon, 08 Dec 2025 03:51:57 GMT","Dusting of snow expected ahead in Chicago area ahead of warmup, rain and slush - NBC 5 Chicago",NBC 5 Chicago
"Sun, 07 Dec 2025 03:28:00 GMT","Parts of Colorado, Wyoming see over 20 inches of snow in recent storm - CBS News",CBS News
"Sun, 07 Dec 2025 13:21:17 GMT","Chicago Weather: More snow falls, making for slick roads - FOX 32 Chicago",FOX 32 Chicago
"Sun, 07 Dec 2025 15:31:13 GMT",SE Wisconsin snowfall totals: How much snow fell overnight - WISN,WISN
"Mon, 08 Dec 2025 05:43:00 GMT",Avalanche warnings grip Colorado mountains after storm dumps 2+ feet of snow - 9News,9News
"Sun, 07 Dec 2025 22:28:35 GMT",Light snow expected to develop across Maine Sunday night - WGME,WGME
"Sun, 07 Dec 2025 15:45:56 GMT",Here are the latest snowfall totals from around the Chicago area - NBC 5 Chicago,NBC 5 Chicago
"Sun, 07 Dec 2025 21:22:00 GMT",Snowfall Totals - KCRG,KCRG
"Mon, 08 Dec 2025 02:17:00 GMT",First Alert Weather Day: Morning snow will slow morning commute - FOX19 | Cincinnati,FOX19 | Cincinnati
"Mon, 08 Dec 2025 00:59:00 GMT","Snow showers tonight, windy and cold Monday - WABI",WABI
"Sun, 07 Dec 2025 13:07:20 GMT","Chicago snow accumulation today causes hazardous road conditions, O'Hare flight delays; more snow in Chicago weather forecast - ABC7 Chicago",ABC7 Chicago
"Sun, 07 Dec 2025 18:54:43 GMT",Ty Johnson dashes 23-yards in the snow | Bills vs. Bengals Highlights - Buffalo Bills Home | Buffalo Bills - buffalobills.com,Buffalo Bills Home | Buffalo Bills - buffalobills.com
"Mon, 08 Dec 2025 01:21:00 GMT","FIRST ALERT: Snow, mix, and wind early this week! - Valley News Live",Valley News Live
"Sun, 07 Dec 2025 23:31:00 GMT",Light snow moves through tonight for northern Kentucky - WLWT,WLWT
"Sun, 07 Dec 2025 22:50:00 GMT",Warm temps early this week followed by parade of snow systems - MPR News,MPR News
"Sun, 07 Dec 2025 01:12:00 GMT",Another round of snow and wintry mix likely for Virginia on Monday - 13newsnow.com,13newsnow.com
"Mon, 08 Dec 2025 03:11:00 GMT",Rain chances Monday with snow expected in the mountains ahead of slight midweek warmup - Queen City News,Queen City News
"Mon, 08 Dec 2025 01:04:11 GMT","Snow on the ground, flames in the air: firefighters see added challenges in the winter - WCIA.com",WCIA.com
"Mon, 08 Dec 2025 01:24:00 GMT",Light snow quickly tapers to snow showers tonight. Monday will be mostly sunny but cold. - WCAX,WCAX
"Mon, 08 Dec 2025 03:47:00 GMT",Some light snow & flurries near Omaha through about midnight - KETV,KETV
"Sun, 07 Dec 2025 23:38:00 GMT",Winter weather advisory for snow in the Triad Monday - WXII,WXII
"Sun, 07 Dec 2025 22:01:00 GMT",Chilly work week with rounds of snow - Upper Michigan's Source,Upper Michigan's Source
"Sat, 06 Dec 2025 08:00:00 GMT","December 6-7, 2025 Snow Event - National Weather Service (.gov)",National Weather Service (.gov)
"Sun, 07 Dec 2025 15:36:00 GMT","Snow blankets eastern Iowa, hundreds of plows work to clear roads across the state - KCRG",KCRG
"Sun, 07 Dec 2025 18:21:14 GMT","With chance of snow, winter weather advisory issued for central NC on Monday into Tuesday - CBS17.com",CBS17.com
"Mon, 08 Dec 2025 02:53:08 GMT",Rain and snow over the next 24 hours - WJHL,WJHL
"Mon, 08 Dec 2025 02:06:00 GMT",Snow Forge unites the community with festive cheer and holiday magic - WNEP,WNEP
"Sun, 07 Dec 2025 13:59:22 GMT",Blog: From freezing fog today to possible snow Monday - WAVY.com,WAVY.com
"Mon, 08 Dec 2025 01:16:22 GMT",Winter Tightens Its Grip: Colder Temperatures and Repeated Snow Chances Coming - FOX 47 News,FOX 47 News
"Sun, 07 Dec 2025 22:32:00 GMT",Negative wind chills tonight with numerous snow chances this week - WIFR,WIFR
"Mon, 08 Dec 2025 02:44:00 GMT","FIRST ALERT: First heavy snow makes landfall in Southeast, setting a new record in Juneau - Alaska's News Source",Alaska's News Source
"Sun, 07 Dec 2025 04:41:00 GMT",Snow emergencies declared across QCA - KWQC,KWQC
"Mon, 08 Dec 2025 06:43:18 GMT",Watching Wednesday AM… Possible Light Snow / Mix - Hudson Valley Weather,Hudson Valley Weather
"Sun, 07 Dec 2025 22:46:00 GMT",First Alert Weather Day - Monday - Another Round of Snow Ahead - WVIR,WVIR
"Mon, 08 Dec 2025 00:50:58 GMT",Storm Team 11: Another round of rain and snow in the region - WJHL,WJHL
"Sun, 07 Dec 2025 20:08:00 GMT",More snow due in Southwest Virginia early Monday - Roanoke Times,Roanoke Times
"Sun, 07 Dec 2025 23:50:48 GMT",Cleanup continues in Chicago after Sunday's snowfall - CBS News,CBS News
"Sun, 07 Dec 2025 12:54:00 GMT","Snow will taper off this morning, followed by breezy winds and another blast of arctic air - WIFR",WIFR
"Sun, 07 Dec 2025 03:01:00 GMT","How much snow will Iowa get? See winter storm forecast, road conditions - The Des Moines Register",The Des Moines Register
"Mon, 08 Dec 2025 00:48:19 GMT","Q2 Billings Area Weather: Many chances for strong wind, rain, snow & cold ahead - KTVQ",KTVQ
"Mon, 08 Dec 2025 00:28:00 GMT",Snow likely south and southeast of downtown Monday morning - FOX19 | Cincinnati,FOX19 | Cincinnati
"Sun, 07 Dec 2025 23:14:00 GMT",Quiet Monday with snow on the way - WNEM,WNEM
"Sun, 07 Dec 2025 14:03:26 GMT","ALERT DAY: Central NC to see possible snow, cold temperatures Monday - CBS17.com",CBS17.com
"Sun, 07 Dec 2025 22:18:51 GMT","Snow returns this week, could ‘pack quite the punch’ in western Minnesota - Star Tribune",Star Tribune
"Mon, 08 Dec 2025 04:29:00 GMT",Negative wind chills tonight with numerous snow chances this week - WIFR,WIFR
"Sun, 07 Dec 2025 23:04:00 GMT",Rain moves in overnight with mountain snow possible Monday - WVLT,WVLT
"Sun, 07 Dec 2025 12:41:48 GMT",Very cold with more snow chances this week | Latest Weather Forecast - Channel 3000,Channel 3000
"Mon, 08 Dec 2025 02:39:01 GMT",Kentucky weather tomorrow: Light snow on the way - FOX 56 News,FOX 56 News
"Mon, 08 Dec 2025 05:42:00 GMT",Unseasonably cold conditions persist & tracking rain/snow chances this week for south-central Pennsylvania - WGAL,WGAL
"Sat, 06 Dec 2025 14:02:00 GMT",How old is too old to shovel snow? What heart experts are saying - The Des Moines Register,The Des Moines Register
"Mon, 08 Dec 2025 04:55:00 GMT","Midweek warm-up gives way to wind, snow chances and arctic cold - WEEK | 25 News Now",WEEK | 25 News Now
"Sun, 07 Dec 2025 22:45:00 GMT","Snow likely on Monday, moderate to heavy snowfall in the morning - WVVA",WVVA
"Mon, 08 Dec 2025 03:39:21 GMT",Cooler start to the work week as rain and snow move in midweek - WTRF,WTRF
"Sat, 06 Dec 2025 23:12:02 GMT",Chicago weather: Winter Weather Advisory issued as accumulating snow moves in tonight - FOX 32 Chicago,FOX 32 Chicago
"Sun, 07 Dec 2025 12:13:00 GMT",First Alert Weather Day: Monday snow day - WWBT,WWBT
"Mon, 08 Dec 2025 04:20:00 GMT",Forecast: Snow on Monday likely to accumulate over most of the region - 13newsnow.com,13newsnow.com
"Mon, 08 Dec 2025 02:44:26 GMT",Snow expected again in southern counties - WV MetroNews,WV MetroNews
"Mon, 08 Dec 2025 03:02:00 GMT",Chilly work week with rounds of snow - Upper Michigan's Source,Upper Michigan's Source
"Sun, 07 Dec 2025 06:15:00 GMT",Weather impact: 4 things to know as the snow ends overnight - KCCI,KCCI
"Sun, 07 Dec 2025 23:43:00 GMT","Widespread Light Snow Continues This Evening, Frigid Start To The Week With Highs Tomorrow Only In The Teens - WKTV",WKTV
"Mon, 08 Dec 2025 04:39:00 GMT","Mix of snow, rain create slick roads for Monday - WPXI",WPXI
"Mon, 08 Dec 2025 01:00:00 GMT",'Snow' much fun at WinterFest - Sandusky Register,Sandusky Register
"Mon, 08 Dec 2025 00:19:27 GMT","Weekend wintry mix brings heavy snow, flight disruptions across U.S. - NBC News",NBC News
2025-12-07T00:12:33,Snowflake AI Tools Deliver Real-World Value - Buy The Dip,SeekingAlpha
2025-12-05T11:25:35,Snowflake Vs. Palantir: Only One Deserves A More Than 200x P/E,SeekingAlpha
2025-12-05T01:06:54,Wedbush Reiterates Snowflake (SNOW) Outperform Recommendation,Fintel
2025-12-05T01:06:50,Baird Maintains Snowflake (SNOW) Outperform Recommendation,Fintel
2025-12-05T01:06:35,Keybanc Maintains Snowflake (SNOW) Overweight Recommendation,Fintel
2025-12-05T01:06:05,Cantor Fitzgerald Maintains Snowflake (SNOW) Overweight Recommendation,Fintel
2025-12-05T01:05:11,Deutsche Bank Maintains Snowflake (SNOW) Buy Recommendation,Fintel
2025-12-05T01:04:49,Rosenblatt Maintains Snowflake (SNOW) Buy Recommendation,Fintel
2025-12-05T01:04:48,Evercore ISI Group Maintains Snowflake (SNOW) Outperform Recommendation,Fintel
2025-12-05T01:04:30,Stifel Maintains Snowflake (SNOW) Buy Recommendation,Fintel
2025-12-05T01:03:48,DA Davidson Maintains Snowflake (SNOW) Buy Recommendation,Fintel
2025-12-05T01:03:41,Canaccord Genuity Maintains Snowflake (SNOW) Buy Recommendation,Fintel
2025-12-05T01:03:38,Scotiabank Maintains Snowflake (SNOW) Sector Outperform Recommendation,Fintel
2025-12-05T01:03:36,Wells Fargo Maintains Snowflake (SNOW) Overweight Recommendation,Fintel
2025-12-05T01:03:11,Morgan Stanley Maintains Snowflake (SNOW) Overweight Recommendation,Fintel
2025-12-04T14:18:51,Snowflake Inc. (SNOW) Presents at UBS Global Technology and AI Conference 2025 Transcript,SeekingAlpha
2025-12-04T13:03:14,Piper Sandler Reiterates Snowflake (SNOW) Overweight Recommendation,Fintel
2025-12-04T13:03:11,Needham Reiterates Snowflake (SNOW) Buy Recommendation,Fintel
2025-12-04T13:03:04,BTIG Reiterates Snowflake (SNOW) Buy Recommendation,Fintel
2025-12-04T09:49:27,Snowflake's Slip Is Your Shot: Why The Q3-Earnings Dip Looks Buyable,SeekingAlpha
2025-12-04T08:18:37,Wall Street Breakfast Podcast: Jensen Huang Getting The Hang Of DC,SeekingAlpha
2025-12-03T22:23:26,Snowflake Inc. (SNOW) Q3 2026 Earnings Call Transcript,SeekingAlpha
2025-12-03T18:30:54,Snowflake Inc. 2026 Q3 - Results - Earnings Call Presentation,SeekingAlpha
2025-12-03T20:00:12,(SNOW) Snowflake Q3 2026 Earnings Call | Live Transcript at 5:00pm ET,Reddit/r/wallstreetbets
