Date,Title,Source
2025-10-30T23:22:13Z,Here's How Much $1000 Invested In Palo Alto Networks 10 Years Ago Would Be Worth Today,Biztoc.com
2025-10-30T14:32:50Z,Citizens JMP Lifts Price Target to $250 Ahead of Earnings,Biztoc.com
2025-10-30T14:20:24Z,Palo Alto Networks (PANW): Citizens JMP Lifts Price Target to $250 Ahead of Earnings,Yahoo Entertainment
"Mon, 03 Nov 2025 20:24:31 GMT",Is Palo Alto (PANW) The Best AI Stock to Buy on the Dip? - Yahoo Finance,Yahoo Finance
"Tue, 04 Nov 2025 05:29:28 GMT",What is the fair value of PANW stock now - July 2025 Reactions & Safe Capital Preservation Plans - newser.com,newser.com
"Sun, 02 Nov 2025 18:40:09 GMT",What Palo Alto Networks (PANW)'s AI Security Platform Upgrades Mean For Shareholders - simplywall.st,simplywall.st
"Mon, 03 Nov 2025 05:57:16 GMT",Should you wait for a breakout in PANW - Market Risk Report & Low Risk High Win Rate Stock Picks - newser.com,newser.com
"Thu, 30 Oct 2025 14:20:24 GMT",Palo Alto Networks (PANW): Citizens JMP Lifts Price Target to $250 Ahead of Earnings - Yahoo Finance,Yahoo Finance
"Mon, 03 Nov 2025 06:13:44 GMT",Using Bollinger Bands to evaluate PANW - 2025 Volatility Report & Safe Capital Preservation Plans - newser.com,newser.com
"Tue, 04 Nov 2025 06:04:51 GMT",Can Themes Etf Trust Leverage Shares 2x Long Panw Daily Etf stock sustain institutional interest - Weekly Earnings Recap & AI Based Buy/Sell Signal Reports - newser.com,newser.com
"Mon, 03 Nov 2025 15:07:47 GMT",How PANW stock valuations compare to rivals - 2025 Market WrapUp & Long-Term Capital Growth Strategies - newser.com,newser.com
"Mon, 03 Nov 2025 06:44:59 GMT",Will PANW stock maintain growth story - 2025 Top Gainers & Step-by-Step Trade Execution Guides - newser.com,newser.com
"Mon, 03 Nov 2025 06:31:32 GMT",Using Bollinger Bands to evaluate PANW - Trade Signal Summary & Daily Oversold Stock Bounce Ideas - newser.com,newser.com
"Mon, 03 Nov 2025 06:14:30 GMT",Does Themes Etf Trust Leverage Shares 2x Long Panw Daily Etf show high probability of rebound - Weekly Trading Summary & Long-Term Investment Growth Plans - newser.com,newser.com
"Mon, 03 Nov 2025 09:27:33 GMT",Will PANW stock keep outperforming rivals - July 2025 Update & Free Long-Term Investment Growth Plans - newser.com,newser.com
"Mon, 03 Nov 2025 11:30:58 GMT",Should you wait for a breakout in PANW - Inflation Watch & Free Expert Verified Stock Movement Alerts - newser.com,newser.com
"Sat, 01 Nov 2025 06:09:29 GMT",Combining machine learning predictions for PANW - 2025 Market Outlook & Safe Capital Growth Tips - newser.com,newser.com
"Sun, 02 Nov 2025 18:39:57 GMT",How PANW stock valuations compare to rivals - Stock Surge & Free Technical Confirmation Trade Alerts - newser.com,newser.com
"Mon, 03 Nov 2025 14:07:44 GMT",How Themes Etf Trust Leverage Shares 2x Long Panw Daily Etf stock benefits from tech adoption - Portfolio Value Report & Risk Controlled Swing Alerts - newser.com,newser.com
"Sun, 02 Nov 2025 09:40:06 GMT",Can PANW stock weather global recession - Forecast Cut & Fast Exit/Entry Strategy Plans - newser.com,newser.com
"Sun, 02 Nov 2025 08:35:50 GMT",Using Bollinger Bands to evaluate PANW - Trade Analysis Summary & Weekly Stock Breakout Alerts - newser.com,newser.com
"Fri, 31 Oct 2025 04:20:45 GMT",Regression analysis insights on Themes Etf Trust Leverage Shares 2x Long Panw Daily Etf performance - Product Launch & Daily Entry Point Alerts - newser.com,newser.com
"Sun, 02 Nov 2025 10:32:35 GMT",Does Themes Etf Trust Leverage Shares 2x Long Panw Daily Etf show high probability of rebound - newser.com,newser.com
"Fri, 31 Oct 2025 04:48:03 GMT",Volatility clustering patterns for Themes Etf Trust Leverage Shares 2x Long Panw Daily Etf - Portfolio Risk Summary & Free Growth Oriented Trading Recommendations - newser.com,newser.com
"Fri, 31 Oct 2025 14:50:00 GMT","IVW, APP, BSX, PANW: ETF Outflow Alert - Nasdaq",Nasdaq
"Sun, 02 Nov 2025 06:04:20 GMT",Analyzing Themes Etf Trust Leverage Shares 2x Long Panw Daily Etf with multi timeframe charts - July 2025 Outlook & Scalable Portfolio Growth Methods - newser.com,newser.com
"Fri, 31 Oct 2025 05:49:44 GMT",Should you wait for a breakout in PANW - Dividend Hike & AI Enhanced Trade Execution Alerts - newser.com,newser.com
"Fri, 31 Oct 2025 05:10:55 GMT",PANW stock daily chart insights - Market Performance Report & Weekly Sector Rotation Insights - newser.com,newser.com
"Fri, 31 Oct 2025 04:37:18 GMT",Is PANW stock dividend yield sustainable - Forecast Cut & High Win Rate Trade Alerts - newser.com,newser.com
"Sun, 02 Nov 2025 19:48:06 GMT",What technical models suggest about PANW’s comeback - July 2025 Momentum & Community Consensus Picks - newser.com,newser.com
"Fri, 31 Oct 2025 03:59:35 GMT",What technical models suggest about PANW’s comeback - July 2025 Trade Ideas & Technical Entry and Exit Alerts - newser.com,newser.com
"Fri, 31 Oct 2025 06:10:17 GMT","Rep. Marjorie Taylor Greene Buys Palo Alto Networks, Inc. (NASDAQ:PANW) Stock - Defense World",Defense World
2025-10-30T15:20:24,Palo Alto Networks (PANW): Citizens JMP Lifts Price Target to $250 Ahead of Earnings,Yahoo
