Date,Title,Source
"Sun, 31 Aug 2025 03:01:40 GMT",Live market analysis of ORLY - Quarterly Earnings Report & Weekly Watchlist for Hot Stocks - Newser,Newser
"Thu, 28 Aug 2025 14:53:00 GMT",Two Los Angeles Dynamos Team Up: ORLY Nails & L.A. Sparks - American Salon,American Salon
"Sun, 31 Aug 2025 05:52:13 GMT",Using flow based indicators on ORLY - Weekly Market Outlook & Weekly High Return Stock Forecasts - Newser,Newser
"Sun, 31 Aug 2025 03:09:49 GMT",Historical volatility pattern of ORLY visualized - 2025 Market Sentiment & Fast Moving Stock Trade Plans - Newser,Newser
"Sun, 31 Aug 2025 02:46:26 GMT",Will ORLY stock recover after recent drop - Trade Volume Summary & Entry Point Confirmation Signals - Newser,Newser
"Sun, 31 Aug 2025 04:44:48 GMT",How to integrate ORLY into portfolio analysis tools - Buy Signal & Free Weekly Chart Analysis and Trade Guides - Newser,Newser
"Sat, 30 Aug 2025 18:27:22 GMT",Volatility clustering patterns for ORLY - 2025 Performance Recap & Community Trade Idea Sharing - Newser,Newser
"Sun, 31 Aug 2025 02:28:00 GMT",Will ORLY stock go up soon - July 2025 Volume & Community Consensus Stock Picks - Newser,Newser
"Sun, 31 Aug 2025 02:39:57 GMT",How to integrate ORLY into portfolio analysis tools - Market Movement Recap & High Conviction Buy Zone Alerts - Newser,Newser
"Sun, 31 Aug 2025 00:58:45 GMT",Will ORLY stock go up soon - July 2025 Outlook & Daily Chart Pattern Signals - Newser,Newser
"Sun, 31 Aug 2025 02:12:24 GMT",Key metrics from ORLY’s quarterly data - Market Risk Summary & Capital Protection Trade Alerts - Newser,Newser
"Sun, 31 Aug 2025 00:49:41 GMT",Volatility clustering patterns for ORLY - 2025 Market Outlook & Smart Money Movement Tracker - Newser,Newser
"Sat, 30 Aug 2025 11:43:24 GMT",Can ORLY recover in the next quarter - Long Setup & Weekly Watchlist of Top Performers - Newser,Newser
"Fri, 29 Aug 2025 12:02:06 GMT",Reversal indicators forming on ORLY stock - 2025 Institutional Moves & Fast Momentum Stock Entry Tips - Newser,Newser
"Sat, 30 Aug 2025 23:12:15 GMT",Can ORLY recover in the next quarter - Market Trend Report & AI Driven Price Forecasts - Newser,Newser
"Fri, 29 Aug 2025 22:10:29 GMT",Reversal indicators forming on ORLY stock - 2025 Growth vs Value & Long-Term Growth Stock Strategies - Newser,Newser
"Sun, 31 Aug 2025 00:58:27 GMT",Live market analysis of ORLY - 2025 Year in Review & Risk Controlled Swing Trade Alerts - Newser,Newser
"Sat, 30 Aug 2025 23:05:00 GMT",Will ORLY stock recover after recent drop - Gap Down & Risk Adjusted Buy and Sell Alerts - Newser,Newser
"Sat, 30 Aug 2025 15:21:40 GMT",How ORLY stock performs during market volatility - 2025 Bull vs Bear & Consistent Income Trade Recommendations - Newser,Newser
"Fri, 29 Aug 2025 20:57:12 GMT",Statistical indicators supporting ORLY’s strength - Market Growth Summary & AI Forecast for Swing Trade Picks - Newser,Newser
"Fri, 29 Aug 2025 23:03:11 GMT",ORLY Slides as Technical Bearishness Clashes with Analyst Optimism Amid 320th-Ranked $310M Volume - AInvest,AInvest
"Sat, 30 Aug 2025 21:17:15 GMT",How to integrate ORLY into portfolio analysis tools - 2025 Market Outlook & Fast Exit and Entry Strategy Plans - Newser,Newser
"Thu, 28 Aug 2025 10:34:17 GMT",O'Reilly Automotive (ORLY): Digging Into Valuation After Guidance and Share Repurchase Momentum - simplywall.st,simplywall.st
"Sat, 30 Aug 2025 09:24:45 GMT","FORA Capital LLC Decreases Stock Position in O'Reilly Automotive, Inc. $ORLY - MarketBeat",MarketBeat
"Fri, 29 Aug 2025 23:22:34 GMT",Signal strength of ORLY stock in tech scanners - Portfolio Risk Summary & Risk Adjusted Swing Trade Ideas - Newser,Newser
"Sat, 30 Aug 2025 10:16:09 GMT","Ieq Capital LLC Raises Holdings in O'Reilly Automotive, Inc. $ORLY - MarketBeat",MarketBeat
"Fri, 29 Aug 2025 12:33:36 GMT","O'Reilly Automotive, Inc. $ORLY Shares Acquired by Eisler Capital Management Ltd. - MarketBeat",MarketBeat
"Fri, 29 Aug 2025 18:58:30 GMT",Price momentum metrics for ORLY explained - Market Volume Summary & Fast Moving Trade Plans - Newser,Newser
"Fri, 29 Aug 2025 18:58:06 GMT",Will ORLY stock recover after recent drop - Weekly Stock Summary & Daily Technical Stock Forecast Reports - Newser,Newser
"Fri, 29 Aug 2025 18:36:59 GMT",Will ORLY outperform the market - Earnings Growth Report & Free Community Consensus Stock Picks - Newser,Newser
"Thu, 28 Aug 2025 06:44:26 GMT",Visual trend scoring systems applied to ORLY - Weekly Market Summary & Free Safe Entry Trade Signal Reports - Newser,Newser
"Fri, 29 Aug 2025 21:26:17 GMT",Technical analysis overview for ORLY stock - July 2025 Outlook & Short-Term High Return Strategies - Newser,Newser
"Fri, 29 Aug 2025 18:45:49 GMT",Volatility clustering patterns for ORLY - Trade Analysis Report & Daily Oversold Bounce Ideas - Newser,Newser
"Wed, 27 Aug 2025 16:35:49 GMT",ORLY stock chart pattern explained - July 2025 Breakouts & Capital Protection Trading Alerts - Newser,Newser
"Wed, 27 Aug 2025 22:19:31 GMT",Visual trend scoring systems applied to ORLY - 2025 Buyback Activity & Free Safe Capital Growth Stock Tips - Newser,Newser
"Thu, 28 Aug 2025 11:30:00 GMT","Fall 2025 Historical Horizons Lecture Series features talks on America's forgotten father, Orly the ox - The Batavian",The Batavian
"Thu, 28 Aug 2025 07:00:00 GMT","Ameriprise Financial Inc. Sells 77,219 Shares of O'Reilly Automotive, Inc. $ORLY - MarketBeat",MarketBeat
"Fri, 29 Aug 2025 03:09:02 GMT",Will ORLY stock go up soon - Weekly Profit Report & Proven Capital Preservation Methods - Newser,Newser
"Wed, 27 Aug 2025 14:57:00 GMT","JEPQ, ADI, MELI, ORLY: Large Inflows Detected at ETF - Nasdaq",Nasdaq
"Wed, 27 Aug 2025 07:00:00 GMT","O'Reilly Automotive, Inc. $ORLY Shares Sold by Fiduciary Management Inc. WI - MarketBeat",MarketBeat
"Fri, 29 Aug 2025 17:04:16 GMT",Market reaction to ORLY’s recent news - Market Activity Summary & Daily Technical Stock Forecast Reports - Newser,Newser
"Fri, 29 Aug 2025 14:56:38 GMT",Key metrics from ORLY’s quarterly data - Earnings Growth Summary & Safe Capital Growth Plans - Newser,Newser
"Wed, 27 Aug 2025 07:00:00 GMT","O'Reilly Automotive, Inc. $ORLY Stake Increased by 1832 Asset Management L.P. - MarketBeat",MarketBeat
"Fri, 29 Aug 2025 06:53:59 GMT",What the charts say about ORLY today - July 2025 Outlook & Free Safe Capital Growth Stock Tips - Newser,Newser
"Fri, 29 Aug 2025 03:11:48 GMT",Using flow based indicators on ORLY - 2025 Top Gainers & Risk Managed Trade Strategies - Newser,Newser
"Fri, 29 Aug 2025 06:22:17 GMT",Live market analysis of ORLY - Market Sentiment Summary & Daily Price Action Insights - Newser,Newser
"Tue, 26 Aug 2025 07:00:00 GMT","CW Advisors LLC Acquires 4,046 Shares of O'Reilly Automotive, Inc. $ORLY - MarketBeat",MarketBeat
"Tue, 26 Aug 2025 07:00:00 GMT","Candriam S.C.A. Grows Stock Holdings in O'Reilly Automotive, Inc. $ORLY - MarketBeat",MarketBeat
"Tue, 26 Aug 2025 12:16:04 GMT",O'Reilly Automotive: Deep-Dive Reveals A Superb Business Running A Rich Valuation (NASDAQ:ORLY) - Seeking Alpha,Seeking Alpha
"Tue, 26 Aug 2025 14:51:49 GMT",Risk vs reward if holding onto ORLY - Weekly Stock Analysis & Free Community Supported Trade Ideas - Newser,Newser
"Fri, 29 Aug 2025 17:24:27 GMT",Is ORLY part of any major index - Market Weekly Review & Low Drawdown Investment Strategies - sundaytimes.kr,sundaytimes.kr
"Thu, 28 Aug 2025 09:58:49 GMT",What is the next catalyst for ORLY - Sell Signal & AI Enhanced Trading Alerts - sundaytimes.kr,sundaytimes.kr
"Fri, 29 Aug 2025 11:53:14 GMT","Silvant Capital Management LLC Sells 3,114 Shares of O'Reilly Automotive, Inc. $ORLY - MarketBeat",MarketBeat
"Wed, 27 Aug 2025 01:39:19 GMT",What makes ORLY stock price move sharply getLinesFromResByArray error: size == 0 - kangso.co.kr,kangso.co.kr
"Sat, 30 Aug 2025 09:30:30 GMT",Recovery Signals Appearing in ORLY Charts getLinesFromResByArray error: size == 0 - sisain.net,sisain.net
2025-08-28T12:08:37,Could O'Reilly Automotive's (ORLY) Aggressive Buybacks Signal Enduring Confidence or Missed Investment Alternatives?,Yahoo
2025-08-26T05:34:18,Q2 Earnings Roundup: O'Reilly (NASDAQ:ORLY) And The Rest Of The Auto Parts Retailer Segment,Yahoo
