Date,Title,Source
2025-08-30T08:05:00Z,Liam Neeson and Pamela Anderson NAKED and you've already clicked or dry-heaved [PSA],Fark.com
2025-08-29T14:59:00Z,PSA: Labor Day Is Serving Up Some Insanely Good Sneaker Deals,Cosmopolitan.com
2025-08-29T09:00:00Z,PSA: McDonald's Is Slashing Prices on Its Most Iconic Meals,Yahoo Entertainment
2025-08-29T07:43:06Z,Doritos 150g-170g - $2.50 (Save $2.50) @ Coles,Ozbargain.com.au
2025-08-29T07:30:55Z,Scotiabank Cuts Public Storage (NYSE:PSA) Price Target to $333.00,ETF Daily News
2025-08-28T14:36:55Z,"PSA: 2 PS4 Games’ Servers Going Down, Last Chance to Earn Trophies",PlayStation LifeStyle
2025-08-28T05:54:49Z,"PSA: Pixelsnap cases willl fit Pixel 9, but not quite perfectly - 9to5Google",Slashdot.org
2025-08-27T23:35:03Z,"The Nvidia bubble propping up the stock market has yet to burst. For this quarter, anyway [PSA]",Fark.com
2025-08-27T17:45:00Z,"PSA: Pixelsnap cases willl fit Pixel 9, but not quite perfectly",9to5google.com
2025-08-27T17:45:00Z,"PSA: No, your Pixel 9 case will not fit the Pixel 10 [Update: Images]",9to5google.com
2025-08-27T16:56:21Z,Mainers have a ballot measure this year to kneecap their democracy just in time to vote out Susan Collins [PSA],Fark.com
2025-08-27T12:36:00Z,"'The Summer I Turned Pretty' Issues PSA Telling Fans to ""Act Normal Online"" Ahead of Episode 8",Cosmopolitan.com
2025-08-26T22:20:11Z,Fantasy football meets the hobby: Which stars are overvalued and undervalued when comparing Prizm Silver PSA 10 prices?,Yahoo Entertainment
2025-08-26T19:04:34Z,Kid LAROI Offers World Mental Health Day PSA: Watch,Billboard
2025-08-26T19:00:00Z,PSA: The Crocs Animal Crossing Collection Arrives Today,Nintendo Life
2025-08-26T16:37:12Z,"If you're going to store the dead body in a suitcase, be sure to tuck in the legs [PSA]",Fark.com
2025-08-26T06:07:07Z,Brokerages Set Public Storage (NYSE:PSA) Target Price at $335.43,ETF Daily News
2025-08-26T05:21:06Z,Zacks Research Lowers Earnings Estimates for Public Storage,ETF Daily News
2025-08-26T01:00:37Z,U.S. sees its first human case of the flesh-eating screwworm parasite. Unclear if the current CDC will recommend that they be treated with Paxlovid [PSA],Fark.com
"Sun, 31 Aug 2025 06:25:10 GMT",Using data filters to optimize entry into PSA.PRL - July 2025 Breakouts & AI Optimized Trade Strategies - Newser,Newser
"Sun, 31 Aug 2025 06:06:38 GMT",Can you recover from losses in PSA.PRS - 2025 Analyst Calls & Daily Technical Forecast Reports - Newser,Newser
"Sun, 31 Aug 2025 06:15:26 GMT",Short interest data insights for PSA.PRR - Quarterly Portfolio Report & AI Powered Market Entry Strategies - Newser,Newser
"Sun, 31 Aug 2025 04:36:52 GMT",What to do if you’re stuck in PSA.PRH - 2025 Market Overview & Breakout Confirmation Alerts - Newser,Newser
"Sun, 31 Aug 2025 05:00:24 GMT",What does recent volatility data suggest for PSA.PRS - Analyst Upgrade & Community Verified Watchlist Alerts - Newser,Newser
"Sun, 31 Aug 2025 04:54:45 GMT",Is PSA.PRM stock poised for growth - Quarterly Profit Review & Daily Price Action Insights - Newser,Newser
"Sun, 31 Aug 2025 05:30:33 GMT",Detecting price anomalies in PSA.PRI with AI - Portfolio Risk Summary & Real-Time Chart Pattern Alerts - Newser,Newser
"Sun, 31 Aug 2025 04:43:26 GMT",How to monitor PSA.PRL with trend dashboards - July 2025 Analyst Calls & Low Volatility Stock Suggestions - Newser,Newser
"Sun, 31 Aug 2025 04:13:36 GMT",Price momentum metrics for PSA.PRG explained - 2025 Growth vs Value & High Accuracy Buy Signal Tips - Newser,Newser
"Sun, 31 Aug 2025 04:09:35 GMT",Tools to monitor PSA.PRF recovery probability - Long Setup & Weekly Setup with ROI Potential - Newser,Newser
"Sun, 31 Aug 2025 03:47:24 GMT",Is this a good reentry point in PSA.PRK - Market Trend Summary & Daily Technical Forecast Reports - Newser,Newser
"Sun, 31 Aug 2025 04:15:05 GMT",Can momentum traders help lift PSA.PRM - Take Profit & Expert Curated Trade Setup Alerts - Newser,Newser
"Sun, 31 Aug 2025 02:51:52 GMT",What machine learning models say about PSA.PRK - July 2025 Retail & Daily Chart Pattern Signals - Newser,Newser
"Sun, 31 Aug 2025 03:16:28 GMT",Technical signs of recovery in PSA.PRQ - Day Trade & Breakout Confirmation Trade Signals - Newser,Newser
"Sun, 31 Aug 2025 05:57:13 GMT",Tools to monitor PSA.PRF recovery probability - Long Setup & Risk Controlled Swing Alerts - Newser,Newser
"Sun, 31 Aug 2025 06:16:29 GMT",How to use a screener to detect PSA.PRI breakouts - 2025 Market Outlook & Free Risk Controlled Daily Trade Plans - Newser,Newser
"Sun, 31 Aug 2025 01:24:02 GMT",Is it time to cut losses on PSA.PRG - July 2025 Patterns & Stock Portfolio Risk Management - Newser,Newser
"Sun, 31 Aug 2025 02:04:07 GMT",Using flow based indicators on PSA.PRL - Weekly Earnings Recap & Low Risk High Reward Ideas - Newser,Newser
"Sun, 31 Aug 2025 05:01:45 GMT",Exit strategy if you’re trapped in PSA.PRF - Weekly Profit Summary & Long Hold Capital Preservation Tips - Newser,Newser
"Sun, 31 Aug 2025 03:08:59 GMT",Chart based exit strategy for PSA.PRQ - Weekly Stock Report & Risk Controlled Swing Alerts - Newser,Newser
"Sun, 31 Aug 2025 02:51:43 GMT",Real time pattern detection on PSA.PRQ stock - 2025 Year in Review & Fast Gain Stock Trading Tips - Newser,Newser
"Sun, 31 Aug 2025 01:42:37 GMT",PSA.PRQ stock prediction for this week - Weekly Gains Summary & Free Technical Pattern Based Buy Signals - Newser,Newser
"Sun, 31 Aug 2025 02:41:10 GMT",Using portfolio simulators with PSA.PRJ included - July 2025 Gainers & Weekly Breakout Opportunity Watchlist - Newser,Newser
"Sun, 31 Aug 2025 05:45:08 GMT",Is PSA.PRH reversing from oversold territory - 2025 Volatility Report & Weekly High Conviction Trade Ideas - Newser,Newser
"Sun, 31 Aug 2025 01:34:58 GMT",Leading vs lagging indicators on PSA.PRL performance - Bond Market & Capital Efficient Trading Techniques - Newser,Newser
"Sun, 31 Aug 2025 01:24:01 GMT",Chart based analysis of PSA.PRN trends - July 2025 Action & AI Enhanced Trading Alerts - Newser,Newser
"Sun, 31 Aug 2025 01:08:50 GMT",What to do if you’re stuck in PSA.PRL - Portfolio Return Summary & Weekly Stock Breakout Alerts - Newser,Newser
"Sun, 31 Aug 2025 04:56:07 GMT",Key metrics from PSA.PRF’s quarterly data - Quarterly Earnings Report & Low Risk High Reward Trade Ideas - Newser,Newser
"Sun, 31 Aug 2025 04:47:50 GMT",Sentiment analysis tools applied to PSA.PRK - July 2025 Spike Watch & Accurate Intraday Trade Tips - Newser,Newser
"Sun, 31 Aug 2025 02:11:12 GMT",Using portfolio simulators with PSA.PRJ included - Trade Analysis Summary & Smart Money Movement Tracker - Newser,Newser
"Sat, 30 Aug 2025 22:21:01 GMT",What data driven models say about PSA.PRG’s future - Quarterly Growth Report & Verified Trade Idea Suggestions - Newser,Newser
"Sat, 30 Aug 2025 23:52:17 GMT",Applying chart zones and confluence areas to PSA.PRN - Weekly Trade Summary & Real-Time Sentiment Analysis - Newser,Newser
"Sat, 30 Aug 2025 23:57:35 GMT",Signal strength of PSA.PRF stock in tech scanners - Quarterly Trade Report & Trade Opportunity Analysis Reports - Newser,Newser
"Sun, 31 Aug 2025 01:49:13 GMT",Is now a turning point for PSA.PRO - July 2025 Final Week & Weekly Top Performers Watchlists - Newser,Newser
"Sat, 30 Aug 2025 22:17:56 GMT",Is PSA.PRO forming a bottoming base - Quarterly Profit Summary & Verified Entry Point Signals - Newser,Newser
"Sun, 31 Aug 2025 03:07:04 GMT",Candlestick signals on PSA.PRF stock today - Dividend Hike & Free Accurate Trade Setup Notifications - Newser,Newser
"Sat, 30 Aug 2025 21:14:06 GMT",Is PSA.PRI stock bottoming out - Earnings Risk Report & Advanced Technical Signal Analysis - Newser,Newser
"Sat, 30 Aug 2025 22:43:34 GMT",Chart based exit strategy for PSA.PRM - Volume Spike & Community Verified Swing Trade Signals - Newser,Newser
"Sun, 31 Aug 2025 03:05:45 GMT",Automated trading signals detected on PSA.PRL - IPO Watch & Fast Moving Market Watchlists - Newser,Newser
"Sat, 30 Aug 2025 21:32:27 GMT",Is PSA.PRM trending in predictive chart models - Recession Risk & AI Forecast Swing Trade Picks - Newser,Newser
"Sat, 30 Aug 2025 21:50:56 GMT",Ranking PSA.PRL among high performing stocks via tools - Quarterly Profit Summary & Fast Momentum Entry Tips - Newser,Newser
"Sat, 30 Aug 2025 21:03:12 GMT",Can swing trading help recover from PSA.PRS losses - 2025 Volume Leaders & Fast Gain Swing Trade Alerts - Newser,Newser
"Sun, 31 Aug 2025 01:32:35 GMT",Detecting price anomalies in PSA.PRR with AI - Rate Cut & Fast Entry Momentum Alerts - Newser,Newser
"Sun, 31 Aug 2025 01:11:43 GMT",Signal strength of PSA.PRO stock in tech scanners - Portfolio Performance Summary & Stepwise Swing Trade Plans - Newser,Newser
"Sat, 30 Aug 2025 19:44:31 GMT",Is PSA.PRQ still worth holding after the dip - Weekly Market Report & AI Forecasted Entry/Exit Points - Newser,Newser
"Sun, 31 Aug 2025 01:22:25 GMT",Is PSA.PRP stock bottoming out - M&A Rumor & Fast Exit Strategy with Risk Control - Newser,Newser
"Sat, 30 Aug 2025 20:17:24 GMT",How to monitor PSA.PRL with trend dashboards - July 2025 Breakouts & Capital Protection Trading Alerts - Newser,Newser
"Sat, 30 Aug 2025 19:51:02 GMT",How to interpret RSI for PSA.PRL stock - 2025 Support & Resistance & Free Fast Gain Swing Trade Alerts - Newser,Newser
"Sat, 30 Aug 2025 22:52:57 GMT",Live market analysis of PSA.PRF - Earnings Miss & Advanced Swing Trade Entry Alerts - Newser,Newser
"Sat, 30 Aug 2025 23:00:55 GMT",How to track smart money flows in PSA.PRO - July 2025 Closing Moves & Free High Return Stock Watch Alerts - Newser,Newser
"Sat, 30 Aug 2025 23:45:28 GMT",Using Python tools to backtest PSA.PRS strategies - Earnings Overview Report & Precise Trade Entry Recommendations - Newser,Newser
"Sat, 30 Aug 2025 18:31:32 GMT",Short interest data insights for PSA.PRR - 2025 Price Momentum & Smart Investment Allocation Tips - Newser,Newser
"Sun, 31 Aug 2025 00:49:39 GMT",Will PSA.PRF stock recover after recent drop - July 2025 Market Mood & Weekly Breakout Stock Alerts - Newser,Newser
"Sat, 30 Aug 2025 21:53:12 GMT",How to use a screener to detect PSA.PRI breakouts - Stop Loss & Daily Stock Trend Reports - Newser,Newser
"Sat, 30 Aug 2025 22:37:34 GMT",Real time social sentiment graph for PSA.PRF - Weekly Market Summary & Expert Approved Momentum Ideas - Newser,Newser
"Sat, 30 Aug 2025 22:02:53 GMT",What to do if you’re stuck in PSA.PRH - 2025 Historical Comparison & Growth Oriented Trade Recommendations - Newser,Newser
"Sat, 30 Aug 2025 21:44:06 GMT",Is PSA.PRQ stock bottoming out - Earnings Overview Report & Safe Entry Point Identification - Newser,Newser
"Sat, 30 Aug 2025 22:21:27 GMT",Best data tools to analyze PSA.PRR stock - 2025 Stock Rankings & Weekly Setup with ROI Potential - Newser,Newser
"Sat, 30 Aug 2025 22:03:29 GMT",Detecting price anomalies in PSA.PRR with AI - Rate Cut & Daily Profit Maximizing Trade Tips - Newser,Newser
"Sat, 30 Aug 2025 18:14:32 GMT",Real time pattern detection on PSA.PRQ stock - Trade Ideas & AI Powered Market Entry Ideas - Newser,Newser
"Sat, 30 Aug 2025 20:44:25 GMT",Short interest data insights for PSA.PRO - Market Trend Review & Accurate Trade Setup Notifications - Newser,Newser
"Sat, 30 Aug 2025 21:43:07 GMT",Can swing trading help recover from PSA.PRS losses - July 2025 Trends & Stepwise Trade Signal Implementation - Newser,Newser
"Sat, 30 Aug 2025 21:43:46 GMT",Using data filters to optimize entry into PSA.PRL - Earnings Risk Summary & Fast Entry High Yield Tips - Newser,Newser
"Sat, 30 Aug 2025 15:44:16 GMT",What recovery options are there for PSA.PRI - Rate Cut & Free Weekly Watchlist of Top Performers - Newser,Newser
"Sun, 31 Aug 2025 06:45:29 GMT",What’s next for PSA.PRR stock price - July 2025 Technicals & Real-Time Stock Movement Alerts - Newser,Newser
"Sat, 30 Aug 2025 15:19:26 GMT",Price action breakdown for PSA.PRN - Earnings Overview Summary & Real-Time Market Sentiment Reports - Newser,Newser
"Sun, 31 Aug 2025 04:10:49 GMT",Real time alert setup for PSA.PRQ performance - IPO Watch & Low Risk Investment Opportunities - Newser,Newser
"Sun, 31 Aug 2025 05:26:33 GMT",PSA.PRM stock trend forecast - Index Update & Reliable Intraday Trade Plans - Newser,Newser
"Sun, 31 Aug 2025 04:34:58 GMT",Visual analytics tools that track PSA.PRO performance - Weekly Trade Review & Accurate Intraday Trade Tips - Newser,Newser
"Sun, 31 Aug 2025 05:08:35 GMT",Is PSA.PRP stock bottoming out - 2025 Trading Recap & Fast Exit and Entry Strategy Plans - Newser,Newser
"Sun, 31 Aug 2025 05:46:21 GMT",Analyzing PSA.PRM with multi timeframe charts - 2025 Historical Comparison & Risk Controlled Stock Pick Alerts - Newser,Newser
"Sun, 31 Aug 2025 03:10:25 GMT",What technical models suggest about PSA.PRO’s comeback - Weekly Profit Analysis & Safe Entry Zone Identification - Newser,Newser
"Sun, 31 Aug 2025 04:22:34 GMT",Using Bollinger Bands to evaluate PSA.PRF - July 2025 Short Interest & Weekly Return Optimization Alerts - Newser,Newser
"Sat, 30 Aug 2025 13:46:07 GMT",Will PSA.PRM continue its uptrend - 2025 Price Action Summary & Comprehensive Market Scan Insights - Newser,Newser
"Sun, 31 Aug 2025 04:01:11 GMT",How to forecast PSA.PRS trends using time series - Weekly Trend Report & Safe Entry Point Identification - Newser,Newser
"Sun, 31 Aug 2025 05:23:32 GMT",Best data tools to analyze PSA.PRR stock - 2025 Top Gainers & Fast Gain Stock Tips - Newser,Newser
"Sun, 31 Aug 2025 01:33:49 GMT",Price momentum metrics for PSA.PRL explained - July 2025 Opening Moves & Community Verified Watchlist Alerts - Newser,Newser
"Sun, 31 Aug 2025 02:43:41 GMT",Can PSA.PRM hit a new high this month - Trade Exit Summary & Long Hold Capital Preservation Tips - Newser,Newser
"Sun, 31 Aug 2025 01:06:33 GMT",What MACD signals say about PSA.PRN - July 2025 PostEarnings & Weekly Top Gainers Trade List - Newser,Newser
"Sun, 31 Aug 2025 02:13:55 GMT",Momentum divergence signals in PSA.PRJ chart - July 2025 Sector Moves & Daily Entry Point Trade Alerts - Newser,Newser
"Fri, 29 Aug 2025 14:30:42 GMT",CHARLOTTE KNIGHTS AND PSA AIRLINES ANNOUNCE THREE-YEAR PARTNERSHIP - MLB.com,MLB.com
"Sun, 31 Aug 2025 03:33:57 GMT",Will PSA.PRL benefit from macro trends - Market Trend Summary & Daily Momentum Trading Reports - Newser,Newser
"Sun, 31 Aug 2025 02:23:14 GMT",What machine learning models say about PSA.PRK - Weekly Gains Summary & Long Hold Capital Preservation Plans - Newser,Newser
"Sun, 31 Aug 2025 03:46:19 GMT",Live market analysis of PSA.PRF - Market Movement Recap & Stepwise Trade Signal Implementation - Newser,Newser
"Sun, 31 Aug 2025 00:47:28 GMT",Why PSA.PRL is moving today - 2025 Investor Takeaways & Daily Price Action Insights - Newser,Newser
"Sun, 31 Aug 2025 06:05:10 GMT",Is PSA.PRH stock poised for growth - Long Setup & Safe Capital Growth Stock Tips - Newser,Newser
"Sun, 31 Aug 2025 00:58:25 GMT",Why PSA.PRL is moving today - 2025 Earnings Impact & Capital Protection Trading Alerts - Newser,Newser
"Sun, 31 Aug 2025 03:36:22 GMT",Is PSA.PRO stock ready for a breakout - Market Performance Summary & Fast Exit and Entry Strategy Plans - Newser,Newser
"Sun, 31 Aug 2025 03:04:05 GMT",Is PSA.PRM trending in predictive chart models - Weekly Trade Review & Community Consensus Stock Picks - Newser,Newser
"Sun, 31 Aug 2025 02:06:19 GMT",How to monitor PSA.PRN with trend dashboards - Entry Point & Entry Point Confirmation Alerts - Newser,Newser
"Sun, 31 Aug 2025 02:42:03 GMT",Reversal indicators forming on PSA.PRO stock - 2025 Year in Review & Real-Time Stock Entry Alerts - Newser,Newser
"Sun, 31 Aug 2025 01:06:02 GMT",What’s next for PSA.PRH stock price - 2025 Price Momentum & AI Based Trade Execution Alerts - Newser,Newser
"Sun, 31 Aug 2025 02:53:37 GMT",PSA.PRM stock trend forecast - Market Growth Review & Low Volatility Stock Recommendations - Newser,Newser
"Sat, 30 Aug 2025 22:40:59 GMT",Real time social sentiment graph for PSA.PRF - 2025 Market WrapUp & Free Technical Confirmation Trade Alerts - Newser,Newser
"Sun, 31 Aug 2025 03:09:33 GMT",Using data filters to optimize entry into PSA.PRL - Take Profit & Weekly High Conviction Trade Ideas - Newser,Newser
"Sun, 31 Aug 2025 03:45:04 GMT",MetLife Investment Management LLC Sells 920 Shares of Public Storage $PSA - MarketBeat,MarketBeat
"Sat, 30 Aug 2025 06:59:13 GMT",How hedge fund analytics apply to PSA.PRK stock - 2025 Top Gainers & High Conviction Investment Ideas - Newser,Newser
"Sun, 31 Aug 2025 03:32:04 GMT",Can machine learning forecast PSA.PRJ recovery - Oil Prices & AI Driven Price Forecasts - Newser,Newser
"Sun, 31 Aug 2025 02:33:52 GMT",PSA.PRQ’s volatility index tracking explained - July 2025 Intraday Action & AI Forecasted Entry/Exit Points - Newser,Newser
"Sun, 31 Aug 2025 03:05:26 GMT",Using portfolio simulators with PSA.PRR included - Dollar Strength & AI Enhanced Execution Alerts - Newser,Newser
2025-08-26T22:05:00,Public Storage Declares Third Quarter 2025 Dividends,Yahoo
