Date,Title,Source
"Mon, 03 Nov 2025 22:45:02 GMT",Applied Materials (AMAT) Rises Higher Than Market: Key Facts - Yahoo! Finance Canada,Yahoo! Finance Canada
"Mon, 03 Nov 2025 12:54:05 GMT",What high frequency data says about AMAT - Gold Moves & Fast Entry Momentum Trade Alerts - newser.com,newser.com
"Sun, 02 Nov 2025 20:58:52 GMT","Bishop Amat, Charter Oak earn top seeds in CIF-SS football playoffs - San Gabriel Valley Tribune",San Gabriel Valley Tribune
"Sat, 01 Nov 2025 07:40:11 GMT",Serra football facing uncertain playoff future after loss to Bishop Amat - Daily Breeze,Daily Breeze
"Fri, 31 Oct 2025 07:00:00 GMT","Videos - Bishop Amat Lancers (La Puente, CA) Football - MaxPreps.com",MaxPreps.com
"Thu, 30 Oct 2025 19:15:59 GMT","How to watch California high school football: Serra Gardena vs. Bishop Amat, Oct. 31 - USA TODAY High School Sports",USA TODAY High School Sports
"Thu, 30 Oct 2025 11:30:00 GMT",Applied Materials (AMAT) sets fourth-quarter earnings call for Nov 13 at 4:30 p.m. ET - Stock Titan,Stock Titan
"Sun, 02 Nov 2025 11:47:13 GMT",Can AMAT stock sustain market leadership - Market Volume Summary & Entry and Exit Point Strategies - newser.com,newser.com
"Sun, 02 Nov 2025 19:21:23 GMT","Bishop Amat, Charter Oak earn top seeds in CIF-SS football playoffs - San Gabriel Valley Tribune",San Gabriel Valley Tribune
"Fri, 31 Oct 2025 13:11:59 GMT",How to watch Bishop Amat vs. Serra (Gardena) in Mission League football - Yahoo,Yahoo
"Mon, 03 Nov 2025 07:00:11 GMT",Is AMAT stock a safe buy before earnings - July 2025 Catalysts & Risk Controlled Stock Pick Alerts - newser.com,newser.com
"Sat, 01 Nov 2025 06:11:15 GMT",Bishop Amat football punches ticket to CIF-SS playoffs with win over Serra - San Gabriel Valley Tribune,San Gabriel Valley Tribune
"Fri, 31 Oct 2025 04:56:58 GMT",Can volume confirm reversal in AMAT - July 2025 Action & Daily Profit Focused Stock Screening - newser.com,newser.com
"Fri, 31 Oct 2025 05:34:17 GMT",How AMAT stock performs in weak economy - Long Setup & Detailed Earnings Play Alerts - newser.com,newser.com
"Mon, 03 Nov 2025 08:46:38 GMT",Will AMAT stock deliver strong dividend growth - 2025 Historical Comparison & Long-Term Capital Growth Strategies - newser.com,newser.com
"Thu, 30 Oct 2025 12:01:39 GMT",Why analysts remain bullish on AMAT stock - Portfolio Growth Summary & High Accuracy Buy Signal Tips - newser.com,newser.com
"Fri, 31 Oct 2025 06:57:10 GMT",Using flow based indicators on AMAT - Market Trend Summary & Daily Technical Forecast Reports - newser.com,newser.com
"Mon, 03 Nov 2025 07:08:20 GMT",Will AMAT continue its uptrend - Market Trend Summary & Daily Profit Maximizing Trade Tips - newser.com,newser.com
"Fri, 31 Oct 2025 06:04:27 GMT",Reversal indicators forming on AMAT stock - Earnings Trend Report & Growth Focused Stock Pick Reports - newser.com,newser.com
"Sat, 01 Nov 2025 17:33:27 GMT",Will AMAT continue its uptrend - Portfolio Return Report & Fast Gain Stock Trading Tips - newser.com,newser.com
"Sat, 01 Nov 2025 11:01:23 GMT",Is AMAT stock a defensive play in 2025 - July 2025 Opening Moves & Consistent Profit Trade Alerts - newser.com,newser.com
"Sun, 02 Nov 2025 06:59:55 GMT",What high frequency data says about AMAT - 2025 Institutional Moves & Weekly High Return Stock Forecasts - newser.com,newser.com
"Fri, 31 Oct 2025 07:00:00 GMT",Football Recap: Bishop Amat Wins Going Away Against Serra + How To Watch - MaxPreps.com,MaxPreps.com
"Fri, 31 Oct 2025 14:31:00 GMT","Morgan Stanley Maintains Applied Materials(AMAT.US) With Buy Rating, Raises Target Price to $256 - 富途牛牛",富途牛牛
"Thu, 30 Oct 2025 14:50:00 GMT","SOXX, AMD, AMAT, MRVL: Large Inflows Detected at ETF - Nasdaq",Nasdaq
"Sat, 01 Nov 2025 06:12:37 GMT",Can AMAT stock sustain market leadership - 2025 Market Sentiment & Daily Price Action Insights - newser.com,newser.com
"Fri, 31 Oct 2025 10:47:45 GMT",How AMAT stock performs in weak economy - 2025 Market Overview & Daily Price Action Insights - newser.com,newser.com
"Fri, 31 Oct 2025 08:25:51 GMT",Will AMAT stock attract more institutional investors - Weekly Risk Summary & High Accuracy Buy Signal Tips - newser.com,newser.com
"Fri, 31 Oct 2025 15:29:05 GMT",Is AMAT stock a safe buy before earnings - 2025 Historical Comparison & AI Based Buy and Sell Signals - newser.com,newser.com
"Fri, 31 Oct 2025 07:10:00 GMT",Volume spikes in AMAT stock – what they mean - July 2025 Update & Consistent Profit Alerts - newser.com,newser.com
"Thu, 30 Oct 2025 15:38:48 GMT","Is Now The Time To Look At Buying Applied Materials, Inc. (NASDAQ:AMAT)? - 富途牛牛",富途牛牛
"Thu, 30 Oct 2025 09:19:03 GMT",Why retail investors pile into AMAT stock - July 2025 Institutional & Verified Swing Trading Watchlist - newser.com,newser.com
"Sun, 02 Nov 2025 07:00:43 GMT","Jordi Amat, interview: ""There is a very difficult relationship to resolve between the global city that is Barcelona and the Catalan nation"" - Diari ARA",Diari ARA
"Thu, 30 Oct 2025 21:00:12 GMT",Jordi Amat's Barcelona: a diagnosis of the city's social and cultural malaise - Diari ARA,Diari ARA
"Fri, 31 Oct 2025 05:00:00 GMT","Biathlon | “The wind has a little less influence on the balls”: Jean-Pierre Amat explains how the new architecture of the Antholz stadium, which will host the 2026 Olympics, has changed the difficulty of shooting - Nordic Mag",Nordic Mag
2025-10-30T12:30:00,"Applied Materials to Report Fourth Quarter and Fiscal 2025 Results on Nov. 13, 2025",Yahoo
