Date,Title,Source
2025-09-29T08:20:55Z,Patton Fund Management Inc. Buys New Stake in Union Pacific Corporation $UNP,ETF Daily News
2025-09-25T22:53:17Z,Here's How Much $1000 Invested In Union Pacific 20 Years Ago Would Be Worth Today,Biztoc.com
"Tue, 30 Sep 2025 05:40:02 GMT",(UNP) Risk Channels and Responsive Allocation - news.stocktradersdaily.com,news.stocktradersdaily.com
"Mon, 29 Sep 2025 12:04:00 GMT",Warren Buffett Detailed Fundamental Analysis - UNP - Nasdaq,Nasdaq
"Mon, 29 Sep 2025 11:23:42 GMT",Union Pacific Corporation $UNP Shares Acquired by Smith Chas P & Associates PA Cpas - MarketBeat,MarketBeat
"Sun, 28 Sep 2025 15:58:26 GMT",Union Pacific (UNP) Surges After Acquisition Announcement - GuruFocus,GuruFocus
"Thu, 25 Sep 2025 16:20:00 GMT",New Analyst Forecast: $UNP Given $272.0 Price Target - Quiver Quantitative,Quiver Quantitative
"Mon, 29 Sep 2025 17:28:02 GMT",Behavioral Patterns of UNP and Institutional Flows - news.stocktradersdaily.com,news.stocktradersdaily.com
"Mon, 29 Sep 2025 14:49:00 GMT","Notable ETF Inflow Detected - AVLV, UNP, PGR, DE - Nasdaq",Nasdaq
"Mon, 29 Sep 2025 11:11:13 GMT",Oakworth Capital Inc. Cuts Stock Holdings in Union Pacific Corporation $UNP - MarketBeat,MarketBeat
"Sun, 28 Sep 2025 13:26:24 GMT",Union Pacific Corporation $UNP Shares Purchased by Smith Salley Wealth Management - MarketBeat,MarketBeat
"Sun, 28 Sep 2025 10:51:55 GMT","KG&L Capital Management LLC Sells 2,675 Shares of Union Pacific Corporation $UNP - MarketBeat",MarketBeat
"Fri, 26 Sep 2025 00:02:00 GMT",Susquehanna Maintains Union Pacific (UNP) Positive Recommendation - Nasdaq,Nasdaq
"Sun, 28 Sep 2025 11:47:08 GMT",Union Pacific Corporation $UNP Shares Bought by James Hambro & Partners LLP - MarketBeat,MarketBeat
"Thu, 25 Sep 2025 14:41:00 GMT",November 7th Options Now Available For Union Pacific (UNP) - Nasdaq,Nasdaq
"Sun, 28 Sep 2025 10:39:03 GMT",Signaturefd LLC Lowers Stake in Union Pacific Corporation $UNP - MarketBeat,MarketBeat
"Sun, 28 Sep 2025 11:47:09 GMT",Avior Wealth Management LLC Decreases Position in Union Pacific Corporation $UNP - MarketBeat,MarketBeat
"Sat, 27 Sep 2025 09:43:23 GMT",West Branch Capital LLC Decreases Holdings in Union Pacific Corporation $UNP - MarketBeat,MarketBeat
"Fri, 26 Sep 2025 10:05:12 GMT","EdgeRock Capital LLC Makes New $364,000 Investment in Union Pacific Corporation $UNP - MarketBeat",MarketBeat
"Fri, 26 Sep 2025 10:03:07 GMT","Vision Capital Management Inc. Acquires Shares of 1,143 Union Pacific Corporation $UNP - MarketBeat",MarketBeat
"Fri, 26 Sep 2025 09:49:11 GMT","CX Institutional Sells 10,717 Shares of Union Pacific Corporation $UNP - MarketBeat",MarketBeat
"Fri, 26 Sep 2025 10:05:11 GMT",Cambridge Advisors Inc. Reduces Position in Union Pacific Corporation $UNP - MarketBeat,MarketBeat
"Fri, 26 Sep 2025 10:07:11 GMT",Novem Group Invests $1.02 Million in Union Pacific Corporation $UNP - MarketBeat,MarketBeat
"Thu, 25 Sep 2025 11:27:24 GMT",Union Pacific Corporation $UNP Shares Purchased by Essex Financial Services Inc. - MarketBeat,MarketBeat
"Thu, 25 Sep 2025 15:50:01 GMT",Technical Reactions to UNP Trends in Macro Strategies - news.stocktradersdaily.com,news.stocktradersdaily.com
"Thu, 25 Sep 2025 09:30:28 GMT",Harrell Investment Partners LLC Boosts Stock Position in Union Pacific Corporation $UNP - MarketBeat,MarketBeat
"Sat, 27 Sep 2025 23:37:13 GMT","UNP lifts all bans, disciplinary action on SJB defectors - MSN",MSN
"Thu, 25 Sep 2025 16:08:45 GMT",Wajira invites Rajapaksa brothers to UNP anniversary - Hiru News,Hiru News
"Sat, 27 Sep 2025 16:11:13 GMT",UNP launches new programme for youth activists - Hiru News,Hiru News
"Tue, 30 Sep 2025 06:57:22 GMT",Can Union Pacific Corporation (UNP) stock test all time highs - 2025 Historical Comparison & Weekly Watchlist for Hot Stocks - newser.com,newser.com
"Tue, 30 Sep 2025 04:57:41 GMT",Will Union Pacific Corporation (UNP) stock deliver stable dividends - July 2025 Summary & Fast Momentum Entry Tips - newser.com,newser.com
"Tue, 30 Sep 2025 06:08:59 GMT",Is Union Pacific Corporation (UNP) stock in buy zone after pullback - July 2025 Retail & Technical Pattern Alert System - newser.com,newser.com
"Tue, 30 Sep 2025 04:59:35 GMT",Is Union Pacific Corporation (UNP) stock in buy zone after pullback - Quarterly Portfolio Report & Advanced Swing Trade Entry Plans - newser.com,newser.com
"Tue, 30 Sep 2025 05:07:41 GMT",Can Union Pacific Corporation (UNP) stock test all time highs - Trade Analysis Report & Expert-Curated Trade Recommendations - newser.com,newser.com
"Mon, 29 Sep 2025 20:15:07 GMT",How analysts revise price targets for Union Pacific Corporation (UNP) stock - Trade Risk Report & Weekly Sector Rotation Insights - newser.com,newser.com
"Mon, 29 Sep 2025 17:58:36 GMT",Will UNP stock deliver compounding returns - 2025 Fundamental Recap & Risk Controlled Stock Alerts - newser.com,newser.com
"Mon, 29 Sep 2025 15:31:31 GMT",Why UNP stock gets analyst attention - 2025 Major Catalysts & Real-Time Price Movement Reports - newser.com,newser.com
"Mon, 29 Sep 2025 13:23:55 GMT",Will UNP stock deliver compounding returns - July 2025 Chart Watch & Free Reliable Trade Execution Plans - newser.com,newser.com
"Mon, 29 Sep 2025 13:16:32 GMT",Is Union Pacific Corporation (UNP) stock a buy for dividend portfolios - 2025 Price Action Summary & Free Long-Term Investment Growth Plans - newser.com,newser.com
"Tue, 30 Sep 2025 04:45:57 GMT",Is UNP stock nearing a technical breakout - 2025 Market Trends & Long Hold Capital Preservation Plans - newser.com,newser.com
"Mon, 29 Sep 2025 11:46:45 GMT",Will Union Pacific Corporation (UNP) stock deliver stable dividends - Market Trend Review & Verified Technical Signals - newser.com,newser.com
"Tue, 30 Sep 2025 05:51:38 GMT",Will Union Pacific Corporation (UNP) stock deliver stable dividends - 2025 Key Lessons & Weekly Top Gainers Alerts - newser.com,newser.com
"Tue, 30 Sep 2025 04:58:00 GMT",Will Union Pacific Corporation (UNP) stock beat revenue estimates - Portfolio Risk Summary & Safe Swing Trade Setup Alerts - newser.com,newser.com
"Sat, 27 Sep 2025 19:51:51 GMT",Is Union Pacific Corporation (UNP) stock worth holding before Fed meeting - Earnings Beat & Weekly Watchlist of Top Performers - newser.com,newser.com
"Sat, 27 Sep 2025 18:02:58 GMT",Can Union Pacific Corporation (UNP) stock test all time highs - Entry Point & Long-Term Capital Growth Strategies - newser.com,newser.com
"Mon, 29 Sep 2025 11:43:28 GMT",Will UNP stock outperform Dow Jones - Portfolio Profit Report & Short-Term Trading Opportunity Alerts - newser.com,newser.com
"Mon, 29 Sep 2025 20:17:40 GMT",Will Union Pacific Corporation (UNP) stock beat revenue estimates - Earnings Trend Report & Daily Growth Stock Tips - newser.com,newser.com
"Sat, 27 Sep 2025 05:18:24 GMT",Why Union Pacific Corporation (UNP) stock is upgraded to buy - Weekly Market Outlook & Technical Confirmation Trade Alerts - newser.com,newser.com
"Mon, 29 Sep 2025 08:27:06 GMT",How analysts revise price targets for Union Pacific Corporation (UNP) stock - Trend Reversal & Stepwise Swing Trade Plans - newser.com,newser.com
"Mon, 29 Sep 2025 08:22:11 GMT",Is UNP stock nearing a technical breakout - 2025 Stock Rankings & Expert Approved Momentum Ideas - newser.com,newser.com
"Sun, 28 Sep 2025 02:30:21 GMT",Is Union Pacific Corporation (UNP) stock worth holding before Fed meeting - 2025 Fundamental Recap & AI Based Buy and Sell Signals - newser.com,newser.com
"Tue, 30 Sep 2025 06:09:50 GMT",Union Pacific Corporation (NYSE:UNP) Given Average Rating of “Moderate Buy” by Brokerages - Defense World,Defense World
"Mon, 29 Sep 2025 10:56:37 GMT",Is Union Pacific Corporation (UNP) stock worth holding before Fed meeting - Market Performance Report & Weekly Sector Rotation Insights - newser.com,newser.com
"Mon, 29 Sep 2025 10:27:57 GMT",How analysts revise price targets for Union Pacific Corporation (UNP) stock - 2025 Trading Volume Trends & Daily Growth Stock Tips - newser.com,newser.com
"Mon, 29 Sep 2025 08:00:41 GMT",Is Union Pacific Corporation (UNP) stock in buy zone after pullback - July 2025 Highlights & Real-Time Market Sentiment Alerts - newser.com,newser.com
"Mon, 29 Sep 2025 07:36:47 GMT",Is Union Pacific Corporation (UNP) stock worth holding before Fed meeting - 2025 Top Gainers & Technical Pattern Alert System - newser.com,newser.com
"Sat, 27 Sep 2025 10:58:31 GMT",Will UNP stock outperform Dow Jones - 2025 Volatility Report & Verified Entry Point Signals - newser.com,newser.com
"Mon, 29 Sep 2025 05:24:13 GMT",Will UNP stock outperform Dow Jones - Jobs Report & Weekly Breakout Opportunity Watchlist - newser.com,newser.com
"Mon, 29 Sep 2025 10:22:37 GMT",Is Union Pacific Corporation (UNP) stock worth holding before Fed meeting - Quarterly Profit Report & AI Driven Price Forecasts - newser.com,newser.com
"Mon, 29 Sep 2025 05:56:05 GMT",How analysts revise price targets for Union Pacific Corporation (UNP) stock - New Guidance & Smart Money Movement Alerts - newser.com,newser.com
2025-09-26T02:02:58,Susquehanna Maintains Union Pacific (UNP) Positive Recommendation,Fintel
2025-09-25T14:00:00,Union Pacific Corporation Announces Third Quarter 2025 Earnings Release Date,Yahoo
2025-09-27T11:05:01,"Railroads magnates, what do you think of the 85bln $ merger between UNP and NSC merger?",Reddit/r/stocks
