Date,Title,Source
"Mon, 27 Oct 2025 21:45:03 GMT",Cisco Systems (CSCO) Ascends But Remains Behind Market: Some Facts to Note - Yahoo Finance,Yahoo Finance
"Tue, 28 Oct 2025 04:53:25 GMT",Using data filters to optimize entry into CSCO - 2025 Breakouts & Breakdowns & Trade Opportunity Analysis Reports - newser.com,newser.com
"Mon, 27 Oct 2025 16:07:42 GMT","Cisco Systems: Value Maxed Out, Switch Off (NASDAQ:CSCO) - Seeking Alpha",Seeking Alpha
"Mon, 27 Oct 2025 11:14:21 GMT","Cisco Systems, Inc. $CSCO Shares Acquired by Guinness Asset Management LTD - MarketBeat",MarketBeat
"Tue, 28 Oct 2025 02:47:01 GMT",Is a relief rally coming for CSCO holders - Portfolio Growth Summary & Intraday High Probability Setup Alerts - newser.com,newser.com
"Mon, 27 Oct 2025 10:16:15 GMT","Cisco Systems, Inc. $CSCO is Garland Capital Management Inc.'s 5th Largest Position - MarketBeat",MarketBeat
"Tue, 28 Oct 2025 04:42:42 GMT",How CSCO stock reacts to job market data - Inflation Watch & Technical Pattern Based Buy Signals - newser.com,newser.com
"Mon, 27 Oct 2025 10:34:16 GMT","Cisco Systems, Inc. $CSCO is Convergence Investment Partners LLC's 8th Largest Position - MarketBeat",MarketBeat
"Tue, 28 Oct 2025 05:37:47 GMT",How to monitor CSCO with trend dashboards - Earnings Risk Report & Precise Trade Entry Recommendations - newser.com,newser.com
"Mon, 27 Oct 2025 10:09:50 GMT","Banco Santander S.A. Grows Position in Cisco Systems, Inc. $CSCO - MarketBeat",MarketBeat
"Tue, 28 Oct 2025 01:34:18 GMT",Risk vs reward if holding onto CSCO - Weekly Volume Report & Smart Money Movement Alerts - newser.com,newser.com
"Mon, 27 Oct 2025 23:37:36 GMT",Is a relief rally coming for CSCO holders - Rate Cut & Weekly Chart Analysis and Trade Guides - newser.com,newser.com
"Tue, 28 Oct 2025 00:25:24 GMT",How CSCO stock reacts to job market data - Weekly Investment Recap & Stock Timing and Entry Methods - newser.com,newser.com
"Tue, 28 Oct 2025 05:38:31 GMT",Will CSCO continue its uptrend - Bond Market & Smart Investment Allocation Insights - newser.com,newser.com
"Mon, 27 Oct 2025 14:09:13 GMT",Using R and stats models for CSCO forecasting - July 2025 Short Interest & AI Driven Stock Reports - newser.com,newser.com
"Mon, 27 Oct 2025 13:18:10 GMT",Analyzing net buyer seller activity in CSCO - 2025 Market Outlook & Fast Momentum Stock Entry Tips - newser.com,newser.com
"Mon, 27 Oct 2025 11:26:56 GMT",How to monitor CSCO with trend dashboards - Gold Moves & Precise Entry and Exit Recommendations - newser.com,newser.com
"Mon, 27 Oct 2025 09:32:25 GMT",Analyzing net buyer seller activity in CSCO - July 2025 Setups & AI Enhanced Trading Signals - newser.com,newser.com
"Mon, 27 Oct 2025 06:42:55 GMT",How CSCO stock reacts to job market data - 2025 Price Momentum & Smart Money Movement Tracker - newser.com,newser.com
"Mon, 27 Oct 2025 04:52:32 GMT",Chart overlay techniques for tracking CSCO - Weekly Stock Report & High Accuracy Swing Trade Signals - newser.com,newser.com
"Sat, 25 Oct 2025 09:01:43 GMT",Cisco’s Valuation Has Caught Up To Reality (NASDAQ:CSCO) - Seeking Alpha,Seeking Alpha
"Mon, 27 Oct 2025 04:10:52 GMT",Intraday pattern recognizer results for CSCO - Bull Run & Safe Capital Growth Plans - newser.com,newser.com
"Mon, 27 Oct 2025 03:43:14 GMT",Visual analytics tools that track CSCO performance - Stop Loss & Stock Portfolio Risk Control - newser.com,newser.com
"Mon, 27 Oct 2025 07:34:35 GMT",Is a relief rally coming for CSCO holders - Stop Loss & AI Driven Price Forecasts - newser.com,newser.com
"Sun, 26 Oct 2025 07:43:59 GMT",Should Cisco Systems’ (CSCO) AI-Powered Cybersecurity Launch in Toronto Shape Investor Expectations? - simplywall.st,simplywall.st
"Sun, 26 Oct 2025 18:57:54 GMT",Using data filters to optimize entry into CSCO - 2025 Risk Factors & Technical Buy Zone Confirmations - newser.com,newser.com
"Mon, 27 Oct 2025 04:41:20 GMT",Analyzing net buyer seller activity in CSCO - July 2025 Weekly Recap & Trade Opportunity Analysis - newser.com,newser.com
"Mon, 27 Oct 2025 06:04:46 GMT",Visual analytics tools that track CSCO performance - Trade Signal Summary & Daily Profit Maximizing Tips - newser.com,newser.com
"Mon, 27 Oct 2025 14:00:37 GMT",Intraday pattern recognizer results for CSCO - July 2025 Drop Watch & High Return Trade Opportunity Guides - newser.com,newser.com
"Mon, 27 Oct 2025 06:51:33 GMT",Using data filters to optimize entry into CSCO - Wall Street Watch & Growth-Oriented Investment Plans - newser.com,newser.com
"Fri, 24 Oct 2025 14:43:00 GMT",Interesting CSCO Put And Call Options For February 2026 - Nasdaq,Nasdaq
"Sun, 26 Oct 2025 13:30:29 GMT","Resonant Capital Advisors LLC Buys 5,996 Shares of Cisco Systems, Inc. $CSCO - MarketBeat",MarketBeat
"Sun, 26 Oct 2025 13:30:23 GMT","Oppenheimer Asset Management Inc. Reduces Stake in Cisco Systems, Inc. $CSCO - MarketBeat",MarketBeat
"Mon, 27 Oct 2025 12:26:12 GMT",Visual analytics tools that track CSCO performance - July 2025 Rallies & Intraday High Probability Alerts - newser.com,newser.com
"Mon, 27 Oct 2025 12:17:48 GMT",Is a relief rally coming for CSCO holders - Quarterly Trade Review & Stock Market Timing Techniques - newser.com,newser.com
"Mon, 27 Oct 2025 11:39:44 GMT",Is a relief rally coming for CSCO holders - Insider Buying & Expert Verified Stock Movement Alerts - newser.com,newser.com
"Sun, 26 Oct 2025 02:26:40 GMT",Is a relief rally coming for CSCO holders - Take Profit & Precise Swing Trade Entry Alerts - newser.com,newser.com
"Sun, 26 Oct 2025 04:53:58 GMT",Will CSCO stock outperform value stocks - 2025 Trading Volume Trends & Free Weekly Chart Analysis and Trade Guides - newser.com,newser.com
"Sat, 25 Oct 2025 11:04:26 GMT","Cisco Systems, Inc. $CSCO Shares Purchased by AlTi Global Inc. - MarketBeat",MarketBeat
"Sat, 25 Oct 2025 13:10:31 GMT","Curio Wealth LLC Raises Stock Position in Cisco Systems, Inc. $CSCO - MarketBeat",MarketBeat
"Sun, 26 Oct 2025 01:13:37 GMT",Risk vs reward if holding onto CSCO - Market Sentiment Summary & Risk Adjusted Buy/Sell Alerts - newser.com,newser.com
"Mon, 27 Oct 2025 04:11:41 GMT",Will CSCO stock outperform value stocks - July 2025 Update & AI Powered Market Entry Strategies - newser.com,newser.com
"Mon, 27 Oct 2025 04:05:31 GMT",Will CSCO stock outperform value stocks - Quarterly Performance Summary & Technical Entry and Exit Tips - newser.com,newser.com
"Sun, 26 Oct 2025 00:31:52 GMT",Risk vs reward if holding onto CSCO - Chart Signals & Real-Time Chart Pattern Alerts - newser.com,newser.com
"Mon, 27 Oct 2025 06:08:50 GMT",Risk vs reward if holding onto CSCO - July 2025 Rallies & Low Drawdown Investment Strategies - newser.com,newser.com
"Sun, 26 Oct 2025 18:56:58 GMT",Will CSCO stock outperform value stocks - Portfolio Risk Report & Weekly Watchlist of Top Performers - newser.com,newser.com
"Fri, 24 Oct 2025 14:14:57 GMT","Cisco Systems, Inc. $CSCO is DDD Partners LLC's 8th Largest Position - MarketBeat",MarketBeat
"Fri, 24 Oct 2025 15:35:00 GMT","FDN, CSCO, DASH, RBLX: Large Outflows Detected at ETF - Nasdaq",Nasdaq
"Fri, 24 Oct 2025 14:16:29 GMT","West Michigan Advisors LLC Acquires 6,311 Shares of Cisco Systems, Inc. $CSCO - MarketBeat",MarketBeat
"Mon, 27 Oct 2025 06:56:09 GMT",How CSCO stock reacts to job market data - Oil Prices & Smart Swing Trading Alerts - newser.com,newser.com
"Mon, 27 Oct 2025 04:18:38 GMT",Will CSCO stock outperform value stocks - Trade Risk Report & Free Expert Approved Momentum Trade Ideas - newser.com,newser.com
"Sun, 26 Oct 2025 18:23:37 GMT",How CSCO stock reacts to job market data - Short Setup & Weekly Chart Analysis and Guides - newser.com,newser.com
"Thu, 23 Oct 2025 13:37:24 GMT","Cisco Systems, Inc. $CSCO Shares Purchased by Cadinha & Co. LLC - MarketBeat",MarketBeat
"Thu, 23 Oct 2025 11:26:18 GMT","Cisco Systems, Inc. $CSCO Shares Bought by Forum Financial Management LP - MarketBeat",MarketBeat
"Thu, 23 Oct 2025 11:44:32 GMT","RNC Capital Management LLC Sells 7,531 Shares of Cisco Systems, Inc. $CSCO - MarketBeat",MarketBeat
"Sun, 26 Oct 2025 17:44:23 GMT",Risk vs reward if holding onto CSCO - 2025 Historical Comparison & Precise Swing Trade Entry Alerts - newser.com,newser.com
"Thu, 23 Oct 2025 16:00:00 GMT","Cisco (NASDAQ: CSCO) and LA deploy free Wi‑Fi on Crenshaw Corridor, with 1.5 miles of fiber - Stock Titan",Stock Titan
"Sun, 26 Oct 2025 01:18:43 GMT",How CSCO stock reacts to job market data - July 2025 Final Week & High Yield Stock Recommendations - newser.com,newser.com
"Thu, 23 Oct 2025 10:25:59 GMT","18,834 Shares in Cisco Systems, Inc. $CSCO Acquired by Cookson Peirce & Co. Inc. - MarketBeat",MarketBeat
"Sun, 26 Oct 2025 03:35:22 GMT",Visual analytics tools that track CSCO performance - Market Activity Summary & Real-Time Sentiment Analysis - newser.com,newser.com
"Thu, 23 Oct 2025 15:05:00 GMT",CSCO December 5th Options Begin Trading - Nasdaq,Nasdaq
"Thu, 23 Oct 2025 08:15:58 GMT",(CSCO) Investment Analysis and Advice (CSCO:CA) - news.stocktradersdaily.com,news.stocktradersdaily.com
"Sat, 25 Oct 2025 08:35:44 GMT",Risk vs reward if holding onto CSCO - Market Trend Summary & Daily Oversold Stock Bounce Ideas - newser.com,newser.com
"Thu, 23 Oct 2025 13:25:47 GMT","Schaper Benz & Wise Investment Counsel Inc. WI Sells 10,527 Shares of Cisco Systems, Inc. $CSCO - MarketBeat",MarketBeat
"Fri, 24 Oct 2025 17:19:33 GMT",Using R and stats models for CSCO forecasting - 2025 Breakouts & Breakdowns & Weekly Chart Analysis and Trade Guides - newser.com,newser.com
"Fri, 24 Oct 2025 11:27:10 GMT",Cisco Systems (CSCO) Increases Despite Market Slip: Here's What You Need to Know - MSN,MSN
2025-10-27T14:06:21,Jim Cramer Recommends This ‘Very Low Multiple’ AI Stock,Yahoo
2025-10-25T07:01:43,Cisco's Valuation Has Caught Up To Reality,SeekingAlpha
2025-10-24T19:10:00,Strong Portfolio Aids Cisco's Security Revenues: More Upside Ahead?,Yahoo
2025-10-23T18:00:00,"City of Los Angeles, LA Nonprofits Partner with Cisco to Launch New Community Wi-Fi",Yahoo
