Date,Title,Source
2025-10-23T02:35:35Z,BofA Lifts PT on Palo Alto Networks (PANW) to $240 From $215,Yahoo Entertainment
"Tue, 28 Oct 2025 03:23:00 GMT",Palo Alto Networks (PANW): Valuation Insights After IGEL Partnership Expands Secure Browser Offering - simplywall.st,simplywall.st
"Tue, 28 Oct 2025 06:12:41 GMT",Will PANW stock maintain growth story - 2025 Geopolitical Influence & Reliable Volume Spike Alerts - newser.com,newser.com
"Tue, 28 Oct 2025 05:40:49 GMT","Citizens JMP Maintains Palo Alto Networks(PANW.US) With Buy Rating, Raises Target Price to $250 - 富途牛牛",富途牛牛
"Mon, 27 Oct 2025 14:21:00 GMT",New Analyst Forecast: $PANW Given 'Market Outperform' Rating - Quiver Quantitative,Quiver Quantitative
"Mon, 27 Oct 2025 18:10:00 GMT",Ayrshire Loads Up PANW With 37K Shares Worth $7.6 Million - The Motley Fool,The Motley Fool
"Mon, 27 Oct 2025 14:05:57 GMT",Palo Alto Networks (PANW) Gains as Analysts Boost Outlook - GuruFocus,GuruFocus
"Mon, 27 Oct 2025 19:19:14 GMT",Ayrshire Loads Up PANW With 37K Shares Worth $7.6 Million - sharewise.com,sharewise.com
"Thu, 23 Oct 2025 21:45:04 GMT",Palo Alto Networks (PANW) Surpasses Market Returns: Some Facts Worth Knowing - Yahoo Finance,Yahoo Finance
"Mon, 27 Oct 2025 22:31:42 GMT",What is the fair value of PANW stock now - July 2025 Retail & Smart Allocation Stock Tips - newser.com,newser.com
"Mon, 27 Oct 2025 13:03:45 GMT",PANW: JMP Securities Raises Price Target to $250 on Market Outpe - GuruFocus,GuruFocus
"Mon, 27 Oct 2025 23:16:01 GMT",Risk adjusted return profile for PANW analyzed - Weekly Investment Recap & Expert Curated Trade Ideas - newser.com,newser.com
"Sun, 26 Oct 2025 09:45:53 GMT",How IGEL's Prisma Browser Integration With Palo Alto Networks (PANW) Reflects Its Cloud Security Ambitions - simplywall.st,simplywall.st
"Tue, 28 Oct 2025 04:41:26 GMT",Is PANW stock dividend yield sustainable - 2025 Top Gainers & High Accuracy Buy Signal Tips - newser.com,newser.com
"Tue, 28 Oct 2025 04:27:19 GMT",Combining machine learning predictions for PANW - Weekly Loss Report & Consistent Return Investment Signals - newser.com,newser.com
"Mon, 27 Oct 2025 11:07:43 GMT",What is the fair value of PANW stock now - Market Growth Summary & Community Consensus Picks - newser.com,newser.com
"Tue, 28 Oct 2025 05:28:52 GMT",Will a bounce in PANW offer an exit - Bear Alert & Real-Time Stock Movement Alerts - newser.com,newser.com
"Mon, 27 Oct 2025 13:17:07 GMT",What is the fair value of PANW stock now - Analyst Downgrade & Fast Entry High Yield Stock Tips - newser.com,newser.com
"Mon, 27 Oct 2025 06:46:20 GMT",Is PANW stock bottoming out - July 2025 Earnings & Weekly Chart Analysis and Guides - newser.com,newser.com
"Mon, 27 Oct 2025 00:45:49 GMT",Risk adjusted return profile for PANW analyzed - July 2025 PostEarnings & Risk Controlled Stock Pick Alerts - newser.com,newser.com
"Sun, 26 Oct 2025 20:26:55 GMT",Risk adjusted return profile for PANW analyzed - Portfolio Value Report & Stepwise Trade Execution Plans - newser.com,newser.com
"Sun, 26 Oct 2025 17:40:59 GMT",Risk adjusted return profile for PANW analyzed - July 2025 Earnings & Trade Opportunity Analysis Reports - newser.com,newser.com
"Mon, 27 Oct 2025 15:46:56 GMT","SA analyst upgrades/downgrades: PLTR, PANW, PEP, and HTZ - MSN",MSN
"Sun, 26 Oct 2025 08:40:38 GMT",What is the fair value of PANW stock now - Weekly Stock Recap & Safe Investment Capital Preservation Plans - newser.com,newser.com
"Sun, 26 Oct 2025 17:20:24 GMT",Is PANW stock dividend yield sustainable - Volume Spike & Long-Term Safe Investment Plans - newser.com,newser.com
"Mon, 27 Oct 2025 00:37:26 GMT",Regression analysis insights on Themes Etf Trust Leverage Shares 2x Long Panw Daily Etf performance - July 2025 Fed Impact & AI Powered Market Entry Strategies - newser.com,newser.com
"Mon, 27 Oct 2025 01:27:22 GMT",Regression analysis insights on Themes Etf Trust Leverage Shares 2x Long Panw Daily Etf performance - 2025 Risk Factors & AI Enhanced Trade Execution Alerts - newser.com,newser.com
"Sun, 26 Oct 2025 05:24:56 GMT",What is the fair value of PANW stock now - July 2025 Closing Moves & AI Forecasted Stock Moves - newser.com,newser.com
"Sun, 26 Oct 2025 09:48:38 GMT",Can PANW hit a new high this month - July 2025 Intraday Action & AI Enhanced Market Trend Forecasts - newser.com,newser.com
"Sat, 25 Oct 2025 12:26:16 GMT",Is PANW stock bottoming out - 2025 Market Outlook & Weekly Top Gainers Alerts - newser.com,newser.com
"Sat, 25 Oct 2025 10:13:51 GMT",Palo Alto Networks (PANW) Reaches Record High Since IPO - GuruFocus,GuruFocus
"Mon, 27 Oct 2025 07:09:21 GMT",What is the fair value of PANW stock now - Profit Target & Consistent Return Investment Signals - newser.com,newser.com
"Mon, 27 Oct 2025 05:12:52 GMT",Is PANW stock bottoming out - CEO Change & Verified Technical Signals - newser.com,newser.com
"Mon, 27 Oct 2025 05:16:17 GMT",Is PANW stock dividend yield sustainable - 2025 Top Decliners & Community Consensus Trade Signals - newser.com,newser.com
"Sun, 26 Oct 2025 00:50:31 GMT",Short interest data insights for PANW - Weekly Market Outlook & Low Volatility Stock Suggestions - newser.com,newser.com
"Mon, 27 Oct 2025 01:56:42 GMT",Is PANW stock bottoming out - 2025 Historical Comparison & AI Driven Stock Movement Reports - newser.com,newser.com
"Mon, 27 Oct 2025 01:05:45 GMT",Short interest data insights for PANW - 2025 Trading Volume Trends & Real-Time Market Sentiment Alerts - newser.com,newser.com
"Sun, 26 Oct 2025 22:36:02 GMT",What Wall Street predicts for PANW stock price - Sell Signal & Reliable Price Action Trade Plans - newser.com,newser.com
"Thu, 23 Oct 2025 15:26:00 GMT",December 5th Options Now Available For Palo Alto Networks (PANW) - Nasdaq,Nasdaq
"Sun, 26 Oct 2025 03:54:04 GMT",PANW stock daily chart insights - Trade Volume Report & Free Weekly Chart Analysis and Trade Guides - newser.com,newser.com
"Sun, 26 Oct 2025 00:32:04 GMT",Can PANW hit a new high this month - July 2025 Retail & Consistent Profit Trade Alerts - newser.com,newser.com
"Sat, 25 Oct 2025 09:05:14 GMT",Is PANW stock dividend yield sustainable - Weekly Volume Report & AI Driven Price Predictions - newser.com,newser.com
"Sat, 25 Oct 2025 13:37:16 GMT",Can PANW hit a new high this month - Quarterly Market Review & Momentum Based Trading Signals - newser.com,newser.com
"Sat, 25 Oct 2025 17:06:07 GMT",What is the fair value of PANW stock now - July 2025 PreEarnings & Verified Momentum Stock Watchlist - newser.com,newser.com
"Thu, 23 Oct 2025 21:45:04 GMT",Palo Alto Networks (PANW) Surpasses Market Returns: Some Facts Worth Knowing - sharewise.com,sharewise.com
"Sat, 25 Oct 2025 12:22:53 GMT",Is Themes Etf Trust Leverage Shares 2x Long Panw Daily Etf stock reversal real or fake - July 2025 Review & Capital Efficiency Focused Strategies - newser.com,newser.com
"Thu, 23 Oct 2025 13:14:44 GMT",Should You Invest in Palo Alto (PANW) Based on Bullish Wall Street Views? - MSN,MSN
"Tue, 28 Oct 2025 06:27:30 GMT",JMP Securities Issues Positive Forecast for Palo Alto Networks (NASDAQ:PANW) Stock Price - Defense World,Defense World
2025-10-23T23:45:04,Palo Alto Networks (PANW) Surpasses Market Returns: Some Facts Worth Knowing,Yahoo
2025-10-23T04:35:35,BofA Lifts PT on Palo Alto Networks (PANW) to $240 From $215,Yahoo
