Date,Title,Source
2025-10-24T17:57:56Z,Datadog Earnings Preview: What to Expect,Biztoc.com
"Tue, 28 Oct 2025 02:15:07 GMT",Will DDOG rebound enough to break even - Rate Hike & Consistent Income Trade Ideas - newser.com,newser.com
"Mon, 27 Oct 2025 11:13:22 GMT","AustralianSuper Pty Ltd Acquires 283,585 Shares of Datadog, Inc. $DDOG - MarketBeat",MarketBeat
"Tue, 28 Oct 2025 05:01:29 GMT",Will DDOG stock see insider buying - Trade Volume Summary & Real-Time Buy Zone Alerts - newser.com,newser.com
"Tue, 28 Oct 2025 00:56:04 GMT",Will DDOG stock split again soon - July 2025 Breakouts & Daily Technical Stock Forecast Reports - newser.com,newser.com
"Tue, 28 Oct 2025 00:32:24 GMT",Is Tradr 2X Long DDOG Daily stock testing key support - 2025 Sector Review & AI Based Buy/Sell Signal Reports - newser.com,newser.com
"Mon, 27 Oct 2025 23:50:28 GMT",Will DDOG stock rally after Fed decisions - Weekly Investment Report & Community Verified Swing Trade Signals - newser.com,newser.com
"Mon, 27 Oct 2025 20:50:39 GMT",Will DDOG stock see insider buying - Dip Buying & Free Fast Entry Momentum Trade Alerts - newser.com,newser.com
"Mon, 27 Oct 2025 19:02:01 GMT",Will DDOG stock see insider buying - Earnings Overview Report & AI Powered Trade Plan Recommendations - newser.com,newser.com
"Mon, 27 Oct 2025 18:03:03 GMT",Is Tradr 2X Long DDOG Daily stock testing key support - 2025 EndofYear Setup & Fast Momentum Entry Tips - newser.com,newser.com
"Tue, 28 Oct 2025 06:58:12 GMT",Intraday pattern recognizer results for DDOG - Weekly Trade Report & Weekly Breakout Watchlists - newser.com,newser.com
"Mon, 27 Oct 2025 13:29:57 GMT",How moving averages guide DDOG trading - 2025 Top Decliners & Weekly Top Gainers Alerts - newser.com,newser.com
"Tue, 28 Oct 2025 05:53:29 GMT",Is DDOG reversing from oversold territory - 2025 Top Gainers & Reliable Price Breakout Alerts - newser.com,newser.com
"Mon, 27 Oct 2025 22:25:57 GMT",Intraday pattern recognizer results for DDOG - Market Movement Recap & Weekly Market Pulse Alerts - newser.com,newser.com
"Mon, 27 Oct 2025 09:59:15 GMT",When is the best time to exit DDOG - Weekly Profit Summary & Safe Capital Investment Plans - newser.com,newser.com
"Mon, 27 Oct 2025 21:48:43 GMT",Intraday pattern recognizer results for DDOG - Profit Target & Weekly Momentum Stock Picks - newser.com,newser.com
"Mon, 27 Oct 2025 21:24:24 GMT",How strong is DDOG stock revenue growth - Portfolio Risk Summary & Safe Swing Trade Setup Alerts - newser.com,newser.com
"Mon, 27 Oct 2025 12:55:59 GMT",Will DDOG rebound enough to break even - 2025 Price Action Summary & Free Long-Term Investment Growth Plans - newser.com,newser.com
"Tue, 28 Oct 2025 00:45:05 GMT",What risks investors should watch in DDOG stock - Quarterly Profit Report & AI Based Buy/Sell Signal Reports - newser.com,newser.com
"Mon, 27 Oct 2025 23:20:40 GMT",What risks investors should watch in DDOG stock - Weekly Market Outlook & Accurate Intraday Trade Tips - newser.com,newser.com
"Mon, 27 Oct 2025 22:30:28 GMT",Will DDOG stock split again soon - July 2025 Institutional & Momentum Based Trading Ideas - newser.com,newser.com
"Mon, 27 Oct 2025 06:59:28 GMT",What risks investors should watch in DDOG stock - Weekly Risk Report & AI Forecast Swing Trade Picks - newser.com,newser.com
"Mon, 27 Oct 2025 04:41:11 GMT",What risks investors should watch in DDOG stock - Dip Buying & Fast Momentum Stock Entry Tips - newser.com,newser.com
"Mon, 27 Oct 2025 16:06:59 GMT",Is Tradr 2X Long DDOG Daily stock testing key support - July 2025 Rallies & Real-Time Volume Spike Alerts - newser.com,newser.com
"Mon, 27 Oct 2025 02:28:24 GMT",How strong is DDOG stock revenue growth - Weekly Profit Summary & Weekly High Potential Stock Alerts - newser.com,newser.com
"Mon, 27 Oct 2025 06:07:19 GMT",Will DDOG stock split again soon - Earnings Growth Summary & Accurate Entry/Exit Alerts - newser.com,newser.com
"Sun, 26 Oct 2025 17:42:30 GMT",When is the best time to exit DDOG - July 2025 Movers & Smart Allocation Stock Reports - newser.com,newser.com
"Mon, 27 Oct 2025 05:34:50 GMT",How strong is DDOG stock revenue growth - Earnings Growth Report & Growth Focused Stock Pick Reports - newser.com,newser.com
"Mon, 27 Oct 2025 07:43:52 GMT",Will DDOG stock split again soon - Fed Meeting & Risk Managed Investment Entry Signals - newser.com,newser.com
"Mon, 27 Oct 2025 04:26:39 GMT",What risks investors should watch in DDOG stock - Weekly Investment Summary & Low Risk High Reward Trade Ideas - newser.com,newser.com
"Mon, 27 Oct 2025 07:01:24 GMT",Will DDOG stock split again soon - Trade Risk Report & Daily Stock Trend Reports - newser.com,newser.com
"Sun, 26 Oct 2025 12:46:58 GMT",How strong is DDOG stock revenue growth - Portfolio Gains Report & Risk Controlled Stock Pick Alerts - newser.com,newser.com
"Mon, 27 Oct 2025 01:42:41 GMT",When is the best time to exit DDOG - Take Profit & Risk Adjusted Buy/Sell Alerts - newser.com,newser.com
"Mon, 27 Oct 2025 13:51:19 GMT",What risks investors should watch in DDOG stock - 2025 Technical Patterns & Risk Controlled Daily Trade Plans - newser.com,newser.com
"Mon, 27 Oct 2025 08:18:28 GMT","Asset Management One Co. Ltd. Buys 6,320 Shares of Datadog, Inc. $DDOG - MarketBeat",MarketBeat
"Mon, 27 Oct 2025 09:01:45 GMT","Interchange Capital Partners LLC Takes $297,000 Position in Datadog, Inc. $DDOG - MarketBeat",MarketBeat
"Sun, 26 Oct 2025 04:57:17 GMT",How strong is DDOG stock revenue growth - 2025 Growth vs Value & AI Based Buy/Sell Signal Reports - newser.com,newser.com
"Sun, 26 Oct 2025 18:22:52 GMT",Is Tradr 2X Long DDOG Daily stock testing key support - 2025 Biggest Moves & Trade Opportunity Analysis Reports - newser.com,newser.com
"Sun, 26 Oct 2025 00:59:23 GMT",Momentum divergence signals in DDOG chart - Exit Point & Intraday High Probability Setup Alerts - newser.com,newser.com
"Sun, 26 Oct 2025 10:42:08 GMT","Kornitzer Capital Management Inc. KS Invests $6.05 Million in Datadog, Inc. $DDOG - MarketBeat",MarketBeat
"Mon, 27 Oct 2025 10:37:27 GMT",Will DDOG stock rally after Fed decisions - Quarterly Growth Report & Verified Swing Trading Watchlist - newser.com,newser.com
"Sun, 26 Oct 2025 07:52:57 GMT",Will DDOG stock see PE expansion - Dollar Strength & Short-Term Trading Alerts - newser.com,newser.com
"Sun, 26 Oct 2025 07:10:35 GMT",Is Tradr 2X Long DDOG Daily stock testing key support - Weekly Trade Summary & AI Powered Buy and Sell Recommendations - newser.com,newser.com
"Sun, 26 Oct 2025 03:06:28 GMT",What MACD and RSI say about DDOG - Gold Moves & Reliable Entry Point Alerts - newser.com,newser.com
"Fri, 24 Oct 2025 18:45:00 GMT",Fund Update: NEW YORK STATE TEACHERS RETIREMENT SYSTEM opened a $30.7M position in DDOG stock - Quiver Quantitative,Quiver Quantitative
"Sun, 26 Oct 2025 05:02:59 GMT","Datadog (NASDAQ:DDOG) Receives ""Sell (D+)"" Rating from Weiss Ratings - MarketBeat",MarketBeat
"Sat, 25 Oct 2025 20:53:57 GMT","Datadog (NASDAQ:DDOG) CEO Olivier Pomel Sells 11,195 Shares - MarketBeat",MarketBeat
"Mon, 27 Oct 2025 06:57:11 GMT",Will DDOG stock rally after Fed decisions - Profit Target & Weekly Market Pulse Alerts - newser.com,newser.com
"Mon, 27 Oct 2025 06:30:17 GMT",Will DDOG rebound enough to break even - Trade Volume Report & Community Consensus Stock Picks - newser.com,newser.com
"Sat, 25 Oct 2025 18:28:16 GMT",When is the best time to exit DDOG - Share Buyback & Weekly Watchlist for Consistent Profits - newser.com,newser.com
"Sun, 26 Oct 2025 23:46:56 GMT",Will DDOG stock see PE expansion - 2025 Price Targets & Safe Entry Momentum Stock Tips - newser.com,newser.com
"Fri, 24 Oct 2025 17:02:15 GMT",When is the best time to exit DDOG - Profit Target & Low Risk Entry Point Guides - newser.com,newser.com
"Sat, 25 Oct 2025 08:23:59 GMT",Is Tradr 2X Long DDOG Daily stock testing key support - July 2025 Outlook & Daily Growth Stock Investment Tips - newser.com,newser.com
"Sat, 25 Oct 2025 07:04:35 GMT",What risks investors should watch in DDOG stock - July 2025 Market Mood & Precise Entry and Exit Recommendations - newser.com,newser.com
"Mon, 27 Oct 2025 07:36:38 GMT",How strong is DDOG stock revenue growth - 2025 Dividend Review & Fast Entry Momentum Alerts - newser.com,newser.com
"Mon, 27 Oct 2025 07:24:54 GMT",What risks investors should watch in DDOG stock - Take Profit & Real-Time Chart Pattern Alerts - newser.com,newser.com
"Mon, 27 Oct 2025 07:05:21 GMT",Will DDOG stock rally after Fed decisions - Trade Entry Summary & Verified Short-Term Plans - newser.com,newser.com
"Sat, 25 Oct 2025 09:41:00 GMT","Ethic Inc. Increases Stake in Datadog, Inc. $DDOG - MarketBeat",MarketBeat
"Mon, 27 Oct 2025 02:54:01 GMT",Will DDOG stock rally after Fed decisions - 2025 Momentum Check & Expert Curated Trade Setup Alerts - newser.com,newser.com
"Sun, 26 Oct 2025 06:02:23 GMT",Intraday pattern recognizer results for DDOG - Rate Cut & Free Weekly Watchlist of Top Performers - newser.com,newser.com
"Sun, 26 Oct 2025 22:31:34 GMT",Momentum divergence signals in DDOG chart - July 2025 Drop Watch & Consistent Growth Stock Picks - newser.com,newser.com
"Sun, 26 Oct 2025 15:53:29 GMT",Is Tradr 2X Long DDOG Daily stock testing key support - Weekly Trade Recap & AI Based Buy/Sell Signal Reports - newser.com,newser.com
"Sat, 25 Oct 2025 19:34:56 GMT",What MACD and RSI say about DDOG - Market Activity Recap & Accurate Technical Buy Alerts - newser.com,newser.com
"Sat, 25 Oct 2025 22:39:25 GMT",Will DDOG stock split again soon - 2025 EndofYear Setup & Intraday High Probability Alerts - newser.com,newser.com
"Sat, 25 Oct 2025 22:38:18 GMT",Intraday pattern recognizer results for DDOG - July 2025 Sentiment & Daily Volume Surge Trade Alerts - newser.com,newser.com
"Sat, 25 Oct 2025 10:35:01 GMT",Intraday pattern recognizer results for DDOG - Portfolio Gains Summary & Technical Confirmation Trade Alerts - newser.com,newser.com
"Thu, 23 Oct 2025 10:22:55 GMT","Cullen Frost Bankers Inc. Grows Position in Datadog, Inc. $DDOG - MarketBeat",MarketBeat
"Thu, 23 Oct 2025 11:24:09 GMT","Parcion Private Wealth LLC Takes Position in Datadog, Inc. $DDOG - MarketBeat",MarketBeat
"Thu, 23 Oct 2025 09:43:53 GMT","Datadog, Inc. (DDOG) Stock Analysis: Strong Buy Ratings And 9% Upside Potential - DirectorsTalk Interviews",DirectorsTalk Interviews
"Mon, 27 Oct 2025 13:17:10 GMT",When is the best time to exit DDOG - Buy Signal & Fast Gain Swing Alerts - newser.com,newser.com
"Fri, 24 Oct 2025 07:02:16 GMT",BTIG Research Forecasts Strong Price Appreciation for Datadog (NASDAQ:DDOG) Stock - Defense World,Defense World
