Date,Title,Source
2025-10-25T14:30:52Z,Don’t Believe the Hype: The Evil Queen and Her Friends Aren’t Going Anywhere,Inside the Magic
2025-10-25T13:29:50Z,"Photos: Florida dad, son rescued after snow strands vehicle on Engineer Pass summit",FOX 31 Denver
2025-10-25T12:45:05Z,"Neal Stephenson, who's Snow Crash SF novel brought us the first metaverse back in 1992, is teaming up with Peter Jackson's Weta Workshops to create a decentralized, interconnected online world that fosters freedom and privacy for all [Cool]",Fark.com
2025-10-25T11:19:53Z,Winter Weather Warning As 20 Inches of Snow To Hit,Biztoc.com
2025-10-25T04:39:52Z,Deadliest Catch S21E14 1080p WEB h264-FREQUENCY,Rlsbb.to
2025-10-25T01:44:05Z,Above The Snow Reveals First Extended Gameplay Video,Bleeding Cool News
2025-10-25T01:30:00Z,いまさら聞けないSnow Manのトリセツ5 ──デビューから現在まで、人気の秘密を総まとめ,Prtimes.jp
2025-10-24T21:32:46Z,Marvel's New Luna Snow Series Will Be KPop Demon Hunter's Successor,Screen Rant
2025-10-24T21:28:34Z,Atmospheric River to Bury Part of Washington in 4 Feet of Snow,Biztoc.com
2025-10-24T19:48:50Z,'Aussie grit' key to aerial skiing heights ahead of Winter Olympics,ABC News (AU)
2025-10-24T19:29:41Z,types-boto3-snow-device-management 1.40.59,Pypi.org
2025-10-24T19:29:22Z,mypy-boto3-snow-device-management 1.40.59,Pypi.org
2025-10-24T18:00:31Z,Red Carpet Rundown: INSTYLE Imagemaker Awards 2025,tomandlorenzo.com
2025-10-24T17:55:53Z,"Neighbor Claimed The Shared Driveway As Her Own Parking Spot, So Another Neighbor Refused To Split The Bill To Plow Snow Off The Driveway",Twistedsifter.com
2025-10-24T17:47:15Z,Travel Warning Issued to Thousands in 3 States as Atmospheric River Hits,Biztoc.com
2025-10-24T17:39:58Z,Healthcare in Jammu and Kashmir: Progress amidst persistent challenges,Statetimes.in
2025-10-24T17:00:13Z,Garvee 3-Foot Mini Prelit Premium Snow Flocked Artificial Christmas Tree for $35 + free shipping,Dealnews.com
2025-10-24T16:07:44Z,Atmospheric River Live Tracker Maps as Strong Storm Hits US,Biztoc.com
2025-10-24T15:09:00Z,Arctic air to bring first significant cold snap of season - with snow possible,Sky.com
2025-10-24T15:07:38Z,"Japan’s Mount Fuji sees snow for first time this winter, 21 days later than usual",Independent.ie
2025-10-24T15:00:28Z,New LEGO Disney Frozen Special on Disney+ to Celebrate Frozen Fan Fest,Disneyparksblog.com
"Sat, 25 Oct 2025 22:42:03 GMT",How much snow will NY get this winter? See NOAA's 2025-26 forecast - Democrat and Chronicle,Democrat and Chronicle
"Sat, 25 Oct 2025 01:37:00 GMT",Snow potential moves in for lower elevations - Alaska's News Source,Alaska's News Source
"Sat, 25 Oct 2025 23:17:00 GMT","This Day in History - October 25: Surprise snow storm hits Lincoln - KOLN | Nebraska Local News, Weather, Sports | Lincoln, NE","KOLN | Nebraska Local News, Weather, Sports | Lincoln, NE"
"Sun, 26 Oct 2025 03:13:00 GMT",Snowflake (SNOW): Assessing Valuation After Wave of High-Profile AI Partnerships and Product Innovations - Yahoo Finance,Yahoo Finance
"Sat, 25 Oct 2025 17:13:30 GMT",Girls Snow Boots Non-Slip Short Booties Winter Warm Shoes Breathable Toddler Boots for Toddler Little Kid Big Kid - The San Joaquin Valley Sun,The San Joaquin Valley Sun
"Fri, 24 Oct 2025 20:59:51 GMT",Snow on Halloween in western North Carolina is rare and unlikely: Here's why - WLOS,WLOS
"Sat, 25 Oct 2025 15:52:01 GMT",When can you expect the first snow of the season in Northeast Ohio? - FOX 8 News,FOX 8 News
"Fri, 24 Oct 2025 12:54:46 GMT",Snow and severe weather possible Friday in New Mexico - KOB.com,KOB.com
"Sat, 25 Oct 2025 11:08:00 GMT",Winter Weather Warning As 20 Inches of Snow To Hit - Newsweek,Newsweek
"Sun, 26 Oct 2025 02:14:42 GMT",First significant mountain snow event of the season moving in - Local News 8,Local News 8
"Sat, 25 Oct 2025 20:17:00 GMT","Jessica Tisch, Snow Days, and Elizabeth Street Garden: Zohran Mamdani Meets the Hell Gate Podcast - Hell Gate",Hell Gate
"Sun, 26 Oct 2025 00:39:00 GMT","Rain and snow move through Colorado Monday, then a calm stretch returns - CBS News",CBS News
"Sun, 26 Oct 2025 01:21:04 GMT","Snow, sleet, freezing rain possible for Hawaii island summits - Honolulu Star-Advertiser",Honolulu Star-Advertiser
"Sat, 25 Oct 2025 23:46:41 GMT","Q2 Billings Area Weather: Stronger wind Sunday / Monday, but little rain or snow - KTVQ",KTVQ
"Sun, 26 Oct 2025 02:53:00 GMT",Nearly two dozen hikers rescued from Mt. Washington after early season snowfall - WCVB,WCVB
"Sat, 25 Oct 2025 23:25:00 GMT",This Day in History - October 25: Surprise snow storm hits Lincoln - KSNB,KSNB
"Fri, 24 Oct 2025 18:40:00 GMT","It’s still October, but snow has already fallen in Pennsylvania - PennLive.com",PennLive.com
"Sat, 25 Oct 2025 23:25:00 GMT","This Day in History - October 25: Surprise 200 year snow storm his Lincoln - KOLN | Nebraska Local News, Weather, Sports | Lincoln, NE","KOLN | Nebraska Local News, Weather, Sports | Lincoln, NE"
"Fri, 24 Oct 2025 21:17:00 GMT",Atmospheric River to Bury Part of Washington in 4 Feet of Snow - Newsweek,Newsweek
"Fri, 24 Oct 2025 20:31:34 GMT","Latest snow storm headed for Colorado downgraded, but 2-8″ of snow still forecast - Denver Gazette",Denver Gazette
"Sun, 26 Oct 2025 05:12:08 GMT","Lyle Snow Obituary (1944 - 2025) - Sun Lakes, AZ - The Blade - legacy.com",legacy.com
"Fri, 24 Oct 2025 20:02:00 GMT",First snow falls in Western Pennsylvania: Video captures first flakes flying - WTAE,WTAE
"Thu, 23 Oct 2025 18:17:00 GMT",Too soon? Upstate NY sees first snow of the season and people have feelings - newyorkupstate,newyorkupstate
"Sat, 25 Oct 2025 22:04:23 GMT",Snow melts in the GMC sun - unionrecorder.com,unionrecorder.com
"Thu, 23 Oct 2025 12:52:24 GMT","Japan's Mount Fuji sees snow for first time this winter, 21 days later than usual - Reuters",Reuters
"Wed, 22 Oct 2025 22:22:07 GMT","Atmospheric river to bring major rain, wind and mountain snow to Oregon - Statesman Journal",Statesman Journal
"Fri, 24 Oct 2025 20:33:49 GMT",4A girls soccer: Snow Canyon holds off Ridgeline on penalties for 1st title since 2018 - KSL.com,KSL.com
"Fri, 24 Oct 2025 10:44:00 GMT",Winter Weather Warning as 16 Inches of Snow To Hit This Weekend - Newsweek,Newsweek
"Fri, 24 Oct 2025 10:22:00 GMT","Atmospheric river forecast to bring deluge of rain, snow and potential flooding to Pacific Northwest - FOX Weather",FOX Weather
"Fri, 24 Oct 2025 21:21:01 GMT",High school girls soccer: Snow Canyon’s shootout excellence gifts it 4A state championship - Deseret News,Deseret News
"Sun, 26 Oct 2025 01:06:00 GMT",A taste of winter in fall: Up to 8 inches of snow expected in Idaho mountains this weekend - KTVB,KTVB
"Fri, 24 Oct 2025 12:50:00 GMT",Will winter in NYC be cold and snowy or mild and dry this year? Here's our 2025 winter outlook. - CBS News,CBS News
"Fri, 24 Oct 2025 23:07:36 GMT","Average first snowfall date in Colorado Springs comes and goes, no snow in sight - KOAA News 5",KOAA News 5
"Thu, 23 Oct 2025 18:00:00 GMT",WNEP Snow Thrower Contest 2025 - WNEP,WNEP
"Sat, 25 Oct 2025 23:55:00 GMT",A taste of winter in fall: Up to 8 inches of snow expected in Idaho mountains this weekend - KTVB,KTVB
"Fri, 24 Oct 2025 18:34:09 GMT",NOW HIRING: Help NYC Keep Moving After Heavy Snowstorms! - NYC.gov,NYC.gov
"Fri, 24 Oct 2025 23:40:47 GMT",Snow Picks Up Event Win As Redbirds Close Out Day One In Champaign - Illinois State University Athletics,Illinois State University Athletics
"Thu, 23 Oct 2025 22:49:01 GMT",Early snow hits part of New York state - WRGB,WRGB
"Sun, 26 Oct 2025 03:30:00 GMT",Scientists issue warning after discovering disturbing underwater 'snow' phenomenon: 'Millions of tons' - The Cool Down,The Cool Down
"Fri, 24 Oct 2025 13:50:03 GMT","Fashion Winter Children Snow Boots For Boys And Girls Thick Soles Non Slip And Waterproof Upper Mid Toddler Cardigan 4t (Black, 11.5-12 Years Big Kids) - The San Joaquin Valley Sun",The San Joaquin Valley Sun
"Sat, 25 Oct 2025 09:16:19 GMT","Bucks County may see more snow in 2025 than last year, AccuWeather says; but just how much? - PhillyBurbs",PhillyBurbs
"Sat, 25 Oct 2025 18:34:36 GMT","Local Alert Day today as wind, rain, and snow impact the area once again - KTVZ",KTVZ
"Wed, 22 Oct 2025 22:14:00 GMT",First mountain snowfall of season possible Thursday - WCAX,WCAX
"Sat, 25 Oct 2025 06:10:31 GMT",Snow & Suffering in the State of Oregon - The Trek,The Trek
"Sat, 25 Oct 2025 01:25:00 GMT",Wind storm knocks out power in parts of Central Oregon; snow coming to mountains - Central Oregon Daily,Central Oregon Daily
"Fri, 24 Oct 2025 10:39:55 GMT",Snow Boots for Women Casual Fringe Faux Suede Ankle Non Slip Booties Vintage Short Booties Side Zip Flat Winter Boot - The San Joaquin Valley Sun,The San Joaquin Valley Sun
"Sat, 25 Oct 2025 03:15:00 GMT",Snow potential moves in for lower elevations - Alaska's News Source,Alaska's News Source
"Thu, 23 Oct 2025 23:03:51 GMT",ASUU Rail Jam brings the biggest snow party to campus November 7 - The University of Utah,The University of Utah
"Sat, 25 Oct 2025 18:05:00 GMT",NYC hiring emergency snow shovelers for winter at almost $20 an hour: Here’s how to apply - SILive.com,SILive.com
"Sat, 25 Oct 2025 20:40:00 GMT",Five Below’s $6 Hello Kitty Snow Globes Are Flying Off Shelves - PetHelpful,PetHelpful
"Wed, 22 Oct 2025 16:57:18 GMT",West Coast Storm Could Pack a Powerful Punch of Rain and Snow - The New York Times,The New York Times
"Sun, 26 Oct 2025 02:16:21 GMT","Grace Lena Snow Obituary (2025) - Baldwinsville, NY - Falardeau Funeral Home, Inc. - legacy.com",legacy.com
"Fri, 24 Oct 2025 15:56:14 GMT",Big Pre-Season Snowfall In The Alps - Snow Forecast,Snow Forecast
"Sat, 25 Oct 2025 15:00:07 GMT","Carson City area weather: Windy with showers, high elevation snow - Carson Now",Carson Now
"Sat, 25 Oct 2025 13:29:50 GMT","Photos: Florida dad, son rescued after snow strands vehicle on Engineer Pass summit - kdvr.com",kdvr.com
"Fri, 24 Oct 2025 17:04:30 GMT",2 Colorado resorts see 6-plus inches of snow in overnight storm - vaildaily.com,vaildaily.com
"Thu, 23 Oct 2025 14:41:18 GMT",The first snow of the season has been confirmed in Minnesota - Bring Me The News,Bring Me The News
"Fri, 24 Oct 2025 05:02:00 GMT","LIVESTREAM: #1 Ridgeline vs #3 Snow Canyon 4A girls soccer championship | Oct. 24, 2025 - Cache Valley Daily",Cache Valley Daily
"Sat, 25 Oct 2025 18:31:10 GMT",Jeep gets stuck in 2 feet of snow on remote Colorado pass - Denver Gazette,Denver Gazette
"Thu, 23 Oct 2025 04:07:19 GMT","Weather system bringing rain, snow to Spokane region - The Spokesman-Review",The Spokesman-Review
"Tue, 21 Oct 2025 16:02:14 GMT",Atmospheric river to bring major snow to Oregon’s mountain passes this weekend - Statesman Journal,Statesman Journal
"Fri, 24 Oct 2025 16:46:09 GMT","Florida father, son rescued after getting stuck in 2 feet of snow on mountain pass - WesternSlopeNow.com",WesternSlopeNow.com
"Sat, 25 Oct 2025 09:39:00 GMT",Snow expected in UK over weekend with ‘coldest days of season so far’ - The Independent,The Independent
"Wed, 22 Oct 2025 09:05:58 GMT",When could Indianapolis see its first snow in 2025? Meteorologists keep track of this date - IndyStar,IndyStar
"Thu, 23 Oct 2025 04:01:00 GMT",Northern California rain and snow forecast: Expected totals for this weekend - KCRA,KCRA
"Fri, 24 Oct 2025 16:40:00 GMT","Areas of wintry mix, light snow possible for Southcentral into Saturday - Alaska's News Source",Alaska's News Source
"Sat, 25 Oct 2025 01:02:24 GMT",Our photos as Snow Hill football unable to completed comeback in loss to Northampton - DelmarvaNow.com,DelmarvaNow.com
"Thu, 23 Oct 2025 19:14:33 GMT","Laurie Snow Obituary (2025) - Tully, NY - Syracuse.com",Syracuse.com
"Wed, 22 Oct 2025 22:15:07 GMT",Will it snow on Thanksgiving? What the Old Farmer's Almanac predicts for Cincinnati - Cincinnati Enquirer,Cincinnati Enquirer
"Wed, 22 Oct 2025 09:30:29 GMT",When will it snow in Kentucky? What we know about 2025-2026 winter season - The Courier-Journal,The Courier-Journal
"Fri, 24 Oct 2025 17:00:00 GMT","Snow on tap this weekend - Buckrail - Jackson Hole, news","Buckrail - Jackson Hole, news"
"Wed, 22 Oct 2025 18:10:53 GMT",Hikers rescued after getting trapped in unexpected snow in Alpine Lakes Wilderness - KOMO,KOMO
"Fri, 24 Oct 2025 05:52:56 GMT",A Dangerously Cold Night & A Foot of Fresh Snow - The Trek,The Trek
"Fri, 24 Oct 2025 09:47:28 GMT",Winter Snowfall Forecast 2025-26: When Will the First Snow Fall? USA Winter Outlook Explained - theboronewspaper.com,theboronewspaper.com
"Sat, 25 Oct 2025 22:31:52 GMT","Stormy stretch continues as B.C. braces for severe winds, snow and more rain - Yahoo News Canada",Yahoo News Canada
"Sat, 25 Oct 2025 19:16:35 GMT",Quantitative breakdown of Snow Lake Resources Ltd. recent move - Trade Entry Report & High Accuracy Trade Alerts - newser.com,newser.com
"Fri, 24 Oct 2025 23:07:18 GMT","Next weather maker to produce rain, snow and strong winds; High Wind Watch - NBC Montana",NBC Montana
"Thu, 23 Oct 2025 21:12:00 GMT","After January snow debacle, St. Louis is preparing now for winter storms - STLPR",STLPR
"Fri, 24 Oct 2025 02:03:00 GMT",Cooler temperatures and snow potential in days ahead - Alaska's News Source,Alaska's News Source
"Sat, 25 Oct 2025 16:55:00 GMT","Atmospheric river to bring valley rain, mountain snow - KTVB",KTVB
"Fri, 24 Oct 2025 13:19:00 GMT",Weather Kid: Snow loving 4th grader looks into weekend forecast - KEYC News Now,KEYC News Now
"Thu, 23 Oct 2025 11:30:46 GMT",The Exact Dates Snow Is Set To Paralyze New York - Hudson Valley Post,Hudson Valley Post
"Tue, 21 Oct 2025 20:40:22 GMT",When will Michigan see its first snow? Here's what the data says - Big Rapids Pioneer,Big Rapids Pioneer
"Fri, 24 Oct 2025 16:39:00 GMT","Areas of wintry mix, light snow possible for Southcentral into Saturday - Alaska's News Source",Alaska's News Source
"Wed, 22 Oct 2025 17:25:00 GMT",Denver eyes potential first snowflakes of the season - KUSA.com,KUSA.com
"Sat, 25 Oct 2025 20:49:27 GMT",How Much Snow Will New York Get This Winter? Check NOAA’s 2025–26 Winter Forecast - Estoy en la Frontera,Estoy en la Frontera
"Fri, 24 Oct 2025 23:34:00 GMT",No End in Sight for Our Chilly Pattern; Rain and Possible Mountain Snow Next Week - WDTV 5,WDTV 5
"Fri, 24 Oct 2025 12:00:00 GMT",Singer-songwriter Era Snow is the next guest on TV's KRWG Music Spotlight - KRWG Public Media,KRWG Public Media
"Sun, 26 Oct 2025 06:41:52 GMT",What risks investors should watch in Snow Lake Resources Ltd. stock - July 2025 Reactions & Consistent Return Strategy Ideas - newser.com,newser.com
"Sat, 25 Oct 2025 14:01:26 GMT",An early snow storm on the PCT in Oregon - archivoprisma.com.ar,archivoprisma.com.ar
"Tue, 21 Oct 2025 12:50:10 GMT",Is it going to snow soon? When you can expect the first flakes to fall in 2025 - Detroit Free Press,Detroit Free Press
"Thu, 23 Oct 2025 18:33:45 GMT",Top NC court urged to consider DOT’s liability in deaths on snow-covered interstate - Carolina Journal,Carolina Journal
"Fri, 24 Oct 2025 12:53:22 GMT",First snowfall of season possible for some as weekend cold snap arrives - BBC,BBC
"Fri, 24 Oct 2025 14:04:46 GMT",Déjà snow?: Winter in Tahoe this year could feel familiar - Sierra Sun,Sierra Sun
"Thu, 23 Oct 2025 21:11:57 GMT",Lake effect weather starts in Michigan: Here's why lake effect snow might be worse in 2025 - Big Rapids Pioneer,Big Rapids Pioneer
"Sun, 26 Oct 2025 06:16:57 GMT",Can SNOW stock hit consensus price targets - Weekly Investment Summary & AI Optimized Trade Strategies - newser.com,newser.com
2025-10-24T16:00:10,Snowflake: Big Market With An Equally Big Valuation,SeekingAlpha
2025-10-24T14:39:19,Snowflake: Strong Momentum And A Reasonable Valuation,SeekingAlpha
2025-10-22T21:20:48,"Fastly, JFrog, Snowflake, DigitalOcean, and Amplitude Shares Plummet, What You Need To Know",Yahoo
2025-10-22T20:34:53,Snowflake Inc. (SNOW): A Bull Case Theory,Yahoo
2025-10-22T14:00:00,WTW Radar integrates with Snowflake to deliver effortless data integration and real-time insights,Yahoo
2025-10-22T13:30:00,"AI and Data Leaders NVIDIA, AMD, Snowflake, and Databricks Invest in Uniphore’s Series F to Accelerate Its Leadership in Business AI",Yahoo
2025-10-22T11:17:27,"Oppenheimer Raises the PT on Snowflake Inc (SNOW), Keeps a Buy Rating",Yahoo
2025-10-21T18:18:43,Wedbush Sees Snowflake Entering Next Phase of AI Growth,Yahoo
2025-10-21T16:14:58,Is the Snowflake AI Cloud Partnership Accelerating Palantir’s Enterprise Ambitions for PLTR?,Yahoo
2025-10-21T11:37:39,"Palantir, Snowflake Partner to Boost Enterprise AI and Analytics",Yahoo
2025-10-21T03:32:12,"Snowflake's Growth Is Back, But The Train Has Left The Station",SeekingAlpha
