Date,Title,Source
2025-11-14T20:38:26Z,Here's How Much You Would Have Made Owning Eaton Corp Stock In The Last 20 Years,Biztoc.com
2025-11-13T12:03:14Z,What Are Wall Street Analysts’ Target Price for Eaton Corporation Stock?,Biztoc.com
2025-11-12T18:12:37Z,"Eaton’s (ETN) Boyd Thermal Acquisition Was “Great,” Says Jim Cramer",Yahoo Entertainment
"Sun, 16 Nov 2025 06:56:03 GMT",Will ETN stock top growth indexes - July 2025 Reactions & High Conviction Investment Ideas - newser.com,newser.com
"Sun, 16 Nov 2025 05:53:24 GMT",How risky is DB Gold Short ETN stock now - Treasury Yields & Fast Moving Stock Trade Plans - newser.com,newser.com
"Sun, 16 Nov 2025 06:29:58 GMT",Will ETRACS 2xMonthly Pay Leveraged Index ETN stock go up soon - July 2025 Weekly Recap & Fast Gain Stock Trading Tips - newser.com,newser.com
"Sun, 16 Nov 2025 07:03:16 GMT",What Wall Street predicts for iPath Series B Carbon ETN stock price - Risk Management & Community Consensus Stock Picks - newser.com,newser.com
"Sun, 16 Nov 2025 07:00:51 GMT",Can ETRACS 2x Leveraged MSCI US Momentum Factor TR ETN stock deliver consistent earnings growth - July 2025 Fed Impact & Accurate Buy Signal Notifications - newser.com,newser.com
"Sun, 16 Nov 2025 05:52:41 GMT",Will ETN stock top growth indexes - 2025 Market Outlook & Daily Profit Maximizing Trade Tips - newser.com,newser.com
"Sun, 16 Nov 2025 06:47:25 GMT",What Wall Street predicts for iPath Series B Carbon ETN stock price - Earnings Risk Report & AI Forecast Swing Trade Picks - newser.com,newser.com
"Sun, 16 Nov 2025 00:19:00 GMT",Can ETN stock surprise markets with earnings - July 2025 Review & High Conviction Investment Ideas - newser.com,newser.com
"Sun, 16 Nov 2025 03:26:43 GMT",Chart based exit strategy for DB Gold Double Long ETN - Quarterly Earnings Report & Verified Trade Idea Suggestions - newser.com,newser.com
"Sun, 16 Nov 2025 00:20:12 GMT",Regression analysis insights on ETRACS 2x Leveraged US Value Factor TR ETN performance - Watch List & Real-Time Volume Trigger Notifications - newser.com,newser.com
"Sun, 16 Nov 2025 06:20:06 GMT",How strong is ETRACS 2x Leveraged MSCI US Quality Factor TR ETN stock revenue growth - Portfolio Profit Report & Weekly Stock Performance Updates - newser.com,newser.com
"Sun, 16 Nov 2025 00:21:12 GMT",Will breakout in DB Gold Double Long ETN lead to full recovery - July 2025 Short Interest & Proven Capital Preservation Methods - newser.com,newser.com
"Sat, 15 Nov 2025 19:43:52 GMT",Is DB Gold Double Long ETN stock in buy zone after pullback - Trade Entry Report & AI Enhanced Market Trend Forecasts - newser.com,newser.com
"Sat, 15 Nov 2025 23:31:21 GMT",Can ETN stock surprise markets with earnings - Weekly Market Summary & Safe Entry Zone Identification - newser.com,newser.com
"Sun, 16 Nov 2025 07:39:05 GMT",ETRACS 2x Leveraged US Growth Factor TR ETN stock daily chart insights - 2025 Earnings Impact & Free Long-Term Investment Growth Plans - newser.com,newser.com
"Sat, 15 Nov 2025 21:54:25 GMT",Will ETRACS MVIS Business Development Companies Index ETN stock benefit from green energy trends - Fed Meeting & Daily Chart Pattern Signal Reports - newser.com,newser.com
"Sun, 16 Nov 2025 07:50:37 GMT",How ETRACS MVIS Business Development Companies Index ETN stock reacts to Fed rate cuts - Quarterly Profit Summary & Risk Controlled Daily Plans - newser.com,newser.com
"Sat, 15 Nov 2025 22:22:41 GMT",Is ETRACS Alerian MLP Index ETN stock good for wealth creation - Portfolio Update Report & Growth Oriented Trade Recommendations - newser.com,newser.com
"Sat, 15 Nov 2025 21:40:00 GMT",Will DB Gold Double Long ETN rebound enough to break even - Inflation Watch & Verified Short-Term Trading Plans - newser.com,newser.com
"Sat, 15 Nov 2025 20:25:31 GMT",Is iPath Select MLP ETN stock attractive for retirement portfolios - M&A Rumor & AI Optimized Trade Strategies - newser.com,newser.com
"Sat, 15 Nov 2025 20:10:02 GMT",Is DB Gold Short ETN stock positioned for digital transformation - July 2025 Trade Ideas & Community Verified Trade Alerts - newser.com,newser.com
"Sat, 15 Nov 2025 20:04:55 GMT",Is ETRACS 2xMonthly Pay Leveraged Index ETN stock a smart buy before Fed meeting - July 2025 Analyst Calls & Weekly Stock Breakout Alerts - newser.com,newser.com
"Sun, 16 Nov 2025 03:41:42 GMT",Is DB Gold Short ETN stock poised for growth - 2025 Short Interest & Free Growth Oriented Trading Recommendations - newser.com,newser.com
"Sun, 16 Nov 2025 03:04:11 GMT",How strong is DB Gold Short ETN stock balance sheet - Weekly Profit Analysis & Expert Curated Trade Setup Alerts - newser.com,newser.com
"Sat, 15 Nov 2025 18:17:37 GMT",Using data tools to time your iPath Select MLP ETN exit - 2025 Market Sentiment & Smart Investment Allocation Tips - newser.com,newser.com
"Sat, 15 Nov 2025 15:15:47 GMT",Why iPath Select MLP ETN stock could see breakout soon - July 2025 Review & Weekly Watchlist for Consistent Profits - newser.com,newser.com
"Fri, 14 Nov 2025 20:53:00 GMT","Fund Update: 138,945 EATON PLC (ETN) shares added to TCW GROUP INC portfolio - Quiver Quantitative",Quiver Quantitative
"Sat, 15 Nov 2025 13:34:29 GMT",Will ETRACS 2x Leveraged US Value Factor TR ETN stock attract more institutional investors - Weekly Stock Report & High Accuracy Trade Alerts - newser.com,newser.com
"Sat, 15 Nov 2025 23:13:11 GMT",Why ETRACS 2x Leveraged US Value Factor TR ETN stock is recommended by analysts - July 2025 Decliners & Community Trade Idea Sharing Platform - newser.com,newser.com
"Sat, 15 Nov 2025 21:50:04 GMT",Is DB Gold Double Long ETN stock ready for a breakout - 2025 AllTime Highs & Free Technical Confirmation Trade Alerts - newser.com,newser.com
"Sat, 15 Nov 2025 12:14:52 GMT",Why iPath Select MLP ETN stock is favored by top institutions - Market Trend Report & Free Technical Confirmation Trade Alerts - newser.com,newser.com
"Wed, 12 Nov 2025 18:12:37 GMT","Eaton’s (ETN) Boyd Thermal Acquisition Was “Great,” Says Jim Cramer - Yahoo Finance",Yahoo Finance
"Sat, 15 Nov 2025 12:31:07 GMT",Is iPath Series B Carbon ETN stock reversal real or fake - Bear Alert & Daily Stock Trend Watchlist - newser.com,newser.com
"Sat, 15 Nov 2025 13:41:32 GMT",How strong is ETRACS 2x Leveraged MSCI US Quality Factor TR ETN stock revenue growth - Earnings Performance Report & Low Volatility Stock Recommendations - newser.com,newser.com
"Sat, 15 Nov 2025 14:27:22 GMT",Is DB Gold Short ETN stock positioned for digital transformation - 2025 Macro Impact & Daily Volume Surge Signals - newser.com,newser.com
"Sat, 15 Nov 2025 09:37:59 GMT",Why iPath Select MLP ETN stock is favored by top institutions - Take Profit & Fast Momentum Entry Tips - newser.com,newser.com
"Sat, 15 Nov 2025 07:16:36 GMT",How DB Gold Double Long ETN stock reacts to fiscal policies - Trade Signal Summary & Long-Term Safe Investment Plans - newser.com,newser.com
"Sat, 15 Nov 2025 23:36:04 GMT",Is ETN stock trading at attractive multiples - July 2025 Fed Impact & Low Drawdown Investment Ideas - newser.com,newser.com
"Sat, 15 Nov 2025 08:06:13 GMT",Will ETRACS MVIS Business Development Companies Index ETN stock benefit from green energy trends - Weekly Profit Analysis & Free High Accuracy Swing Entry Alerts - newser.com,newser.com
"Sat, 15 Nov 2025 09:16:23 GMT",What makes ETRACS 2x Leveraged US Value Factor TR ETN stock attractive to growth funds - Short Setup & Fast Gain Stock Trading Tips - newser.com,newser.com
"Wed, 12 Nov 2025 14:00:02 GMT","Investors Heavily Search Eaton Corporation, PLC (ETN): Here is What You Need to Know - Yahoo Finance",Yahoo Finance
"Sat, 15 Nov 2025 12:33:10 GMT",How ETRACS Monthly Pay 1.5x Leveraged Mortgage REIT ETN stock performs during Fed tightening cycles - July 2025 WrapUp & Long-Term Safe Return Strategies - newser.com,newser.com
"Sun, 16 Nov 2025 00:41:46 GMT",Best data tools to analyze ETRACS MVIS Business Development Companies Index ETN stock - Weekly Trend Recap & Free Risk Controlled Daily Trade Plans - newser.com,newser.com
"Sun, 16 Nov 2025 00:02:38 GMT",Is DB Gold Double Short ETN stock bottoming after sell off - July 2025 Retail & Free High Return Stock Watch Alerts - newser.com,newser.com
"Sat, 15 Nov 2025 22:45:34 GMT",What makes ETRACS 2x Leveraged US Value Factor TR ETN stock attractive to growth funds - July 2025 Breakouts & Technical Buy Zone Confirmations - newser.com,newser.com
"Sat, 15 Nov 2025 13:41:42 GMT",Why ETRACS 2x Leveraged US Value Factor TR ETN stock could benefit from AI revolution - Trade Risk Assessment & Low Volatility Stock Suggestions - newser.com,newser.com
"Sat, 15 Nov 2025 19:56:38 GMT",How strong is ETRACS 2x Leveraged MSCI US Quality Factor TR ETN stock revenue growth - Market Weekly Review & Target Return Focused Picks - newser.com,newser.com
"Fri, 14 Nov 2025 18:17:52 GMT",Will iPath Series B Carbon ETN stock keep outperforming rivals - Forecast Cut & Daily Risk Controlled Trade Plans - newser.com,newser.com
"Thu, 13 Nov 2025 16:08:00 GMT",Alex Weister reports on ETN following Longview City Council meeting - KLTV.com,KLTV.com
"Sat, 15 Nov 2025 22:55:55 GMT",How strong is ETRACS 2x Leveraged MSCI US Quality Factor TR ETN stock revenue growth - Market Growth Summary & Weekly Setup with High ROI Potential - newser.com,newser.com
"Sat, 15 Nov 2025 00:15:52 GMT",How to monitor ETRACS 2x Leveraged US Growth Factor TR ETN with trend dashboards - July 2025 Opening Moves & Expert Curated Trade Setups - newser.com,newser.com
"Fri, 14 Nov 2025 18:18:20 GMT",Is ETRACS 2x Leveraged US Value Factor TR ETN stock ready for breakout - Stop Loss & Expert Verified Movement Alerts - newser.com,newser.com
"Sat, 15 Nov 2025 11:56:21 GMT",How DB Gold Double Long ETN stock reacts to fiscal policies - Dividend Hike & Precise Entry and Exit Recommendations - newser.com,newser.com
"Sat, 15 Nov 2025 11:58:30 GMT",Can ETN stock surprise markets with earnings - Earnings Overview Report & Low Drawdown Trading Techniques - newser.com,newser.com
"Fri, 14 Nov 2025 21:08:29 GMT",What makes ETRACS 2x Leveraged US Value Factor TR ETN stock attractive to growth funds - Dollar Strength & High Return Stock Watch Alerts - newser.com,newser.com
"Fri, 14 Nov 2025 17:44:36 GMT",How ETRACS Quarterly Pay 1.5x Leveraged MVIS BDC Index ETN stock performs in stagflation - Wall Street Watch & Safe Capital Growth Tips - newser.com,newser.com
"Fri, 14 Nov 2025 22:21:22 GMT",Is ETRACS Monthly Pay 1.5x Leveraged Mortgage REIT ETN stock trading at a premium valuation - Chart Signals & Reliable Price Action Trade Plans - newser.com,newser.com
"Sat, 15 Nov 2025 08:12:54 GMT",Is DB Gold Short ETN stock poised for growth - Swing Trade & Long-Term Safe Investment Ideas - newser.com,newser.com
"Sat, 15 Nov 2025 09:06:30 GMT",Combining machine learning predictions for DB Gold Short ETN - 2025 Investor Takeaways & Daily Price Action Insights - newser.com,newser.com
"Fri, 14 Nov 2025 10:50:20 GMT",Is DB Gold Double Short ETN stock ready for a breakout - July 2025 Update & AI Driven Stock Reports - newser.com,newser.com
"Sat, 15 Nov 2025 22:58:50 GMT",Will ETRACS 2x Leveraged US Growth Factor TR ETN stock benefit from upcoming earnings reports - newser.com,newser.com
"Fri, 14 Nov 2025 14:56:21 GMT",How risky is DB Gold Short ETN stock now - Forecast Cut & Fast Entry High Yield Tips - newser.com,newser.com
"Sat, 15 Nov 2025 08:06:11 GMT",Why global investors buy iPath Select MLP ETN stock - Jobs Report & Weekly High Potential Stock Alerts - newser.com,newser.com
"Sat, 15 Nov 2025 10:06:30 GMT",Is DB Gold Double Long ETN stock gaining market share - July 2025 Catalysts & Safe Entry Momentum Stock Tips - newser.com,newser.com
"Sat, 15 Nov 2025 12:36:42 GMT",Can ETRACS 2xMonthly Pay Leveraged Index ETN recover in the next quarter - July 2025 Catalysts & Detailed Earnings Play Strategies - newser.com,newser.com
"Sat, 15 Nov 2025 03:56:30 GMT",Is DB Gold Double Long ETN stock gaining market share - Weekly Trade Review & AI Enhanced Market Trend Forecasts - newser.com,newser.com
"Fri, 14 Nov 2025 13:12:24 GMT",What high frequency data says about iPath Select MLP ETN - July 2025 Fed Impact & Weekly High Return Opportunities - newser.com,newser.com
"Sat, 15 Nov 2025 10:08:49 GMT",Is ETN stock trading at attractive multiples - Weekly Profit Analysis & AI Optimized Trading Strategy Guides - newser.com,newser.com
"Fri, 14 Nov 2025 21:30:00 GMT",GDXU - MicroSectors™ Gold Miners 3X Lvrgd ETN Latest Stock News & Market Updates - Stock Titan,Stock Titan
"Sat, 15 Nov 2025 07:57:58 GMT",Is DB Gold Double Long ETN stock in buy zone after pullback - 2025 Short Interest & Fast Moving Trade Plans - newser.com,newser.com
"Fri, 14 Nov 2025 06:33:00 GMT",Why ETRACS Quarterly Pay 1.5x Leveraged MVIS BDC Index ETN stock is favored by top institutions - 2025 Price Action Summary & Weekly Stock Performance Updates - newser.com,newser.com
"Fri, 14 Nov 2025 09:05:33 GMT",Will ETRACS 2x Leveraged US Value Factor TR ETN stock attract more institutional investors - 2025 Sector Review & Fast Exit/Entry Strategy Plans - newser.com,newser.com
"Sat, 15 Nov 2025 00:42:26 GMT",Is DB Gold Double Short ETN stock bottoming after sell off - Portfolio Risk Report & Fast Exit and Entry Trade Guides - newser.com,newser.com
"Fri, 14 Nov 2025 20:53:33 GMT",P 500 VIX Short Term Futures ETN stock ready for a breakout - Weekly Investment Recap & Smart Money Movement Tracker - newser.com,newser.com
"Sat, 15 Nov 2025 01:16:43 GMT",Why DB Gold Short ETN stock remains on watchlists - Dollar Strength & AI Based Buy and Sell Signals - newser.com,newser.com
"Fri, 14 Nov 2025 23:31:58 GMT",How ETRACS Quarterly Pay 1.5x Leveraged MVIS BDC Index ETN stock performs in stagflation - Dollar Strength & Long-Term Capital Growth Strategies - newser.com,newser.com
"Thu, 13 Nov 2025 21:20:14 GMT",Why DB Gold Short ETN stock remains on watchlists - Earnings Risk Summary & Reliable Trade Execution Plans - newser.com,newser.com
"Fri, 14 Nov 2025 08:10:59 GMT",Top chart patterns to watch in DB Gold Double Short ETN - Long Setup & Entry Point Confirmation Signals - newser.com,newser.com
"Thu, 13 Nov 2025 22:35:07 GMT",How ETN stock responds to job market shifts - Weekly Earnings Recap & Expert Approved Trade Ideas - newser.com,newser.com
"Fri, 14 Nov 2025 23:28:01 GMT",Will ETRACS MVIS Business Development Companies Index ETN stock benefit from green energy trends - 2025 Support & Resistance & Long-Term Safe Return Strategies - newser.com,newser.com
"Thu, 13 Nov 2025 20:24:27 GMT",How ETRACS 2xMonthly Pay Leveraged Index ETN stock responds to policy changes - Market Growth Report & Breakout Confirmation Trade Signals - newser.com,newser.com
"Fri, 14 Nov 2025 21:32:55 GMT",How strong is DB Gold Short ETN stock balance sheet - 2025 Valuation Update & High Conviction Buy Zone Alerts - newser.com,newser.com
"Fri, 14 Nov 2025 01:18:40 GMT",Volatility clustering patterns for ETRACS 2xMonthly Pay Leveraged Index ETN - Weekly Loss Report & Free Fast Gain Swing Trade Alerts - newser.com,newser.com
"Thu, 13 Nov 2025 22:24:51 GMT",What Wall Street predicts for iPath Series B Carbon ETN stock price - Day Trade & Weekly Market Pulse Updates - newser.com,newser.com
"Fri, 14 Nov 2025 18:19:15 GMT",Is DB Gold Short ETN stock positioned for digital transformation - Weekly Stock Summary & Community Driven Trade Alerts - newser.com,newser.com
"Fri, 14 Nov 2025 03:00:12 GMT",Can ETRACS MVIS Business Development Companies Index ETN stock surprise with earnings upside - 2025 Market WrapUp & Accurate Buy Signal Alerts - newser.com,newser.com
"Fri, 14 Nov 2025 21:15:14 GMT",Pattern recognition hints at ETRACS 2x Leveraged US Value Factor TR ETN upside - July 2025 Movers & Safe Capital Investment Plans - newser.com,newser.com
"Fri, 14 Nov 2025 07:51:43 GMT",Is DB Gold Double Long ETN stock in buy zone after pullback - Quarterly Earnings Summary & Short-Term High Return Strategies - newser.com,newser.com
"Thu, 13 Nov 2025 22:33:17 GMT",What Wall Street predicts for iPath Series B Carbon ETN stock price - Earnings Recap Summary & High Conviction Buy Zone Alerts - newser.com,newser.com
"Fri, 14 Nov 2025 13:28:47 GMT",Volume spikes in ETRACS 2x Leveraged US Growth Factor TR ETN stock – what they mean - July 2025 Summary & Free Safe Entry Trade Signal Reports - newser.com,newser.com
"Fri, 14 Nov 2025 15:05:20 GMT",Will ETRACS 2x Leveraged US Growth Factor TR ETN stock go up soon - Entry Point & Stock Market Timing Techniques - newser.com,newser.com
"Thu, 13 Nov 2025 19:05:07 GMT",Will iPath Select MLP ETN stock outperform Nasdaq index - Sell Signal & Stock Market Timing Techniques - newser.com,newser.com
"Fri, 14 Nov 2025 11:13:37 GMT",How ETRACS MVIS Business Development Companies Index ETN stock reacts to Fed rate cuts - Portfolio Profit Report & Precise Trade Entry Recommendations - newser.com,newser.com
"Fri, 14 Nov 2025 11:57:21 GMT",How ETN stock responds to job market shifts - Quarterly Profit Report & Weekly Market Pulse Updates - newser.com,newser.com
"Fri, 14 Nov 2025 19:32:39 GMT",How buybacks impact ETRACS 2x Leveraged US Value Factor TR ETN stock value - July 2025 Final Week & Real-Time Volume Spike Alerts - newser.com,newser.com
"Fri, 14 Nov 2025 05:15:39 GMT",What hedge fund activity signals for DB Gold Short ETN stock - 2025 Dividend Review & Community Consensus Trade Alerts - newser.com,newser.com
"Thu, 13 Nov 2025 18:10:53 GMT",How to monitor ETRACS 2x Leveraged US Growth Factor TR ETN with trend dashboards - 2025 Trading Volume Trends & Free Weekly Chart Analysis and Trade Guides - newser.com,newser.com
"Thu, 13 Nov 2025 17:26:42 GMT",Will ETRACS Quarterly Pay 1.5x Leveraged MVIS BDC Index ETN stock gain from strong economy - July 2025 Fed Impact & Low Drawdown Investment Ideas - newser.com,newser.com
"Fri, 14 Nov 2025 15:38:39 GMT",Is ETRACS Monthly Pay 1.5x Leveraged Mortgage REIT ETN stock attractive for growth ETFs - July 2025 Spike Watch & Weekly Setup with High ROI Potential - newser.com,newser.com
2025-11-12T19:12:37,"Eaton’s (ETN) Boyd Thermal Acquisition Was “Great,” Says Jim Cramer",Yahoo
2025-11-12T15:00:02,"Investors Heavily Search Eaton Corporation, PLC (ETN): Here is What You Need to Know",Yahoo
2025-11-11T20:27:23,Will Seattle City Light Partnership Accelerate Eaton's (ETN) Grid Modernization Narrative?,Yahoo
2025-11-15T20:16:52,Analyze my 1yr hold portfolio for flaws,Reddit/r/investing
