Date,Title,Source
2025-11-22T13:32:41Z,"Cold and snowy weather could be coming for many, thanks to the polar vortex - ABC News",Slashdot.org
2025-11-22T12:42:02Z,Winter Storm Warning As up to 12 Inches of Heavy Snow Forecast,Biztoc.com
2025-11-22T12:00:52Z,Is it Possible to Ski Tahoe Without Spending a Fortune?,KQED
2025-11-22T11:45:21Z,Traveling With Snow Man S01E10 1080p DSNP WEB-DL H264-playWEB,Rlsbb.to
2025-11-22T06:45:47Z,First snowfall of the year blankets Pathivara Temple area in Taplejung,Khabarhub.com
2025-11-22T04:45:00Z,First snowfall of year in Pathibhara temple area,Mypeoplesreview.com
2025-11-22T04:37:20Z,Sapporo Kokusai Ski Resort Opens 10 Days Earlier,Newsonjapan.com
2025-11-22T04:14:05Z,BGUS_3423981_015.jpg,Extra
2025-11-22T01:43:35Z,Gal Gadot Receives Hollywood Icon Award at Cedars-Sinai Fall Snow Ball Gala,Just Jared
2025-11-22T01:30:00Z,WONDER WOMAN Star Gal Gadot Says She’d Love To Play SNOW WHITE’s Evil Queen Again In Potential Spin-Off,CBM (Comic Book Movie)
2025-11-22T01:30:00Z,WONDER WOMAN Star Gal Gadot Says She’d Love To Play SNOW WHITE’s Evil Queen Again In Potential Spinoff,CBM (Comic Book Movie)
2025-11-22T01:20:40Z,"Gal Gadot Honored by Cedars-Sinai, Recalls Doctors Saving Her Life After Suffering ‘Massive Brain Clot’ While Eight Months Pregnant",Variety
2025-11-22T01:00:00Z,Thank Goodness For ‘The Hunting Wives’ Star Brittany Snow Bringing the Spice to ‘The Beast In Me’,Decider
2025-11-22T00:18:37Z,"Burton Canada Black Friday Sale – Take 20% Off Snowboards, Outerwear & Gear with Code SNOWDAY",redflagdeals.com
2025-11-21T23:27:00Z,"Gutenberg Times: State of the Word, WordPress 6.9, Carousel Block and more — Weekend Edition #350",Gutenbergtimes.com
2025-11-21T22:30:15Z,These LEGO Snow Globes Are The Perfect Stocking Stuffer For Brick-Lovers!,Yanko Design
2025-11-21T22:02:00Z,How to watch FIS Alpine skiing World Cup during 2025-26 season; broadcast schedule,NBCSports.com
2025-11-21T21:27:40Z,Wisconsin's 'snowiest' ski resort files for bankruptcy in a bid for survival,Business Insider
2025-11-21T21:15:11Z,"Gal Gadot Honors Lifesaving Doctors, Talks Snow White Spinoff and More",Us Weekly
2025-11-21T21:00:15Z,Amazon’s Black Friday deals on Ego Power+ battery-powered yard tools include huge discounts on snow blowers and leaf blowers,Popular Science
2025-11-21T20:31:25Z,Black Diamond Holiday Sale: Up to 25% off sitewide + free shipping w/ $99,Dealnews.com
2025-11-21T19:00:00Z,"Sansa and Jon Shippers, It Sounds Like The Dreadful is For You",Den of Geek US
2025-11-21T18:32:58Z,"It’s not over yet: SoCal storm brings flooding, possible tornado and trapped cars - Los Angeles Times",Slashdot.org
2025-11-21T18:05:08Z,"Save up to 27% during Black Friday on EGO mowers, trimmers, snow blowers, mini-bike, more from $129",9to5Toys
2025-11-21T17:59:32Z,Fleet Foxes Cover Elliott Smith’s “Angel in the Snow”: Stream,Consequence.net
"Sun, 23 Nov 2025 05:08:00 GMT","36th Snow Ball gala to benefit Norton Children’s Hospital, home & BMW raffle winners announced - WAVE News",WAVE News
"Sat, 22 Nov 2025 17:03:55 GMT",Denver on track to get snow before latest first snowfall record - CBS News,CBS News
"Sun, 23 Nov 2025 01:47:02 GMT",Rain and mountain snow for some areas of Western Colorado Sunday - KJCT,KJCT
"Sun, 23 Nov 2025 05:23:00 GMT",Rain and snow chances for Sunday in southern Colorado - KKTV,KKTV
"Sun, 23 Nov 2025 01:25:00 GMT","Light snow Sunday afternoon and evening, then snow showers overnight into Monday morning. Some roads will be slippery, but big impacts aren’t expected. - WCAX",WCAX
"Sun, 23 Nov 2025 03:45:00 GMT",Teen dies after falling through the ice on snow machine near Emmonak - Alaska's News Source,Alaska's News Source
"Sun, 23 Nov 2025 04:31:56 GMT",Light snow for Sunday - MyChamplainValley.com,MyChamplainValley.com
"Fri, 21 Nov 2025 18:36:00 GMT",Wide swaths of snow expected after Thanksgiving - MPR News,MPR News
"Sun, 23 Nov 2025 01:52:12 GMT",More snow headed to the mountains with this next system arriving tomorrow - KOAA News 5,KOAA News 5
"Sun, 23 Nov 2025 07:17:00 GMT",Video: Snow showers for some Sunday; rain expected midweek - WMUR,WMUR
"Sat, 22 Nov 2025 19:10:29 GMT",A potential snowstorm is brewing for the final days of November - Bring Me The News,Bring Me The News
"Sun, 23 Nov 2025 00:29:02 GMT","Utamaro’s monumental ""Snow"" sets US$7.1m record in US$88m Okada Museum auction | Japanese Art (Part I) - TheValue.com",TheValue.com
"Sun, 23 Nov 2025 07:15:12 GMT",The best sedans that can actually handle snow and ice - qz.com,qz.com
"Sun, 23 Nov 2025 02:03:00 GMT","Calm Conditions Continue Tonight, A Mix of Rain and Snow Sunday - WKTV",WKTV
"Fri, 21 Nov 2025 20:00:00 GMT",Tracking wildlife in the snow and moving blackbirds south - Adirondack Explorer,Adirondack Explorer
"Sun, 23 Nov 2025 05:34:00 GMT",Rain and snow arrives Sunday across Colorado - CBS News,CBS News
"Fri, 21 Nov 2025 23:09:00 GMT",Mild weekend ahead; snow chances possible late Thanksgiving weekend - MPR News,MPR News
"Sun, 23 Nov 2025 01:50:15 GMT",Thanksgiving week travel: WA passes to get heaping servings of snow - The Seattle Times,The Seattle Times
"Sun, 23 Nov 2025 02:19:17 GMT",Small rain/snow chances for Thanksgiving week - Local News 8,Local News 8
"Sun, 23 Nov 2025 08:00:00 GMT",Chance for snow in Spokane ahead of the holiday - NonStop Local KHQ,NonStop Local KHQ
"Sun, 23 Nov 2025 01:53:37 GMT",Santa Arrives without Snow! - FOX 17 West Michigan News,FOX 17 West Michigan News
"Sat, 22 Nov 2025 13:00:00 GMT",Snow-starved California ski resorts delay openings despite powerful recent storms - Los Angeles Times,Los Angeles Times
"Sat, 22 Nov 2025 23:48:06 GMT","Mountain snow Sunday, a few stray showers for lower elevations - KTVZ",KTVZ
"Sun, 23 Nov 2025 01:06:00 GMT","☔ Some spotty light rain for your Spokane Sunday, with MTN snow and local snow possible Thanksgiving week - Jason - KXLY.com",KXLY.com
"Sun, 23 Nov 2025 00:55:09 GMT",Snow Report: Mountain snow returns Sunday - KTVZ,KTVZ
"Fri, 21 Nov 2025 04:18:45 GMT","Winter Weather Outlook 2025: How much snow will fall this year in Philadelphia, Pennsylvania, New Jersey and Delaware? - 6abc Philadelphia",6abc Philadelphia
"Fri, 21 Nov 2025 17:25:25 GMT",Will it snow on Thanksgiving? Here's the latest forecast. - USA Today,USA Today
"Fri, 21 Nov 2025 19:04:00 GMT",Winter weather forecast | How much snow will we get? - WGAL,WGAL
"Thu, 20 Nov 2025 23:06:00 GMT",2025 Winter Weather Outlook: Here's how much snow East Tennessee might see this winter - WBIR,WBIR
"Fri, 21 Nov 2025 14:08:47 GMT",Denver ties mark Friday for second-latest date for a first snowfall - The Denver Post,The Denver Post
"Fri, 21 Nov 2025 14:37:29 GMT",Fleet Foxes Cover Elliott Smith’s “Angel in the Snow”: Listen - Pitchfork,Pitchfork
"Sat, 22 Nov 2025 19:00:30 GMT",Best SUVs for Snow - fox40.com,fox40.com
"Fri, 21 Nov 2025 18:36:14 GMT",Snow chances build as cold locks in across Minnesota next week - Bring Me The News,Bring Me The News
"Fri, 21 Nov 2025 16:52:48 GMT","New website will predict snow severity, totals in Erie County - wivb.com",wivb.com
"Fri, 21 Nov 2025 12:42:01 GMT",Will NJ's first snow storm be on Thanksgiving? See early forecast - Asbury Park Press,Asbury Park Press
"Sat, 22 Nov 2025 17:59:06 GMT",Mountain High’s opening day sees over a foot of fresh snow; night skiing returns - KTLA,KTLA
"Fri, 21 Nov 2025 21:45:01 GMT","Winter finally decided to show up! I’ll take snow season over wildfire season any day. Bundle up, drive smart and enjoy the magic while it lasts. - facebook.com",facebook.com
"Sun, 23 Nov 2025 01:05:00 GMT","Light rain overnight, with possible Spokane snow for Thanksgiving week! - KXLY.com",KXLY.com
"Fri, 21 Nov 2025 17:27:36 GMT",How much snow has fallen in Sierra Nevada so far? See latest Tahoe storm totals - Sacramento Bee,Sacramento Bee
"Sun, 23 Nov 2025 04:11:00 GMT",BIG SNOW! ❄️🎶 Music Video | PAW Patrol | Holiday Songs for Kids | PAW Patrol Official & Friends - NickALive!,NickALive!
"Sun, 23 Nov 2025 01:04:00 GMT",Cold blast with side of snow this Thanksgiving - FOX 8 News,FOX 8 News
"Fri, 21 Nov 2025 18:19:00 GMT","Michigan’s Thanksgiving weather: The second half is wintry for all, snowy for some - MLive.com",MLive.com
"Sat, 22 Nov 2025 17:21:57 GMT",Rain and mountain snow for some areas of Western Colorado Sunday - KJCT,KJCT
"Thu, 20 Nov 2025 23:45:00 GMT",How much snow will we get this winter? Watch the 'WGAL Winter Weather Outlook' - WGAL,WGAL
"Sat, 22 Nov 2025 16:44:33 GMT","'Pray for snow,' Park City businesses feeling the pain of snowless start to season - FOX 13 News Utah",FOX 13 News Utah
"Sun, 23 Nov 2025 02:15:00 GMT",Does WD-40 Prevent Snow From Sticking To Your Shovel Or Car? - Currently.com,Currently.com
"Thu, 20 Nov 2025 19:53:17 GMT",Is snow in the Thanksgiving weather forecast in Ohio? Bad weather brewing - The Columbus Dispatch,The Columbus Dispatch
"Sun, 23 Nov 2025 04:47:49 GMT",Frequent Rain and Snow Expected Until Late November - 조선일보,조선일보
"Sat, 22 Nov 2025 20:32:30 GMT",There Was a ‘Rare’ Snowfall in Hawaii—See the Beautiful Photos - Outdoors with Bear Grylls,Outdoors with Bear Grylls
"Sat, 22 Nov 2025 17:33:00 GMT",Michigan ski and snowboard forecast: ‘Snow lovers won’t have to wait long’ - MLive.com,MLive.com
"Thu, 20 Nov 2025 13:01:00 GMT",Rain and mountain snow increase across New Mexico - KOAT,KOAT
"Sat, 22 Nov 2025 18:00:00 GMT",No Eldora news as Town preps for snow - The Mountain-Ear,The Mountain-Ear
"Sat, 22 Nov 2025 16:05:00 GMT",Sunny and warm Saturday before snow and rain Sunday - CBS News,CBS News
"Sat, 22 Nov 2025 00:58:00 GMT",Photo of wheelchair user in Anchorage traffic raises snow removal questions - Alaska's News Source,Alaska's News Source
"Fri, 21 Nov 2025 22:26:00 GMT",Relatively calm weekend before snow potential picks up by Thanksgiving - Upper Michigan's Source,Upper Michigan's Source
"Fri, 21 Nov 2025 17:32:37 GMT",Poland braces for heavy snow and avalanches - Euronews.com,Euronews.com
"Thu, 20 Nov 2025 22:49:18 GMT",Winter Weather Outlook: Will we get more or less snow this year? - WPRI.com,WPRI.com
"Sun, 23 Nov 2025 01:57:00 GMT",Gal Gadot sparks Snow White SEQUEL rumors despite 'woke' live-action remake flopping at box office - Daily Mail,Daily Mail
"Sat, 22 Nov 2025 12:13:00 GMT","Scientists study variability in snowfall, wetter snowpack - SteamboatToday.com",SteamboatToday.com
"Sat, 22 Nov 2025 17:00:21 GMT",Local artists create 'magical' life-size snow globes on Park City's Main Street - KSL.com,KSL.com
"Fri, 21 Nov 2025 18:02:21 GMT","Pre-Thanksgiving travel looks good. Afterward? Expect snow, cold - Detroit Free Press",Detroit Free Press
"Sat, 22 Nov 2025 05:50:00 GMT","Weekend cold front to bring rain, lower snow levels amid warm November - KING5.com",KING5.com
"Sun, 23 Nov 2025 06:40:01 GMT",Thanksgiving Travel Mayhem Expected Powerful Storms and Snow to Create Havoc for US Travellers: Know More - Travel And Tour World,Travel And Tour World
"Thu, 20 Nov 2025 19:16:19 GMT",First signs of a La Niña winter appear in this unusual snowfall pattern - USA Today,USA Today
"Sat, 22 Nov 2025 09:30:47 GMT",Video. Arctic cold wave brings heavy snowfall to northern Spain - Euronews.com,Euronews.com
"Sat, 22 Nov 2025 16:06:42 GMT",Mild Saturday with rain and snow on the way Sunday before temps tumble - KOAA News 5,KOAA News 5
"Fri, 21 Nov 2025 18:04:22 GMT",This is the second latest first snow in Denver history - kdvr.com,kdvr.com
"Sun, 23 Nov 2025 05:49:53 GMT",Quiet end to the weekend ahead of tumbling temps and rain/snow for Turkey travel - Park Rapids Enterprise,Park Rapids Enterprise
"Sat, 22 Nov 2025 12:34:00 GMT",Winter Storm Warning As up to 12 Inches of Heavy Snow Forecast - Newsweek,Newsweek
"Wed, 19 Nov 2025 19:24:38 GMT",Snow in Hawaii? Officials Issue Winter Weather Advisory - POWDER Magazine,POWDER Magazine
"Fri, 21 Nov 2025 16:54:01 GMT","More Las Vegas rain showers, mountain snow on the way during F1 weekend - KSNV",KSNV
"Wed, 19 Nov 2025 20:17:38 GMT","Cold weather, winter are coming. Will Delaware see snow on Christmas? - The News Journal",The News Journal
"Thu, 20 Nov 2025 14:36:07 GMT",More snow disruption with 100 schools closed in North East - BBC,BBC
"Wed, 19 Nov 2025 23:33:22 GMT",How much snowfall is ahead for DC region? Winter forecast is here - WTOP,WTOP
"Fri, 21 Nov 2025 13:25:06 GMT","Arctic Blast Grips France, Switzerland as Heavy Snow Hits Alps - Bloomberg.com",Bloomberg.com
"Sat, 22 Nov 2025 23:26:15 GMT",First measured snowfall will now be Denver’s second-latest or latest ever - Denver Gazette,Denver Gazette
"Fri, 21 Nov 2025 17:10:22 GMT",Taylor Swift's popular snow globe sells out. See other holiday merch. - USA Today,USA Today
"Wed, 19 Nov 2025 18:10:35 GMT",Parts of Hawaii under winter weather advisory warning of snow - USA Today,USA Today
"Fri, 21 Nov 2025 19:30:00 GMT","Snow worries: Warm, dry November could delay Montana ski openings - Bozeman Daily Chronicle",Bozeman Daily Chronicle
"Wed, 19 Nov 2025 21:38:44 GMT",Is a snow storm in the Thanksgiving weather forecast? Bad weather is brewing. - USA Today,USA Today
"Fri, 21 Nov 2025 19:54:00 GMT",Safety first: Be ready when the snow flies - Brookings Register,Brookings Register
"Thu, 20 Nov 2025 15:48:00 GMT",Snow on Thanksgiving? Social media speculation frustrates Alabama meteorologists - AL.com,AL.com
"Thu, 20 Nov 2025 17:21:44 GMT","Get ready, travelers. Ohio may get high winds, blowing snow over Thanksgiving - Canton Repository",Canton Repository
2025-11-18T04:15:34,Is Snowflake’s 60% Rally Justified or Are Investors Getting Ahead of Fundamentals?,Yahoo
2025-11-18T01:07:38,Mizuho Maintains Snowflake (SNOW) Outperform Recommendation,Fintel
