Date,Title,Source
"Tue, 04 Nov 2025 21:18:00 GMT",Cold blast to bring Lower Michigan’s first significant snow of the season - MLive.com,MLive.com
"Tue, 04 Nov 2025 22:44:56 GMT","Freezing temperatures, potential snow coming to the Carolinas next week - WLOS",WLOS
"Tue, 04 Nov 2025 19:05:03 GMT","Chicago area could see first snow of the season this weekend thanks to cold front, developing storm system - CBS News",CBS News
"Wed, 05 Nov 2025 00:55:22 GMT",3 Pairs Baby Toddler Winter Mittens Warm Fleece Kids Mittens Baby Snow Skiing Gloves for Boys and Girls Aged 2-4 Years - The San Joaquin Valley Sun,The San Joaquin Valley Sun
"Tue, 04 Nov 2025 17:18:50 GMT","There's a chance for snow—yes, snow, this weekend in metro Detroit! - WXYZ Channel 7",WXYZ Channel 7
"Tue, 04 Nov 2025 22:02:45 GMT",Strong signals show better snowfall returns to Colorado for second half of November - Denver Gazette,Denver Gazette
"Wed, 05 Nov 2025 02:31:18 GMT","Trace amounts of snow in weekend forecast for Milwaukee, southeastern Wisconsin - Milwaukee Journal Sentinel",Milwaukee Journal Sentinel
"Wed, 05 Nov 2025 05:15:00 GMT",Chances for snow increase from Southcentral to the Interior - Alaska's News Source,Alaska's News Source
"Tue, 04 Nov 2025 11:04:48 GMT",Chicago weather: About that upcoming threat of snow... - FOX 32 Chicago,FOX 32 Chicago
"Wed, 05 Nov 2025 03:09:00 GMT",Granite Peak prepares for snowmaking season - WSAW,WSAW
"Tue, 04 Nov 2025 22:04:30 GMT",Snow likely on the horizon this weekend for Michigan - Big Rapids Pioneer,Big Rapids Pioneer
"Tue, 04 Nov 2025 13:55:08 GMT",When will New York see widespread snow? Almanac predicts early November - Lohud,Lohud
"Wed, 05 Nov 2025 04:19:00 GMT",Snow chances in the midstate - WSMV,WSMV
"Tue, 04 Nov 2025 14:00:00 GMT",First snow: Could Northeast Ohio see flakes soon? - Cleveland.com,Cleveland.com
"Wed, 05 Nov 2025 03:30:00 GMT","Active Weather: Light mix Thursday-Friday, then light snow Saturday - Valley News Live",Valley News Live
"Tue, 04 Nov 2025 22:33:53 GMT",Volleyball Heads Into Region 18 Tournament - Snow College Athletics,Snow College Athletics
"Wed, 05 Nov 2025 01:39:00 GMT","Next round of valley rain, mountain snow and wind arrives Wednesday - WCAX",WCAX
"Tue, 04 Nov 2025 17:34:00 GMT",High wind watch issued for Massachusetts as storm brings snow to northern New England - CBS News,CBS News
"Wed, 05 Nov 2025 03:43:00 GMT",Granite Peak prepares for snowmaking season - WSAW,WSAW
"Tue, 04 Nov 2025 23:45:09 GMT",Say it ain't snow! It's in the Detroit forecast this week - The Detroit News,The Detroit News
"Tue, 04 Nov 2025 22:33:53 GMT",Men's Soccer Lands Six on All-Conference Teams - Snow College Athletics,Snow College Athletics
"Wed, 05 Nov 2025 06:15:37 GMT",Surprise November Snow Falls Across Australia’s Snowy Mountains - SnowBrains,SnowBrains
"Wed, 05 Nov 2025 05:02:00 GMT",How Much Snow Will Fall Where You Live? - The New York Times,The New York Times
"Tue, 04 Nov 2025 13:19:00 GMT",Chilly weather is here: When can Maine expect the first snow of the season? - newscentermaine.com,newscentermaine.com
"Wed, 05 Nov 2025 07:27:00 GMT",Chances for snow increase from Southcentral to the Interior - Alaska's News Source,Alaska's News Source
"Tue, 04 Nov 2025 13:49:00 GMT",How much will it snow across America? Early flake outlook for brewing La Niña winter - FOX Weather,FOX Weather
"Tue, 04 Nov 2025 21:28:44 GMT",Eight Badgers Claim All-Conference Honors - Snow College Athletics,Snow College Athletics
"Wed, 05 Nov 2025 00:28:00 GMT","Colorado has been quietly ""making snow"" since the 1950s. Here's how cloud seeding works. - CBS News",CBS News
"Wed, 05 Nov 2025 00:10:00 GMT",Granite Peak prepares snow making equipment ahead of ski season - WSAW,WSAW
"Tue, 04 Nov 2025 22:03:00 GMT",When to look for first snow of the season - WSMV,WSMV
"Wed, 05 Nov 2025 03:45:00 GMT","A moonlit night, rain and snow on the way - WMTW",WMTW
"Tue, 04 Nov 2025 18:27:02 GMT","Upcoming eastern US cold wave to be accompanied by snow in Midwest, Appalachians - AccuWeather",AccuWeather
"Tue, 04 Nov 2025 15:00:04 GMT",First blast of winter could unleash lake-effect snow in parts of NY. What to know - Democrat and Chronicle,Democrat and Chronicle
"Tue, 04 Nov 2025 18:57:00 GMT","Rain, windy, and some snow on Wednesday - WWNY",WWNY
"Tue, 04 Nov 2025 15:50:17 GMT","Maryland Winter Weather Outlook 2025‑2026: NOAA forecast, snow predictions, and travel tips - WMAR 2 News Baltimore",WMAR 2 News Baltimore
"Wed, 05 Nov 2025 04:22:33 GMT",Rain moves in midweek; first snow chances arrive by this weekend in Metro Detroit - ClickOnDetroit | WDIV Local 4,ClickOnDetroit | WDIV Local 4
"Tue, 04 Nov 2025 23:58:08 GMT",James Spann: Rain back in the Alabama forecast Friday; snow flurries possible Monday - Alabama News Center,Alabama News Center
"Tue, 04 Nov 2025 21:39:00 GMT",Winds Weaken Overnight. Rain And Even Snow Wednesday Evening/Night - WABI,WABI
"Tue, 04 Nov 2025 18:43:00 GMT","Seasonal highs, with building snow chances by Thursday - Alaska's News Source",Alaska's News Source
"Tue, 04 Nov 2025 16:19:00 GMT","Northern California rain, wind and snow: Amounts and timing for Wednesday storm - KCRA",KCRA
"Wed, 05 Nov 2025 06:59:24 GMT",Big Sky Is Up for Best Snow Destination in the U.S. - 94.9 KYSS FM,94.9 KYSS FM
"Tue, 04 Nov 2025 20:29:58 GMT","Snowflake Partners With SAP. How 440,000 New Buyers May Boost $SNOW - Forbes",Forbes
"Tue, 04 Nov 2025 23:45:00 GMT",Public Works to receive new snow trucks as it prepares for winter weather - Columbia Missourian,Columbia Missourian
"Tue, 04 Nov 2025 23:43:00 GMT",Gusty conditions continue before late week rain and snow showers - WCAX,WCAX
"Wed, 05 Nov 2025 01:43:00 GMT",Rain and mountain snow return to the Inland Northwest tonight - KREM,KREM
"Tue, 04 Nov 2025 21:02:00 GMT",Snow and cold possible this weekend - KEYC News Now,KEYC News Now
"Wed, 05 Nov 2025 05:21:00 GMT","Cleveland area weather forecast: Wind and rain this week, snow possible early next week - WKYC",WKYC
"Tue, 04 Nov 2025 22:58:00 GMT",California hunter survives nearly 3 weeks stranded in Sierra snow after truck breaks down - CBS News,CBS News
"Wed, 05 Nov 2025 05:32:12 GMT",Damaging Wind Gusts and Snow Squalls Possible in Northeast on Wednesday - Weatherboy,Weatherboy
"Tue, 04 Nov 2025 18:57:00 GMT","Rain, windy, and some snow Wednesday - WWNY",WWNY
"Tue, 04 Nov 2025 16:27:00 GMT","FIRST ALERT 6 WEATHER DAYS: Snow, hard freeze expected in Omaha this weekend - WOWT",WOWT
"Wed, 05 Nov 2025 05:08:00 GMT","Portland snow parking ban fines increase, but not as much as initially proposed - WMTW",WMTW
"Tue, 04 Nov 2025 15:29:36 GMT","Coldest Air Of Season Ahead For Midwest, South, Northeast With First Snow Of Season For Some - The Weather Channel",The Weather Channel
"Wed, 05 Nov 2025 00:29:00 GMT","NorCal forecast: Rain, wind and snow Wednesday - KCRA",KCRA
"Tue, 04 Nov 2025 20:26:12 GMT",How ski resorts cope with less snow from Mother Nature - KKTV,KKTV
"Tue, 04 Nov 2025 23:37:00 GMT",First snow for parts of Maine Wednesday night - WMTW,WMTW
"Tue, 04 Nov 2025 23:16:11 GMT",Mostly cloudy and warmer with a few rain/snow showers on Wednesday - KRTV,KRTV
"Tue, 04 Nov 2025 23:44:56 GMT","Scattered to widespread rain, snow showers to continue through the week - NBC Montana",NBC Montana
"Mon, 03 Nov 2025 21:37:00 GMT",First Alert Weather - First flakes of snow possible this weekend - WSAW,WSAW
"Tue, 04 Nov 2025 20:20:11 GMT","Associate professor finds more rain than snow in the West's future - California State University, Long Beach","California State University, Long Beach"
"Tue, 04 Nov 2025 20:30:20 GMT",Chicago Arctic Air Alert: First Freeze and Snow Risk Arrive Next Week - Secret Chicago,Secret Chicago
"Tue, 04 Nov 2025 23:12:05 GMT","Windy midweek leads to weekend chill, possible rain-snow mix - WISN",WISN
"Mon, 03 Nov 2025 17:23:33 GMT",Chance for snow in Metro Detroit’s upcoming weather forecast -- here’s when - ClickOnDetroit | WDIV Local 4,ClickOnDetroit | WDIV Local 4
"Tue, 04 Nov 2025 20:10:48 GMT",GALLERY Pictures of snow during Minnesota winters - St. Cloud Times,St. Cloud Times
"Tue, 04 Nov 2025 16:56:35 GMT",Neither rain nor snow nor digitization have stopped local governments from accepting payments by mail - Smart Cities Dive,Smart Cities Dive
"Tue, 04 Nov 2025 11:00:24 GMT",Michigan Winter Forecast 2025-2026: Late-season snow threat for Detroit - FOX 2 Detroit,FOX 2 Detroit
"Tue, 04 Nov 2025 20:08:44 GMT","Snow expected to hit central Minnesota, St. Cloud this weekend - St. Cloud Times",St. Cloud Times
"Tue, 04 Nov 2025 21:56:29 GMT",Iconic winter festival set to celebrate Norse god of snow in Colorado - Denver Gazette,Denver Gazette
"Tue, 04 Nov 2025 20:05:00 GMT",Snow is 'right on schedule' to hit Western Pa. - TribLIVE.com,TribLIVE.com
"Wed, 05 Nov 2025 05:58:45 GMT",Snow flurries on the way for southern Minnesota? - MinnPost,MinnPost
"Tue, 04 Nov 2025 18:21:00 GMT","A pleasant stretch ahead, update on snow potential this weekend - KEYC News Now",KEYC News Now
"Tue, 04 Nov 2025 18:42:00 GMT","Seasonal highs, with building snow chances by Thursday - Alaska's News Source",Alaska's News Source
"Tue, 04 Nov 2025 22:43:24 GMT","Freezing temperatures, potential snow coming to the Carolinas next week - WLOS",WLOS
"Mon, 03 Nov 2025 20:58:10 GMT",More rain is on the way — and when will it snow in Boston? - NBC Boston,NBC Boston
"Tue, 04 Nov 2025 23:04:27 GMT",Now Open! The George Snow Scholarship Fund Invites Palm Beach County High School Seniors to Apply for Their Scholarships - citybiz,citybiz
"Wed, 05 Nov 2025 02:25:00 GMT","These Are The Best Winter And Snow Tires, Per Consumer Reports - Jalopnik",Jalopnik
"Tue, 04 Nov 2025 22:52:11 GMT",Pilot Point Snow - NBC 5 Dallas-Fort Worth,NBC 5 Dallas-Fort Worth
"Tue, 04 Nov 2025 16:46:00 GMT",Still tracking chances for snow this weekend - WNEM,WNEM
"Tue, 04 Nov 2025 19:56:00 GMT",Our favorite bedroom essentials from Silk & Snow are 25% off ahead of Black Friday — here's what we're eyeing - Business Insider,Business Insider
"Mon, 03 Nov 2025 21:27:00 GMT",Weather Talk: Will the Baltimore region see snow in November? - WBAL-TV,WBAL-TV
"Tue, 04 Nov 2025 22:38:20 GMT",More wind with a chance of rain and snow - Local News 8,Local News 8
"Mon, 03 Nov 2025 22:30:00 GMT","Minnesota weather: November nice — mild for now, but a rain, snow chance Saturday - MPR News",MPR News
"Tue, 04 Nov 2025 09:54:00 GMT",State Issued Winter Weather Alert as 5 Inches of Snow To Hit - Newsweek,Newsweek
"Wed, 05 Nov 2025 00:13:00 GMT",Steady rain and mountain snow develop Wednesday afternoon - WPTZ,WPTZ
"Tue, 04 Nov 2025 23:20:00 GMT",200 days without snow in Denver - 9News,9News
"Wed, 05 Nov 2025 01:15:10 GMT","Rain, mountain snow Wednesday night - MyChamplainValley.com",MyChamplainValley.com
"Tue, 04 Nov 2025 21:03:54 GMT",Why Artificial Snow Will Have to Play a Continued Role in the 2026 Winter Olympics - SnowBrains,SnowBrains
"Tue, 04 Nov 2025 16:56:00 GMT","At least 5 weather things to know, including first talk of accumulating snow - MLive.com",MLive.com
"Tue, 04 Nov 2025 17:05:00 GMT",Old Farmer’s Almanac predicts Thanksgiving snow for parts of U.S. See early N.J. forecast. - NJ.com,NJ.com
"Tue, 04 Nov 2025 15:41:05 GMT","Cold system for 'snow lovers' approaching Vermont next week, NWS says. Here's what to know - Burlington Free Press",Burlington Free Press
"Wed, 05 Nov 2025 07:47:06 GMT",MEGMILK SNOW BRAND Reports October 2025 Share Repurchase Results - TipRanks,TipRanks
"Tue, 04 Nov 2025 21:06:44 GMT","Calm tonight—wild winds Wednesday, then colder with weekend rain/snow! - CNYhomepage.com",CNYhomepage.com
"Wed, 05 Nov 2025 06:01:42 GMT","Debron Mack Obituary (2025) - Ocala, FL - Snow's Funeral & Cremation Ministry, Inc. - Legacy obituary",Legacy obituary
"Mon, 03 Nov 2025 11:21:15 GMT",State of snow: D.C.'s winter outlook looks mild — but could get wild - Axios,Axios
2025-11-04T16:00:00,SAP and Snowflake Unleash the Power of Data and Enterprise AI Across the Business Data Fabric,Yahoo
2025-11-04T15:10:00,Snowflake Intelligence Brings Agentic AI to the Enterprise,Yahoo
2025-11-04T15:05:00,Snowflake Unveils New Developer Tools to Supercharge Enterprise-Grade Agentic AI Development,Yahoo
2025-11-04T15:00:00,Snowflake Delivers the Enterprise Lakehouse with Enhanced Open Data Access and Flexibility for Agentic AI,Yahoo
2025-11-04T12:30:00,"CGI advances in Partner Status with Snowflake, ServiceNow, and UiPath, accelerating client outcomes in AI, data and business automation",Yahoo
2025-11-04T12:22:01,Deloitte Tax and Snowflake expand partnership,Yahoo
2025-11-03T15:10:00,Snowflake to Present at Upcoming Investor Conference,Yahoo
2025-11-03T15:05:00,USA Bobsled/Skeleton Taps Snowflake Intelligence to Redefine Speed and Precision on Ice,Yahoo
2025-11-03T15:02:00,Deloitte Expands Alliance With Snowflake to Enhance Tax Data Management Solutions,Yahoo
2025-11-03T15:00:00,"Snowflake to Announce Financial Results for the Third Quarter of Fiscal 2026 on December 3, 2025",Yahoo
2025-11-03T14:09:09,Is Snowflake’s Soaring Price Justified After Major Cloud Partnerships?,Yahoo
2025-11-03T13:00:22,"Snowflake Inc.'s (NYSE:SNOW) high institutional ownership speaks for itself as stock continues to impress, up 3.4% over last week",Yahoo
2025-11-02T20:53:40,Snowflake's CRO Mike Gannon's Instagram Interview With Influencer James Dumoulin Triggers SEC Filing,Yahoo
2025-10-31T14:00:04,Snowflake Inc. (SNOW) Is a Trending Stock: Facts to Know Before Betting on It,Yahoo
2025-10-31T10:43:00,"Citizens JMP Raises Snowflake (SNOW) PT to $325, Reiterates Outperform Rating",Yahoo
