Date,Title,Source
2025-10-30T08:06:00Z,Brittany Snow confirms S2 of The Hunting Wives is happening soon,Livejournal.com
2025-10-30T07:48:17Z,Annapurna Tourists Rescued After Snowfall,Nep123.com
2025-10-30T07:15:59Z,Armed Police Force rescue 162 tourists from Annapurna Base Camp,Khabarhub.com
2025-10-29T23:00:31Z,The adidas Ultraboost 1.0 Gets A Moon Boot Transformation For Winter,Sneaker News
2025-10-29T22:21:51Z,Hiker Dies in Fall Off Mount Whitney Cliff,Newser
2025-10-29T17:46:40Z,Brittany Snow Details A Key 'The Hunting Wives' Deleted Scene,Elite Daily
2025-10-29T17:36:19Z,How climate change is changing the way athletes train ahead of the Winter Olympics,Boston Herald
2025-10-29T17:05:00Z,"‘No Other Choice,’ ‘Voice of Hind Rajab’ Top Asian World Film Festival Lineup Loaded With International Oscar Submissions",Variety
2025-10-29T17:00:00Z,"An Open Letter to Donald Trump, from a Grateful Canadian Family He Has Unintentionally United",Mcsweeneys.net
2025-10-29T14:45:04Z,Armed Police set up health camp for tourists stranded by snowfall in Mustang,Khabarhub.com
2025-10-29T14:25:15Z,Ontario could get snow very soon and the next month promises even more,blogTO
2025-10-29T14:06:23Z,"This 80V Greenworks 20-inch cordless snow blower kit drops to its $250 low (Reg. $450, Today only)",9to5Toys
2025-10-29T13:50:54Z,Snow tunnel of corgis.,Wimp.com
"Thu, 30 Oct 2025 16:04:00 GMT",First snowfall accumulations map of the season and part of Michigan is in it - MLive.com,MLive.com
"Thu, 30 Oct 2025 13:30:55 GMT",First autumn snow of 2025 falls on Mount LeConte - WATE 6 On Your Side,WATE 6 On Your Side
"Thu, 30 Oct 2025 17:00:26 GMT","Here’s how much snow will fall this winter in D.C., according to experts - The Washington Post",The Washington Post
"Thu, 30 Oct 2025 19:58:36 GMT",Rising Temperature and Decreasing Snow Cover Increase Soil Breakdown - eos.org,eos.org
"Fri, 31 Oct 2025 00:11:00 GMT",Gusty winds and mountain snow to impact Halloween night - WCAX,WCAX
"Thu, 30 Oct 2025 21:04:41 GMT","Mount Mitchell experiences first snowfall of the season, NWS confirms - WLOS",WLOS
"Thu, 30 Oct 2025 15:30:00 GMT",When will it snow? It depends where you live - Spectrum News,Spectrum News
"Fri, 31 Oct 2025 00:03:31 GMT",Larter Earns SWAC Coach of the Year Honors - Snow College Athletics,Snow College Athletics
"Thu, 30 Oct 2025 23:37:39 GMT",First Whiteface snow - Lake Placid News,Lake Placid News
"Thu, 30 Oct 2025 20:19:05 GMT",Thousands of 'Gilmore Girls' fans expected in Akron for Smells like Snow Coffee festival - Akron Beacon Journal,Akron Beacon Journal
"Thu, 30 Oct 2025 19:33:18 GMT","January snow removal 'not good enough,' mayor says, announcing new tracking tools - Cincinnati Enquirer",Cincinnati Enquirer
"Fri, 31 Oct 2025 04:48:00 GMT",Spokane launches snow response plan for winter months - NonStop Local KHQ,NonStop Local KHQ
"Thu, 30 Oct 2025 20:54:00 GMT",Could our first freeze predict our first snowfall? - WNEP,WNEP
"Fri, 31 Oct 2025 02:00:00 GMT",STORMTRACK 3 FORECAST: Rain/snow showers Friday - KIMT,KIMT
"Fri, 31 Oct 2025 00:35:00 GMT","Unsettled weather brings rain, wind, and snow to Vermont and the North Country - WCAX",WCAX
"Thu, 30 Oct 2025 22:13:00 GMT","Rain, wind, and mountain snow to haunt our skies into Halloween - WCAX",WCAX
"Thu, 30 Oct 2025 19:01:18 GMT",First beautiful snowfall of the season hits LeConte Lodge - Knoxville News Sentinel,Knoxville News Sentinel
"Thu, 30 Oct 2025 20:07:15 GMT",LeConte Lodge gets its first snow of the season. See the photos! - Knoxville News Sentinel,Knoxville News Sentinel
"Fri, 31 Oct 2025 00:04:04 GMT",FOX 8 2025-2026 Winter Outlook: Just as cold with more snow - FOX 8 News,FOX 8 News
"Thu, 30 Oct 2025 16:18:51 GMT",Amazon’s Snow Shovel Deals Start at $16.99—Stock Up Before Winter Weather Hits - bobvila.com,bobvila.com
"Thu, 30 Oct 2025 09:13:00 GMT",Winter Storm Warning as 17 Inches of Snow To Strike - Newsweek,Newsweek
"Thu, 30 Oct 2025 20:46:00 GMT",VDOT begins snow training months in advance - cbs19news.com,cbs19news.com
"Thu, 30 Oct 2025 21:15:03 GMT",Do Good Wisconsin’s Snow Angel Program links volunteers with neighbors in need - WFRV Local 5,WFRV Local 5
"Fri, 31 Oct 2025 01:45:00 GMT","LIVESTREAM: #14 Green Canyon at #3 Snow Canyon in 4A football playoffs | Oct. 31, 2025 - Cache Valley Daily",Cache Valley Daily
"Thu, 30 Oct 2025 14:49:30 GMT",Impact of snow manipulation on overwintering disease and frost damage across pasture grass species - Nature,Nature
"Wed, 29 Oct 2025 21:23:24 GMT",Light snow possible in higher elevations of WNC ahead of Halloween - WLOS,WLOS
"Fri, 31 Oct 2025 02:34:00 GMT",Brittany Snow Explains Why ‘Hunting Wives’ Sex Scenes With Malin Akerman Were “So Nice & Different” Than With Male Co-Stars - Deadline,Deadline
"Wed, 29 Oct 2025 22:04:45 GMT","Winter Forecast: Maine could see lots of snow, cold with huge temperature swings - WGME",WGME
"Thu, 30 Oct 2025 21:59:49 GMT",Snow showers possible in parts of West Virginia on Halloween - Lootpress,Lootpress
"Thu, 30 Oct 2025 14:45:00 GMT",Charleston to test snow treatment equipment - WSAZ,WSAZ
"Thu, 30 Oct 2025 12:41:36 GMT",Denver’s first snow could be one of the latest in history - kdvr.com,kdvr.com
"Thu, 30 Oct 2025 19:25:39 GMT","Snow avalanche susceptibility, hazard, and exposure assessment in the Western Himalaya using machine learning and numerical modelling - Nature",Nature
"Thu, 30 Oct 2025 16:09:36 GMT",Snowflake (SNOW) Sees $10B Revenue in Sight — Wall Street Boosts Price Target - Yahoo Finance,Yahoo Finance
"Thu, 30 Oct 2025 01:12:00 GMT",Snow possible in high WNC elevations as temperatures plummet Thursday morning - WYFF News 4,WYFF News 4
"Thu, 30 Oct 2025 19:17:02 GMT",Remembering the 2011 October Snowstorm: 20 inches of snow fell in Acton 14 years ago today - WGME,WGME
"Thu, 30 Oct 2025 20:00:00 GMT","WYOWatch: Bear, moose frolic in new snow - Buckrail - Jackson Hole, news","Buckrail - Jackson Hole, news"
"Thu, 30 Oct 2025 23:23:00 GMT",Snow falling on the Blue Ridge Parkway - wfmynews2.com,wfmynews2.com
"Thu, 30 Oct 2025 20:28:57 GMT",Storm Center PM Update: Light Rain/Snow Shower Chances for Halloween - KELOLAND.com,KELOLAND.com
"Thu, 30 Oct 2025 19:15:51 GMT","Snow Hill wraps up ‘Ghost’ event, preps for Christmas Craft Show - Wilmington News Journal",Wilmington News Journal
"Thu, 30 Oct 2025 15:00:00 GMT",Good Smile Opens Snow Miku Kuromi Figure Pre-Orders - Siliconera,Siliconera
"Thu, 30 Oct 2025 17:33:04 GMT","Is it going to snow in Asheville, Western NC, on Oct. 30? National Weather Service predictions - The Asheville Citizen Times",The Asheville Citizen Times
"Fri, 31 Oct 2025 03:25:52 GMT",Brittany Snow Explains Why ‘Hunting Wives’ Sex Scenes With Malin Akerman Were “So Nice & Different” Than With Male Co-Stars - IMDb,IMDb
"Thu, 30 Oct 2025 22:59:00 GMT",Rain switches to snow for some on Halloween - WPTZ,WPTZ
"Fri, 31 Oct 2025 03:37:00 GMT","'Snowier backend of the winter': Bill Randy predicts snowfall, cold and snow days for schools this winter - KETV",KETV
"Thu, 30 Oct 2025 21:39:10 GMT",Great weather for trick-or-treaters; slight chance of rain and snow this Sunday - Local News 8,Local News 8
"Thu, 30 Oct 2025 23:27:29 GMT",How much does it normally snow in November? - KELOLAND.com,KELOLAND.com
"Thu, 30 Oct 2025 14:43:34 GMT",Charleston to test snow treatment equipment - WSAZ,WSAZ
"Thu, 30 Oct 2025 20:48:17 GMT","Lonely Mountains: Snow Riders coming to PlayStation 5, shadow drops new DLC - Gaming Nexus",Gaming Nexus
"Wed, 29 Oct 2025 07:50:15 GMT","Heavy snowfall from cyclone winds halts Everest tourism in Nepal, Tibet - Reuters",Reuters
"Thu, 30 Oct 2025 16:08:00 GMT",Change to Peoria’s snow removal plan draws some concern - WCBU Peoria,WCBU Peoria
"Fri, 31 Oct 2025 02:11:45 GMT",Spokane prepares for winter with enhanced snow response plan - NonStop Local KHQ,NonStop Local KHQ
"Thu, 30 Oct 2025 20:38:15 GMT",Winter Driving in Davison County: What Mitchell Drivers Should Know Before the First Snow - Mitchell Now,Mitchell Now
"Thu, 30 Oct 2025 18:00:16 GMT",Good Smile Company’s Snow Miku x Kuromi scale figure is now available to pre-order - Essential Japan,Essential Japan
"Thu, 30 Oct 2025 22:03:37 GMT","STORMTRACK 3 FORECAST: Fog lifting/clouds moving in, rain/snow showers Friday - KIMT",KIMT
"Thu, 30 Oct 2025 06:00:00 GMT","Near-average temperatures, but above-average snowfall? Here's the 2025-2026 Winter Weather Outlook - WKBW",WKBW
"Thu, 30 Oct 2025 16:18:51 GMT",Amazon’s Snow Shovel Deals Start at $16.99—Stock Up Before Winter Weather Hits - Currently.com,Currently.com
"Thu, 30 Oct 2025 16:35:08 GMT","Cold winds, even snow to follow late week rainstorm in eastern US - Yahoo",Yahoo
"Wed, 29 Oct 2025 09:45:19 GMT",Winter Weather Warning as 8 Inches of Snow To Hit - Newsweek,Newsweek
"Thu, 30 Oct 2025 16:52:31 GMT",Green Canyon @ Snow Canyon | Football - Cache Valley Daily,Cache Valley Daily
"Thu, 30 Oct 2025 23:30:37 GMT",Whiteface Mt. bolsters snowmaking - Lake Placid News,Lake Placid News
"Thu, 30 Oct 2025 12:29:00 GMT","Rain, wind, and some mountain snow to close out this week - WCAX",WCAX
"Thu, 30 Oct 2025 17:04:24 GMT","On This Day in 1950, Hank Snow Was at No. 1 on the Country Chart With the Record-Tying Song That Put Him on the Path to Stardom - American Songwriter",American Songwriter
"Thu, 30 Oct 2025 16:30:39 GMT",Snowflake (SNOW) Sees $10B Revenue in Sight — Wall Street Boosts Price Target - MSN,MSN
"Thu, 30 Oct 2025 21:46:09 GMT",Rachel Zegler Just Can’t Stop Talking About ‘Celebrated’ ‘Snow White’ - Inside the Magic,Inside the Magic
"Thu, 30 Oct 2025 23:35:00 GMT",Western North Carolina sees first snowflakes of 2025-26 season - wfmynews2.com,wfmynews2.com
"Thu, 30 Oct 2025 20:15:00 GMT",When should Denver expect its first snowfall? Typical date passed days ago - Denver Gazette,Denver Gazette
"Thu, 30 Oct 2025 21:15:00 GMT",Michigan Zoo Snow Leopard Cub Being Treated to Her First Pumpkin Is Total Cuteness Overload - Yahoo,Yahoo
"Thu, 30 Oct 2025 21:31:17 GMT",Michigan Weather Swings from Rain to Snow to 60 Degrees - WLEN,WLEN
"Thu, 30 Oct 2025 22:06:47 GMT",Lonely Mountains: Snow Riders - Official Highlands DLC Launch Trailer - IGN,IGN
"Thu, 30 Oct 2025 14:06:07 GMT","From storms to snow, what leads to a severe winter? - KELOLAND.com",KELOLAND.com
"Thu, 30 Oct 2025 22:17:11 GMT",Light rain/snow chances increasing Friday through Tuesday. Gusty winds possible Friday night. - AppleValleyNewsNow.com,AppleValleyNewsNow.com
"Thu, 30 Oct 2025 15:04:00 GMT",Get the 80V Greenworks 12-inch snow shovel with a 2.0Ah battery and rapid charger at $250 for today only - 9to5Toys,9to5Toys
"Wed, 29 Oct 2025 22:40:19 GMT",Women's Basketball Begins 2025-26 Campaign at Snow Classic - Snow College Athletics,Snow College Athletics
"Fri, 31 Oct 2025 05:48:57 GMT",Lonely Mountains Snow Riders - Highlands DLC - Gamereactor,Gamereactor
"Thu, 30 Oct 2025 18:03:30 GMT",Snow Day Tomorrow? Check Your Chances with Real-Time Forecast - North Penn Now,North Penn Now
"Tue, 28 Oct 2025 17:50:17 GMT",Philly Today: Fox 29 Thinks It Already Knows How Much Snow We Will Get This Winter - Philadelphia Magazine,Philadelphia Magazine
"Thu, 30 Oct 2025 16:32:32 GMT",Charleston Salt Parade gets things ready before first snow - WCHS Network,WCHS Network
"Thu, 30 Oct 2025 23:56:00 GMT",FOX 8 2025-2026 Winter Outlook: Just as cold with more snow – Fox 8 Cleveland WJW - FOX 8 News,FOX 8 News
"Thu, 30 Oct 2025 18:09:19 GMT",Environment-Focused Business Uses Electric Loader for Snow Management - Construction Equipment Guide,Construction Equipment Guide
"Thu, 30 Oct 2025 20:00:00 GMT",Otis gets fresh pizza at Rustik Eats food truck — until the snow flies - The Berkshire Eagle,The Berkshire Eagle
"Thu, 30 Oct 2025 23:05:00 GMT","My UP Weather: Chilly Halloween with some rain showers and possible snow showers (October 30, 2025) - myupnow.com",myupnow.com
"Fri, 31 Oct 2025 00:47:35 GMT",Harpers Ferry council approves 2025–26 snow-removal contract including sidewalk service - Citizen Portal AI,Citizen Portal AI
"Wed, 29 Oct 2025 13:00:36 GMT",The Annual Used Wheel and Snow Tire Search - BimmerLife,BimmerLife
"Thu, 30 Oct 2025 22:57:14 GMT",Volleyball Recap: Snow Canyon Find Success - MaxPreps.com,MaxPreps.com
"Thu, 30 Oct 2025 13:46:55 GMT","‘Wheel of Fortune’: Snow White ‘Lookalike’ Wins $80,000 & Cracks Up Ryan Seacrest With Gaffe - TV Insider",TV Insider
"Thu, 30 Oct 2025 12:05:38 GMT",Chances of rain and light snow ahead for trick-or-treating tomorrow - KELOLAND.com,KELOLAND.com
2025-10-30T17:09:36,Snowflake (SNOW) Sees $10B Revenue in Sight — Wall Street Boosts Price Target,Yahoo
2025-10-30T13:00:30,"For Snowflake Insiders, Selling US$6.3m Of Shares Was A Smart Move",Yahoo
2025-10-29T17:50:00,Backblaze vs. Snowflake: Which Cloud Data Stock Is the Better Buy?,Yahoo
2025-10-29T00:59:43,JMP Securities Maintains Snowflake (SNOW) Market Outperform Recommendation,Fintel
2025-10-28T16:21:39,Analyst Explains How AI Will Benefit Snowflake (SNOW),Yahoo
2025-10-28T13:38:59,Snowflake Reaffirms Outlook After Executive's Social Media Remarks,Yahoo
2025-10-28T12:00:02,2 Bull Call Spread Trade Ideas for Snowflake this Tuesday,Yahoo
2025-10-27T14:00:00,JPXI Launches TDnet Disclosures on Snowflake,Yahoo
2025-10-26T04:13:07,Snowflake (SNOW): Assessing Valuation After Wave of High-Profile AI Partnerships and Product Innovations,Yahoo
