Date,Title,Source
2025-11-20T14:00:00Z,Reproduction of porcine ear necrosis (ear-tip necrosis) following intradermal inoculation of pigs with Fusobacterium necrophorum,Plos.org
"Sat, 22 Nov 2025 11:15:50 GMT",Eaton (ETN) Valuation in Focus Following CFO Transition Plan and Financial Guidance Reaffirmation - Yahoo Finance,Yahoo Finance
"Fri, 21 Nov 2025 07:54:02 GMT",Will ETN stock top growth indexes - Earnings Risk Report & Detailed Earnings Play Strategies - newser.com,newser.com
"Fri, 21 Nov 2025 12:05:57 GMT",Will Eaton’s (ETN) CFO Transition Test Management Depth or Reinforce Stability? - simplywall.st,simplywall.st
"Sat, 22 Nov 2025 12:40:47 GMT","Mediolanum International Funds Ltd Boosts Stock Holdings in Eaton Corporation, PLC $ETN - MarketBeat",MarketBeat
"Thu, 20 Nov 2025 12:15:00 GMT","Eaton (NYSE: ETN) plans CFO transition by April 2026, keeps 2025 guidance unchanged - Stock Titan",Stock Titan
"Fri, 21 Nov 2025 12:55:34 GMT",Bank of America Securities Reaffirms Their Buy Rating on Eaton (ETN) - The Globe and Mail,The Globe and Mail
"Thu, 20 Nov 2025 06:47:30 GMT",Eaton (ETN): Evaluating Valuation After New Seattle Grid Partnership Highlights Growth in Utility Tech - simplywall.st,simplywall.st
"Fri, 21 Nov 2025 08:52:19 GMT",P 500 VIX Short Term Futures ETN stock responds to policy changes - newser.com,newser.com
"Fri, 21 Nov 2025 03:32:27 GMT",How ETRACS Alerian MLP Index ETN stock gains from tech spending - July 2025 Sentiment & Fast Moving Stock Watchlists - newser.com,newser.com
"Fri, 21 Nov 2025 11:14:39 GMT",How iPath Series B Carbon ETN stock benefits from strong dollar - 2025 Winners & Losers & Verified Swing Trading Watchlists - newser.com,newser.com
"Fri, 21 Nov 2025 01:35:18 GMT",Chart based exit strategy for DB Gold Double Long ETN - July 2025 Selloffs & Reliable Trade Execution Plans - newser.com,newser.com
"Fri, 21 Nov 2025 03:17:59 GMT",Will ETRACS Quarterly Pay 1.5x Leveraged MVIS BDC Index ETN rebound enough to break even - Weekly Stock Analysis & Daily Entry Point Trade Alerts - newser.com,newser.com
"Thu, 20 Nov 2025 03:19:43 GMT",Can ETN stock surprise markets with earnings - July 2025 Reactions & Consistent Income Trade Recommendations - newser.com,newser.com
"Thu, 20 Nov 2025 08:57:01 GMT",Is DB Gold Double Long ETN stock expanding market penetration - Dollar Strength & Real-Time Buy Signal Alerts - newser.com,newser.com
"Thu, 20 Nov 2025 03:04:41 GMT",What analyst consensus implies for ETRACS Alerian MLP Index ETN stock - Quarterly Market Summary & Reliable Breakout Forecasts - newser.com,newser.com
"Wed, 19 Nov 2025 20:27:25 GMT",Will DB Gold Double Long ETN stock deliver consistent dividends - Trade Risk Report & Safe Entry Point Identification - newser.com,newser.com
"Thu, 20 Nov 2025 05:53:28 GMT",Is ETRACS Quarterly Pay 1.5x Leveraged Alerian MLP Index ETN stock a good choice for value investors - Long Setup & Fast Gain Swing Trade Alerts - newser.com,newser.com
"Thu, 20 Nov 2025 00:26:52 GMT",How to monitor ETRACS 2x Leveraged US Growth Factor TR ETN with trend dashboards - 2025 Winners & Losers & Capital Efficiency Focused Ideas - newser.com,newser.com
"Wed, 19 Nov 2025 20:16:43 GMT",Is DB Gold Double Long ETN stock gaining market share - July 2025 Market Mood & AI Driven Stock Price Forecasts - newser.com,newser.com
"Thu, 20 Nov 2025 05:19:57 GMT",Is iPath Select MLP ETN stock resilient to inflation - Market Trend Review & Risk Adjusted Buy and Sell Alerts - newser.com,newser.com
"Thu, 20 Nov 2025 12:17:11 GMT",Is ETRACS Monthly Pay 1.5x Leveraged Mortgage REIT ETN stock ready for breakout - 2025 Buyback Activity & Free Long-Term Investment Growth Plans - newser.com,newser.com
"Thu, 20 Nov 2025 09:02:02 GMT",Will ETRACS Alerian MLP Index ETN stock beat international competition - Weekly Market Outlook & Expert Curated Trade Setups - newser.com,newser.com
"Thu, 20 Nov 2025 12:35:56 GMT",Eaton CFO Olivier Leonetti to step down (ETN:NYSE) - Seeking Alpha,Seeking Alpha
"Wed, 19 Nov 2025 21:05:40 GMT",How ETRACS Monthly Pay 1.5x Leveraged Mortgage REIT ETN stock trades before earnings - 2025 Valuation Update & Real-Time Stock Movement Alerts - newser.com,newser.com
"Wed, 19 Nov 2025 19:19:22 GMT",Is DB Gold Double Long ETN stock in buy zone after pullback - Gap Up & Fast Entry Momentum Trade Alerts - newser.com,newser.com
"Thu, 20 Nov 2025 01:32:55 GMT",Is DB Gold Double Long ETN stock in buy zone after pullback - Insider Buying & Short-Term Trading Alerts - newser.com,newser.com
"Wed, 19 Nov 2025 23:53:35 GMT",P 500 VIX Short Term Futures ETN show high probability of rebound - 2025 Historical Comparison & Long-Term Capital Growth Strategies - newser.com,newser.com
"Wed, 19 Nov 2025 10:48:50 GMT",How ETN stock responds to job market shifts - July 2025 Closing Moves & Technical Analysis for Trade Confirmation - newser.com,newser.com
"Wed, 19 Nov 2025 19:41:19 GMT",Is ETRACS 2xMonthly Pay Leveraged Index ETN stock a smart buy before Fed meeting - Market Performance Report & Long-Term Capital Growth Ideas - newser.com,newser.com
"Wed, 19 Nov 2025 10:17:43 GMT",Is iPath Select MLP ETN stock resilient in recession scenarios - Trade Performance Summary & Fast Exit and Entry Strategy Plans - newser.com,newser.com
"Wed, 19 Nov 2025 21:05:44 GMT",Is ETRACS Quarterly Pay 1.5x Leveraged Alerian MLP Index ETN stock a good choice for value investors - Gold Moves & Free AI Powered Buy and Sell Recommendations - newser.com,newser.com
"Wed, 19 Nov 2025 20:46:07 GMT",Can ETRACS Alerian MLP Index ETN stock survive global slowdown - Market Weekly Review & Daily Risk Controlled Trade Plans - newser.com,newser.com
"Wed, 19 Nov 2025 20:45:57 GMT",How DB Gold Double Long ETN stock benefits from global expansion - Weekly Stock Analysis & Daily Stock Trend Reports - newser.com,newser.com
"Wed, 19 Nov 2025 20:18:37 GMT",How ETRACS 2x Leveraged US Growth Factor TR ETN stock benefits from tech adoption - Weekly Trading Summary & Weekly Stock Breakout Alerts - newser.com,newser.com
"Wed, 19 Nov 2025 12:27:36 GMT",How DB Gold Double Long ETN stock benefits from global expansion - Trade Risk Report & Reliable Entry Point Alerts - newser.com,newser.com
"Wed, 19 Nov 2025 14:30:49 GMT",Will ETRACS 2xMonthly Pay Leveraged Index ETN stock go up soon - July 2025 Momentum & Reliable Intraday Trade Alerts - newser.com,newser.com
"Wed, 19 Nov 2025 20:49:33 GMT",Will DB Gold Double Long ETN stock pay special dividends - July 2025 News Drivers & Verified Swing Trading Watchlist - newser.com,newser.com
"Wed, 19 Nov 2025 14:31:10 GMT",Will DB Gold Double Long ETN stock deliver consistent dividends - 2025 Sector Review & Low Risk High Reward Ideas - newser.com,newser.com
"Wed, 19 Nov 2025 14:20:44 GMT",Is ETN stock trading at attractive multiples - 2025 Price Action Summary & AI Based Trade Execution Alerts - newser.com,newser.com
"Wed, 19 Nov 2025 19:45:53 GMT",Why DB Gold Short ETN due stock is trending on social media - Weekly Volume Report & Expert Approved Momentum Trade Ideas - newser.com,newser.com
"Wed, 19 Nov 2025 20:23:57 GMT",Is ETRACS Monthly Pay 1.5x Leveraged Mortgage REIT ETN stock attractive for income investors - 2025 Technical Patterns & Real-Time Volume Analysis Alerts - newser.com,newser.com
"Wed, 19 Nov 2025 21:44:31 GMT",How ETRACS Monthly Pay 1.5x Leveraged Mortgage REIT ETN stock trades before earnings - 2025 Short Interest & Capital Efficiency Focused Ideas - newser.com,newser.com
"Wed, 19 Nov 2025 21:40:43 GMT",How to build a dashboard for DB Gold Short ETN stock - 2025 Bull vs Bear & Consistent Return Investment Signals - newser.com,newser.com
"Wed, 19 Nov 2025 19:32:15 GMT",How strong is ETRACS 2x Leveraged MSCI US Quality Factor TR ETN stock revenue growth - 2025 Volatility Report & Verified Entry Point Signals - newser.com,newser.com
"Wed, 19 Nov 2025 19:52:01 GMT",How ETRACS Alerian MLP Index ETN stock gains from tech spending - Market Sentiment Review & Entry Point Confirmation Signals - newser.com,newser.com
"Wed, 19 Nov 2025 21:55:42 GMT",Will ETRACS Monthly Pay 1.5x Leveraged Mortgage REIT ETN stock gain from government policies - IPO Watch & Free Weekly Chart Analysis and Trade Guides - newser.com,newser.com
"Wed, 19 Nov 2025 20:14:06 GMT",Why ETRACS Quarterly Pay 1.5x Leveraged MVIS BDC Index ETN stock is favored by top institutions - 2025 Breakouts & Breakdowns & Real-Time Volume Triggers - newser.com,newser.com
"Wed, 19 Nov 2025 23:06:13 GMT",Is ETRACS Quarterly Pay 1.5x Leveraged Alerian MLP Index ETN stock a top pick in earnings season - newser.com,newser.com
"Wed, 19 Nov 2025 15:37:43 GMT",What high frequency data says about iPath Select MLP ETN - Quarterly Portfolio Report & Reliable Price Breakout Alerts - newser.com,newser.com
"Wed, 19 Nov 2025 22:30:47 GMT",How strong is ETRACS 2x Leveraged MSCI US Quality Factor TR ETN stock revenue growth - Quarterly Profit Summary & Weekly Watchlist of Top Performers - newser.com,newser.com
"Wed, 19 Nov 2025 21:04:54 GMT",Can ETRACS MVIS Business Development Companies Index ETN stock hit analyst price targets - Trade Exit Summary & Safe Capital Investment Plans - newser.com,newser.com
"Wed, 19 Nov 2025 09:30:19 GMT",Will DB Gold Double Long ETN stock outperform international peers - Quarterly Trade Review & Safe Capital Investment Plans - newser.com,newser.com
"Wed, 19 Nov 2025 11:06:45 GMT",Can ETRACS 2x Leveraged US Value Factor TR ETN stock deliver consistent earnings growth - Quarterly Growth Report & Fast Entry Momentum Trade Alerts - newser.com,newser.com
"Wed, 19 Nov 2025 12:40:21 GMT",Will ETRACS Monthly Pay 1.5x Leveraged Mortgage REIT ETN stock gain from government policies - CEO Change & Accurate Intraday Trade Tips - newser.com,newser.com
"Wed, 19 Nov 2025 15:07:54 GMT",Will ETRACS Quarterly Pay 1.5x Leveraged MVIS BDC Index ETN stock gain from strong economy - Market Activity Summary & Capital Efficiency Focused Strategies - newser.com,newser.com
"Wed, 19 Nov 2025 22:23:44 GMT",Is ETRACS 2xMonthly Pay Leveraged Index ETN forming a reversal pattern - Global Markets & Stepwise Trade Execution Plans - newser.com,newser.com
"Wed, 19 Nov 2025 10:49:14 GMT",How iPath Series B Carbon ETN stock benefits from strong dollar - Share Buyback & Verified Entry Point Detection - newser.com,newser.com
"Thu, 20 Nov 2025 12:58:52 GMT",Eaton (ETN) Maintains Steady Full-Year Guidance - GuruFocus,GuruFocus
"Thu, 20 Nov 2025 23:36:43 GMT",Insider Buying: Eaton (NYSE:ETN) Director Buys 200 Shares of Stock - MarketBeat,MarketBeat
"Wed, 19 Nov 2025 05:15:16 GMT",ETRACS 2x Leveraged US Value Factor TR ETN stock trend outlook and recovery path - newser.com,newser.com
"Wed, 19 Nov 2025 05:15:50 GMT",How ETRACS Quarterly Pay 1.5x Leveraged MVIS BDC Index ETN stock performs in stagflation - Market Risk Summary & Free Low Drawdown Momentum Trade Ideas - newser.com,newser.com
"Thu, 20 Nov 2025 15:35:28 GMT",Eaton Corporation (ETN) Announces CFO Transition and Reaffirms 2 - GuruFocus,GuruFocus
"Thu, 20 Nov 2025 13:05:59 GMT",Eaton (NYSE:ETN) Stock Unloaded Rep. Kevin Hern - MarketBeat,MarketBeat
"Tue, 18 Nov 2025 23:39:40 GMT",Reversal indicators forming on ETRACS MVIS Business Development Companies Index ETN stock - 2025 Sector Review & Real-Time Buy Signal Notifications - newser.com,newser.com
"Thu, 20 Nov 2025 12:58:51 GMT",Eaton (ETN) Plans Executive Transition as CFO Leonetti to Depart in 2026 - GuruFocus,GuruFocus
"Thu, 20 Nov 2025 13:23:01 GMT","Eaton (ETN) Announces CFO Departure, Shares Rise - GuruFocus",GuruFocus
"Fri, 21 Nov 2025 12:18:59 GMT",Is DB Gold Double Short ETN stock a good hedge against inflation - Portfolio Risk Report & Fast Gain Swing Alerts - newser.com,newser.com
"Fri, 21 Nov 2025 12:06:25 GMT",Is DB Gold Double Long ETN stock expanding market penetration - July 2025 Highlights & Real-Time Volume Analysis - newser.com,newser.com
"Fri, 21 Nov 2025 08:22:28 GMT",Why DB Gold Short ETN stock appeals to dividend seekers - 2025 Major Catalysts & Long Hold Capital Preservation Plans - newser.com,newser.com
"Thu, 20 Nov 2025 04:31:12 GMT",Why pension funds invest in ETN stock - July 2025 Retail & Daily Oversold Bounce Ideas - newser.com,newser.com
"Thu, 20 Nov 2025 07:50:03 GMT",P 500 VIX Short Term Futures ETN stock responds to policy changes - 2025 Historical Comparison & Accurate Intraday Trade Tips - newser.com,newser.com
"Thu, 20 Nov 2025 02:01:17 GMT",Is DB Gold Short ETN stock poised for growth - Swing Trade & Reliable Volume Spike Alerts - newser.com,newser.com
"Wed, 19 Nov 2025 18:46:19 GMT",Will ETN stock top growth indexes - Forecast Cut & Precise Buy Zone Identification - newser.com,newser.com
"Wed, 19 Nov 2025 20:36:18 GMT",Is DB Gold Double Long ETN stock gaining market share - 2025 Sector Review & AI Based Buy/Sell Signal Reports - newser.com,newser.com
"Tue, 18 Nov 2025 15:26:47 GMT","Rothschild Investment LLC Boosts Stake in Eaton Corporation, PLC $ETN - MarketBeat",MarketBeat
"Wed, 19 Nov 2025 21:56:50 GMT",P 500 VIX Short Term Futures ETN stock responds to policy changes - Trade Risk Assessment & Growth Oriented Trading Recommendations - newser.com,newser.com
"Wed, 19 Nov 2025 23:03:37 GMT",Will ETRACS 2x Leveraged US Value Factor TR ETN stock attract more institutional investors - 2025 Dividend Review & Technical Entry and Exit Alerts - newser.com,newser.com
"Wed, 19 Nov 2025 20:25:19 GMT",Why DB Gold Double Long ETN stock attracts high net worth investors - July 2025 Pullbacks & Weekly Market Pulse Updates - newser.com,newser.com
"Thu, 20 Nov 2025 02:02:44 GMT",Why DB Gold Short ETN due stock is trending on social media - Trade Ideas & High Accuracy Swing Entry Alerts - newser.com,newser.com
"Wed, 19 Nov 2025 19:55:42 GMT",What catalysts could drive DB Gold Double Short ETN stock higher - July 2025 Setups & Technical Confirmation Trade Alerts - newser.com,newser.com
"Wed, 19 Nov 2025 22:58:19 GMT",Can ETRACS 2x Leveraged US Value Factor TR ETN stock deliver consistent earnings growth - Quarterly Portfolio Summary & High Accuracy Buy Signal Tips - newser.com,newser.com
"Thu, 20 Nov 2025 12:37:32 GMT","BofA Securities Maintains Eaton(ETN.US) With Buy Rating, Maintains Target Price $432 - 富途牛牛",富途牛牛
"Wed, 19 Nov 2025 19:53:45 GMT",Can ETN stock surprise markets with earnings - Weekly Profit Recap & Precise Swing Trade Entry Alerts - newser.com,newser.com
"Thu, 20 Nov 2025 05:29:52 GMT",Does ETRACS 2x Leveraged MSCI US Quality Factor TR ETN show high probability of rebound - July 2025 Momentum & Short-Term Swing Trade Alerts - newser.com,newser.com
"Thu, 20 Nov 2025 01:47:32 GMT",How ETRACS MVIS Business Development Companies Index ETN stock reacts to Fed rate cuts - 2025 Top Gainers & Weekly High Return Stock Forecasts - newser.com,newser.com
"Wed, 19 Nov 2025 20:56:53 GMT",How ETRACS MVIS Business Development Companies Index ETN stock reacts to Fed rate cuts - July 2025 Technicals & Fast Exit Strategy with Risk Control - newser.com,newser.com
"Thu, 20 Nov 2025 06:43:33 GMT","UBS AG Etracs Crude Oil Shares Covered Call ETN To Go Ex-Dividend On November 20th, 2025 With 0.5968 USD Dividend Per Share - 富途牛牛",富途牛牛
"Wed, 19 Nov 2025 23:43:04 GMT",Top chart patterns to watch in DB Gold Double Short ETN - 2025 Key Highlights & Precise Buy Zone Tips - newser.com,newser.com
"Wed, 19 Nov 2025 10:18:55 GMT",Will iPath Select MLP ETN stock outperform Nasdaq index - July 2025 Movers & Reliable Volume Spike Alerts - newser.com,newser.com
"Wed, 19 Nov 2025 20:13:15 GMT",Will DB Gold Double Short ETN stock enhance shareholder value - 2025 Stock Rankings & Long-Term Safe Investment Plans - newser.com,newser.com
"Wed, 19 Nov 2025 19:52:33 GMT",Can ETRACS Quarterly Pay 1.5x Leveraged Alerian MLP Index ETN stock hit analyst price targets - July 2025 Decliners & Consistent Growth Equity Picks - newser.com,newser.com
"Wed, 19 Nov 2025 11:58:43 GMT",Why DB Gold Double Long ETN stock attracts high net worth investors - Weekly Risk Report & Reliable Intraday Trade Alerts - newser.com,newser.com
"Wed, 19 Nov 2025 15:15:07 GMT",How ETRACS Alerian MLP Index ETN stock gains from tech spending - Inflation Watch & Expert Approved Trade Ideas - newser.com,newser.com
"Wed, 19 Nov 2025 12:57:06 GMT",Is ETRACS Alerian MLP Index ETN stock good for wealth creation - Portfolio Risk Summary & Long-Term Growth Plans - newser.com,newser.com
"Wed, 19 Nov 2025 12:10:25 GMT",Is DB Gold Short ETN stock a buy on dips - Weekly Market Summary & Weekly High Return Opportunities - newser.com,newser.com
"Wed, 19 Nov 2025 20:18:24 GMT",Is iPath Series B Carbon ETN stock reversal real or fake - 2025 Technical Overview & Expert Verified Stock Movement Alerts - newser.com,newser.com
"Wed, 19 Nov 2025 11:46:32 GMT",What Wall Street predicts for iPath Series B Carbon ETN stock price - Dividend Hike & Weekly High Return Stock Forecasts - newser.com,newser.com
"Wed, 19 Nov 2025 06:48:00 GMT",Is DB Gold Short ETN stock positioned for digital transformation - July 2025 Rallies & Low Drawdown Momentum Ideas - newser.com,newser.com
2025-11-22T12:15:50,Eaton (ETN) Valuation in Focus Following CFO Transition Plan and Financial Guidance Reaffirmation,Yahoo
2025-11-20T13:15:00,"Eaton Announces the Planned Transition of Executive Vice President and Chief Financial Officer, Olivier Leonetti, Effective April 1, 2026",Yahoo
2025-11-18T12:45:00,Eaton to Participate in the UBS Global Industrials and Transportation Conference on December 2,Yahoo
