Date,Title,Source
2025-11-15T09:53:04Z,Ski Season Opens in Western Japan,Newsonjapan.com
2025-11-15T09:12:11Z,Inside Germany: Winter's first snow and more security at Christmas markets,The Local Germany
2025-11-15T09:05:25Z,Chance of snow in UK this week after Storm Claudia clears,BBC News
2025-11-15T08:04:09Z,7 cosy hill stations in India perfect for winter vacations,Economictimes.com
2025-11-15T04:44:58Z,'Snow Angels' Lyrics: Malachi Barton & Freya Skye Team Up For New 'Zombies 4' Holiday Song - Listen!,Just Jared
2025-11-15T02:00:00Z,The Little-Known Story Of The ‘Year Without A Summer’ That Saw Worldwide Famine And Widespread Snowfall In June,Allthatsinteresting.com
2025-11-15T01:43:16Z,‘The Beast in Me’ Cast and Character Guide: Who’s Who in the Claire Danes Netflix Series?,TheWrap
2025-11-14T23:14:30Z,This Week in Space 186: Snow on the Moon?,Twit.tv
2025-11-14T22:42:10Z,Gymax 7.5 FT Pre-Lit Christmas Tree Snow Flocked Hinged Pine Tree w/ Metal Stand $109.99,Slickdeals.net
2025-11-14T22:40:42Z,King Tut The Discovery with Dan Snow 2025 1080p HDTV H264-DARKFLiX,Rlsbb.to
2025-11-14T21:37:12Z,Part of northwestern Manitoba under snowfall warning until Saturday,CBC News
2025-11-14T20:53:14Z,"California hit by flooding, snow, landslides, winds, wildfires, and an earthquake, all in one day",Yahoo Entertainment
2025-11-14T20:43:49Z,Snow Lake Resources files $1B mixed securities shelf,Thefly.com
2025-11-14T18:55:47Z,Macy's Black Friday Winter Accessories Deals: 50% to 70% off + free shipping w/ $25,Dealnews.com
2025-11-14T18:43:34Z,Toronto drivers to pay hefty fines for this winter driving mistake,blogTO
2025-11-14T18:24:12Z,Snowflake (SNOW): William Blair Reiterates Buy on Strengthening Competitive Edge After Product Enhancements,Yahoo Entertainment
2025-11-14T17:25:20Z,OneSoccer says snowy CPL final featuring viral 'icicle kick' exceeds 1 billion views,CBC News
2025-11-14T17:07:04Z,Ski Map Shows Best States for Snow This Winter,Biztoc.com
"Sun, 16 Nov 2025 06:31:00 GMT",Northern California rain and snow forecast: Tracking 2 systems Saturday night through Monday - KCRA,KCRA
"Sat, 15 Nov 2025 22:45:01 GMT",Rain ending overnight then tracking lake effect snow for Sunday night through Tuesday - WSTM,WSTM
"Sun, 16 Nov 2025 02:09:57 GMT","Badgers Stifle No. 11 IHCC, Sweep Snow College Classic - Snow College Athletics",Snow College Athletics
"Sun, 16 Nov 2025 05:43:38 GMT",Rain and mountain snow likely on Sunday - KJCT,KJCT
"Sun, 16 Nov 2025 04:23:00 GMT",Windy with snow to end the weekend - WBNG,WBNG
"Sun, 16 Nov 2025 04:43:00 GMT","System brings snow, wintry mix, rain to New Hampshire - WMUR",WMUR
"Sun, 16 Nov 2025 01:41:00 GMT","Snow, wintry mix and rain move in tonight; First Alert Sunday for inland, northern regions - WABI",WABI
"Sun, 16 Nov 2025 01:14:00 GMT",Heavy snow develops Sunday - WWNY,WWNY
"Sun, 16 Nov 2025 07:51:00 GMT",Ireland to be battered with snow after Storm Claudia chaos as temperatures plummet - Irish Star,Irish Star
"Sun, 16 Nov 2025 07:36:00 GMT",Saturday storm brings first snow of the winter season to Big Bear - ABC7 Los Angeles,ABC7 Los Angeles
"Sun, 16 Nov 2025 02:34:56 GMT","High winds and snow squalls through Sunday night, lake effect snow through Monday - 14850.com",14850.com
"Sun, 16 Nov 2025 04:00:00 GMT","War, snow and the deadliest sniper in history: The bestselling novel that revives the forgotten epic of Finland’s defense against the USSR - EL PAÍS English",EL PAÍS English
"Sun, 16 Nov 2025 07:34:00 GMT",Winter weather advisory in place for Northern Michigan until Monday morning – up to 4 inches of snow - MLive.com,MLive.com
"Sat, 15 Nov 2025 12:14:00 GMT","Upstate NY could see some lake effect snow, strong winds starting Sunday - Syracuse.com",Syracuse.com
"Sun, 16 Nov 2025 04:08:00 GMT",211 days without snow in Denver - CBS News,CBS News
"Sat, 15 Nov 2025 23:58:00 GMT","Travel Concerns Expected Sunday, with Snow Showers Lingering into the Start of the New Week - WAGM",WAGM
"Sun, 16 Nov 2025 01:12:00 GMT",Heavy snow develops Sunday - WWNY,WWNY
"Sun, 16 Nov 2025 04:22:00 GMT",Windy with snow to end the weekend - WBNG,WBNG
"Sun, 16 Nov 2025 02:17:00 GMT","Snow, wintry mix and rain move in tonight; First Alert Sunday for inland, northern regions - WABI",WABI
"Sun, 16 Nov 2025 06:34:00 GMT",Winter weather advisory issued for Central New York until Monday evening – up to 7 inches of snow - Syracuse.com,Syracuse.com
"Fri, 14 Nov 2025 16:30:00 GMT",Watching wildlife prepare for winter and enjoying the beauty of snow - Adirondack Explorer,Adirondack Explorer
"Sun, 16 Nov 2025 00:59:00 GMT","Hour-by-hour timeline: Track snow, wintry mix, rain for Saturday, Sunday - WMUR",WMUR
"Sun, 16 Nov 2025 02:34:00 GMT","Snow returns to Colorado mountains as travelers face slick Monday drive, rain showers in Denver - CBS News",CBS News
"Sat, 15 Nov 2025 23:20:00 GMT",More than 3 feet of snow has fallen so far this month on Mount Washington - WMUR,WMUR
"Sat, 15 Nov 2025 18:28:33 GMT",Pop-Up Workshop: Snow and Glow Paint & Sip - City of West Palm Beach,City of West Palm Beach
"Sun, 16 Nov 2025 06:03:00 GMT",Northern Herkimer under a winter storm warning until Monday evening – as much as 14 inches of snow - Syracuse.com,Syracuse.com
"Sun, 16 Nov 2025 01:41:38 GMT",Snow moves into the central mountains tomorrow while I-25 stays mostly dry - KOAA News 5,KOAA News 5
"Sun, 16 Nov 2025 07:28:15 GMT",Snow Report: Ski resorts getting ready to open - KTVZ,KTVZ
"Sun, 16 Nov 2025 02:51:00 GMT","First Alert Weather Day continues through Sunday. Rain and freezing rain will change to snow showers early Sunday morning, and persist all day. - WCAX",WCAX
"Sun, 16 Nov 2025 03:49:00 GMT",Tracking conditions this weekend as wintry mix changes to upslope snow - WPTZ,WPTZ
"Sat, 15 Nov 2025 23:07:00 GMT","First Alert Weather Day continues tonight and Sunday, due to a messy mix tonight, then mountain snow showers through Sunday. - WCAX",WCAX
"Sun, 16 Nov 2025 01:20:00 GMT","NorCal forecast: Next round of rain, snow starts Saturday night - KCRA",KCRA
"Sun, 16 Nov 2025 05:59:00 GMT",Forest County placed under a winter storm watch until Monday afternoon – may reach 10 inches of snow - lehighvalleylive,lehighvalleylive
"Sun, 16 Nov 2025 00:03:00 GMT",Lassen Park Road Closed for Winter Due to Snow and Ice - SierraDailyNews.com,SierraDailyNews.com
"Thu, 13 Nov 2025 23:23:13 GMT","Tahoe snow forecast downgraded, leaving ski resorts on edge - SFGATE",SFGATE
"Fri, 14 Nov 2025 20:56:20 GMT",Will Fort Collins see its first snow next week? Here's what we know - The Coloradoan,The Coloradoan
"Sun, 16 Nov 2025 04:14:48 GMT",SnowBrains Forecast: A Foot of New Snow This Week Ends Utah’s No-Snow Streak - SnowBrains,SnowBrains
"Sun, 16 Nov 2025 00:06:50 GMT",Messy activity tonight transitions to snow for Sunday - MyChamplainValley.com,MyChamplainValley.com
"Sun, 16 Nov 2025 04:24:31 GMT",SnowBrains Forecast: Colorado Set for 1 to 2 Feet of Snow Early This Week - SnowBrains,SnowBrains
"Fri, 14 Nov 2025 18:06:52 GMT","Tracking this weekend's storm: Wintry mix, ice, 8 inches of snow for some - NBC Boston",NBC Boston
"Sun, 16 Nov 2025 00:55:44 GMT","Sunny and warm for Sunday in Denver, then rain and snow next week - Denver7",Denver7
"Sun, 16 Nov 2025 02:30:00 GMT","7PM Update: Snow showers for Sunday, winds kick up - WNEP",WNEP
"Fri, 14 Nov 2025 20:32:05 GMT",2025 Winter Weather Forecast | How much snow will Maryland get? - WBFF,WBFF
"Fri, 14 Nov 2025 22:30:00 GMT",Saddle Sore: Snow comes and goes - AspenTimes.com,AspenTimes.com
"Sat, 15 Nov 2025 23:35:20 GMT",How much snow will northern New England get? - NBC Boston,NBC Boston
"Sun, 16 Nov 2025 04:09:02 GMT",SnowBrains Forecast: 20 Inches of Fresh Snow For California to Start the Week - SnowBrains,SnowBrains
"Sat, 15 Nov 2025 17:14:03 GMT","Rain, snow & ice: Storm system to bring wintry mess to northeast overnight - NBC Boston",NBC Boston
"Sun, 16 Nov 2025 05:59:00 GMT",Winter weather advisory in place for part of Pennsylvania until Monday afternoon – could see 3 inches of snow - lehighvalleylive,lehighvalleylive
"Sun, 16 Nov 2025 05:22:00 GMT",Winter weather advisory for Potter and Cameron counties until Monday afternoon – possibly 4 inches of snow - lehighvalleylive,lehighvalleylive
"Sat, 15 Nov 2025 23:49:00 GMT","Winter Weather Advisory issued for 3 counties in Michigan, up to 7 inches of snow forecast - MLive.com",MLive.com
"Sun, 16 Nov 2025 07:34:00 GMT",Winter weather advisory issued for Presque Isle and Alpena counties until Monday morning – up to 4 inches of snow - MLive.com,MLive.com
"Sun, 16 Nov 2025 04:24:00 GMT",Wintry mix tonight becomes upslope snow Sunday and Monday - WPTZ,WPTZ
"Sat, 15 Nov 2025 13:45:00 GMT","Rain and icy mix arrive Saturday evening, upslope snow on Sunday - WPTZ",WPTZ
"Sat, 15 Nov 2025 17:52:00 GMT","Cold front to sweep across Michigan, bringing gusty winds, lake effect snow - MLive.com",MLive.com
"Fri, 14 Nov 2025 14:56:14 GMT","Arizona weather forecast: Weekend storm to bring rain, snow to parts of the state - FOX 10 Phoenix",FOX 10 Phoenix
"Sun, 16 Nov 2025 00:54:13 GMT",Tracking lake-effect snow showers the next few days - WTAJ,WTAJ
"Fri, 14 Nov 2025 12:38:00 GMT",First snow of season hits western Maryland - FOX 5 DC,FOX 5 DC
"Sat, 15 Nov 2025 23:14:55 GMT",Some rain and times and lowering early week snow levels - KEZI,KEZI
"Fri, 14 Nov 2025 20:54:30 GMT","California hit by flooding, snow, landslides, winds, wildfires, and an earthquake, all in one day - AccuWeather",AccuWeather
"Sun, 16 Nov 2025 03:28:05 GMT","Snow Squalls Take Aim at London, Barrie and Northern GTA on Sunday With Up to 25-50cm of Snow Possible - Instant Weather",Instant Weather
"Thu, 13 Nov 2025 18:28:52 GMT",Update: Utah might get some snow next week. Here’s where and how much experts are predicting. - The Salt Lake Tribune,The Salt Lake Tribune
"Fri, 14 Nov 2025 17:41:54 GMT",Up to 12″ of snow this weekend in Colorado with widespread ‘risk of heavy snow’ on the way - Denver Gazette,Denver Gazette
"Sat, 15 Nov 2025 17:31:31 GMT","Another blast of winter weather to chill the Northeast with snow, an icy mix and strong winds - AccuWeather",AccuWeather
"Sun, 16 Nov 2025 05:59:00 GMT",Winter storm watch for Forest County until Monday afternoon – as much as 10 inches of snow - PennLive.com,PennLive.com
"Thu, 13 Nov 2025 18:43:53 GMT","Messy storm bringing snow, ice to northern New England this weekend - NBC Boston",NBC Boston
"Fri, 14 Nov 2025 19:44:42 GMT","J.T. Snow, former San Francisco Giants first baseman, named first manager of Modesto Glow Riders - CBS News",CBS News
"Sat, 15 Nov 2025 14:51:00 GMT",Sunny Saturday; First Alert Sunday with snow and rain impacts - WABI,WABI
"Sat, 15 Nov 2025 14:18:09 GMT",Snow Tubing Opens for the Weekend at Ober Mountain. Cataloochee Shares an Operational Update… - Ski Southeast,Ski Southeast
"Sun, 16 Nov 2025 00:59:00 GMT",JUSTB redefines and delivers new sound with hyperpop-driven album ‘SNOW ANGEL’ - ntdaily.com,ntdaily.com
"Sat, 15 Nov 2025 02:05:45 GMT",Is snow game expected for Buffalo Bills' Week 11 matchup vs. Buccaneers? - Sports Illustrated,Sports Illustrated
"Sat, 15 Nov 2025 20:48:00 GMT",Beware a rising snow squall risk Sunday in southern Ontario - The Weather Network,The Weather Network
"Sun, 16 Nov 2025 00:39:06 GMT",Denver weather: Mild Sunday with mountain snow - kdvr.com,kdvr.com
"Fri, 14 Nov 2025 15:10:23 GMT","Brittany Snow Teases ‘Hunting Wives’ Season 2, Unpacks Her ‘Beast in Me’ Role and Hulu’s True-Crime Take on the Murdaugh Family - The Hollywood Reporter",The Hollywood Reporter
"Sat, 15 Nov 2025 15:52:00 GMT",Sunny Saturday; First Alert Sunday with snow and rain impacts - WABI,WABI
"Wed, 12 Nov 2025 13:41:55 GMT",Brittany Snow Is Not So Suddenly Everywhere - Interview Magazine,Interview Magazine
"Fri, 14 Nov 2025 04:58:49 GMT",Cue the fake snow - The Bowdoin Orient,The Bowdoin Orient
"Thu, 13 Nov 2025 23:01:50 GMT",How much snow will Virginia get? George Flickinger's Winter Weather Outlook is here! - WSET,WSET
"Thu, 13 Nov 2025 15:11:40 GMT",Will Georgia get snow in 2025? See if Thanksgiving will be cold enough for frozen precipitation - Savannah Morning News,Savannah Morning News
"Sun, 16 Nov 2025 06:30:00 GMT",Northern California rain and snow forecast: Tracking 2 systems Saturday night through Monday - Yahoo,Yahoo
"Sat, 15 Nov 2025 18:50:00 GMT",Winter weather advisory affecting Luce County Sunday and Monday – potentially 7 inches of snow - MLive.com,MLive.com
"Fri, 14 Nov 2025 22:00:00 GMT",Weekend starts with rain & ends with snow - Upper Michigan's Source,Upper Michigan's Source
"Fri, 14 Nov 2025 16:59:00 GMT",Ski Map Shows Best States for Snow This Winter - Newsweek,Newsweek
"Sat, 15 Nov 2025 17:15:00 GMT","Colorado ski areas drop ropes, expand trails despite lack of natural snow in early season - SkyHiNews.com",SkyHiNews.com
"Fri, 14 Nov 2025 04:00:22 GMT",‘ZOMBIES 4’ Stars Freya Skye & Malachi Barton Reunite for ‘Snow Angels’ Winter Music Video: Premiere - Billboard,Billboard
"Sun, 16 Nov 2025 05:59:00 GMT",Winter weather advisory issued for part of Pennsylvania until Monday afternoon – potentially 3 inches of snow - PennLive.com,PennLive.com
"Fri, 14 Nov 2025 19:51:34 GMT","Is more Arctic air coming? Snow, harsh freeze possible in Wisconsin for Thanksgiving - Milwaukee Journal Sentinel",Milwaukee Journal Sentinel
"Sat, 15 Nov 2025 09:49:00 GMT","Early snow, early winter? - Miami Valley Today",Miami Valley Today
"Thu, 13 Nov 2025 18:19:19 GMT",Storm to bring rain and mountain snow. Here's a winter weather driving checklist - NBC Los Angeles,NBC Los Angeles
"Thu, 13 Nov 2025 10:09:10 GMT",How much snow could Connecticut see this winter? Here's the season's snowfall outlook. - CT Insider,CT Insider
"Sat, 15 Nov 2025 15:45:00 GMT","Advisory issued as valley rain, mountain snow returns to Utah - KSL.com",KSL.com
"Thu, 13 Nov 2025 22:19:00 GMT",Active end to November could lead to potential Polar Vortex infused cold and snow to start December - FOX Weather,FOX Weather
"Fri, 14 Nov 2025 17:14:12 GMT",Arctic blast may return for Thanksgiving. Will Michigan get lake-effect snow? - Detroit Free Press,Detroit Free Press
"Sat, 15 Nov 2025 12:56:44 GMT","Weekend storm to bring rain, wintry mix, ice and snow to New England - NBC Boston",NBC Boston
"Fri, 14 Nov 2025 13:00:25 GMT",Brittany Snow Is Owning The Moment - Bustle,Bustle
2025-11-12T13:02:40,BTIG Maintains Snowflake (SNOW) Buy Recommendation,Fintel
2025-11-11T07:19:00,"The Zacks Analyst Blog Palantir, Snowflake, Datadog, Atlassian and Zoom Communications",Yahoo
