Date,Title,Source
2025-10-23T10:48:37Z,Analyst Lowers NXP Semiconductors N.V. (NXPI) Price Target but Maintains Buy Outlook,Yahoo Entertainment
"Sun, 26 Oct 2025 05:08:00 GMT",How Investors Are Reacting To NXP Semiconductors (NXPI) Expanding Software Focus Through eInfochips Alliance - Yahoo Finance,Yahoo Finance
"Sun, 26 Oct 2025 04:38:53 GMT",Will NXPI stock split again soon - Trade Risk Report & Smart Swing Trading Techniques - newser.com,newser.com
"Sun, 26 Oct 2025 03:05:00 GMT",NXP Semiconductors (NXPI) Q3 Earnings Report Preview: What To Look For - FinancialContent,FinancialContent
"Fri, 24 Oct 2025 13:54:52 GMT",Did the eInfochips Partnership Just Shift NXP Semiconductors' (NXPI) Software Support Narrative? - simplywall.st,simplywall.st
"Thu, 23 Oct 2025 11:46:47 GMT",Will NXPI stock split again soon - 2025 Price Momentum & Growth Oriented Trading Recommendations - nchmf.gov.vn,nchmf.gov.vn
"Fri, 24 Oct 2025 13:21:18 GMT",NXP Semiconductors N.V. $NXPI Shares Acquired by ARGA Investment Management LP - MarketBeat,MarketBeat
"Thu, 23 Oct 2025 10:56:02 GMT",Analyst Lowers NXP Semiconductors N.V. (NXPI) Price Target but Maintains Buy Outlook - Insider Monkey,Insider Monkey
"Sun, 26 Oct 2025 06:33:10 GMT",Will NXPI stock split again soon - July 2025 Short Interest & Weekly Breakout Watchlists - newser.com,newser.com
"Fri, 24 Oct 2025 10:28:32 GMT","Ethic Inc. Buys 1,848 Shares of NXP Semiconductors N.V. $NXPI - MarketBeat",MarketBeat
"Thu, 23 Oct 2025 10:48:37 GMT",Analyst Lowers NXP Semiconductors N.V. (NXPI) Price Target but Maintains Buy Outlook - Yahoo Finance,Yahoo Finance
"Thu, 23 Oct 2025 13:16:01 GMT",Is NXP Semiconductors (NXPI) Undervalued? A Fresh Look at the Chipmaker’s Current Valuation - simplywall.st,simplywall.st
"Sat, 25 Oct 2025 18:16:23 GMT",Will NXPI stock split again soon - Chart Signals & Proven Capital Preservation Tips - newser.com,newser.com
"Fri, 24 Oct 2025 08:25:54 GMT",Stratos Wealth Partners LTD. Trims Stake in NXP Semiconductors N.V. $NXPI - MarketBeat,MarketBeat
"Wed, 22 Oct 2025 06:07:00 GMT",NXP Semiconductors (NXPI): Evaluating Its Valuation Potential as Sector Momentum Shifts - Yahoo Finance,Yahoo Finance
"Thu, 23 Oct 2025 09:43:43 GMT","DekaBank Deutsche Girozentrale Sells 9,780 Shares of NXP Semiconductors N.V. $NXPI - MarketBeat",MarketBeat
"Thu, 23 Oct 2025 13:27:02 GMT",NXP Semiconductors N.V. $NXPI Shares Purchased by Loring Wolcott & Coolidge Fiduciary Advisors LLP MA - MarketBeat,MarketBeat
"Wed, 22 Oct 2025 13:15:05 GMT",NXP (NXPI) Q3 Earnings Preview: What You Should Know Beyond the Headline Estimates - Yahoo Finance,Yahoo Finance
"Sat, 25 Oct 2025 03:20:36 GMT",Citi Maintains NXP Semiconductors(NXPI.US) With Buy Rating - 富途牛牛,富途牛牛
"Wed, 22 Oct 2025 08:09:51 GMT","Atria Wealth Solutions Inc. Sells 5,077 Shares of NXP Semiconductors N.V. $NXPI - MarketBeat",MarketBeat
"Thu, 23 Oct 2025 23:59:55 GMT",NXP Semiconductors (NXPI) Surpasses Market Returns: Some Facts Worth Knowing - sharewise.com,sharewise.com
"Wed, 22 Oct 2025 16:28:03 GMT",NXPI Likely to Beat Q3 Earnings Estimates: How to Play the Stock - sharewise.com,sharewise.com
"Sat, 25 Oct 2025 08:41:54 GMT",Will NXPI stock split again soon - 2025 Biggest Moves & Verified Entry Point Signals - newser.com,newser.com
"Fri, 24 Oct 2025 09:35:23 GMT",What machine learning models say about NXPI - Weekly Profit Report & Safe Capital Growth Stock Tips - newser.com,newser.com
"Tue, 21 Oct 2025 09:10:23 GMT",NXP Semiconductors N.V. $NXPI Shares Sold by Mutual of America Capital Management LLC - MarketBeat,MarketBeat
"Tue, 21 Oct 2025 09:22:16 GMT",Stephens Inc. AR Lowers Position in NXP Semiconductors N.V. $NXPI - MarketBeat,MarketBeat
"Tue, 21 Oct 2025 21:57:44 GMT",How moving averages guide NXPI trading - Market Risk Report & Fast Moving Stock Watchlists - newser.com,newser.com
"Wed, 22 Oct 2025 05:31:00 GMT","Oppenheimer Maintains NXP Semiconductors(NXPI.US) With Buy Rating, Maintains Target Price $250 - 富途牛牛",富途牛牛
"Sat, 25 Oct 2025 20:35:41 GMT",What analysts say about NXPI stock - Fundamental Stock Analysis & Exceptional Profit Ideas - earlytimes.in,earlytimes.in
"Tue, 21 Oct 2025 13:51:53 GMT",Smart tools for monitoring NXPI’s price action - July 2025 Earnings & Safe Swing Trade Setups - newser.com,newser.com
"Tue, 21 Oct 2025 07:34:29 GMT",Risk vs reward if holding onto NXPI - Portfolio Value Summary & Fast Exit and Entry Strategy Plans - newser.com,newser.com
2025-10-22T16:36:00,NXPI Likely to Beat Q3 Earnings Estimates: How to Play the Stock,Yahoo
2025-10-22T15:15:05,NXP (NXPI) Q3 Earnings Preview: What You Should Know Beyond the Headline Estimates,Yahoo
2025-10-22T08:07:17,NXP Semiconductors (NXPI): Evaluating Its Valuation Potential as Sector Momentum Shifts,Yahoo
