Date,Title,Source
2025-09-08T07:40:23Z,"Kammatam to The Chronicles of the 4.5 Gang to Flash: Watch the latest Malayalam OTT releases on Netflix, Prime Video, Zee5",The Times of India
2025-09-08T07:28:42Z,Watch: Ha Jung Woo And Lee Ha Nee’s Proposal Stuns Gong Hyo Jin And Kim Dong Wook In “The People Upstairs”,soompi
2025-09-07T12:45:39Z,Raveendra Nee Evide 2025 1080p AMZN WEB-DL DD+2 0 H264-Rummy,Rlsbb.cc
2025-09-05T11:10:20Z,Watch: Jeon So Nee And Lee Yoo Mi Step Into Desperate Pact Of Murder In “As You Stood By” Teaser,soompi
2025-09-05T06:05:11Z,FY2027 EPS Estimates for NextEra Energy Boosted by Analyst,ETF Daily News
"Mon, 08 Sep 2025 23:33:10 GMT",NextEra Energy (NEE) Stock Slides as Market Rises: Facts to Know Before You Trade - Yahoo Finance,Yahoo Finance
"Mon, 08 Sep 2025 21:12:24 GMT","Vesper, Arlene J. (nee Wagner) - Kutis Funeral Home Inc",Kutis Funeral Home Inc
"Tue, 09 Sep 2025 06:41:31 GMT",NextEra Energy (NEE) Stock Slides as Market Rises: Facts to Know Before You Trade - sharewise.com,sharewise.com
"Mon, 08 Sep 2025 20:04:09 GMT","DAM, Annette ""Anne"" Wilma (nee Vander Kruk) - Obituary - Burlington - BurlingtonToday.com",BurlingtonToday.com
"Sat, 06 Sep 2025 07:00:00 GMT",Obituary of Patricia Brode (nee Dame) - Windsor Chapel Funeral Home,Windsor Chapel Funeral Home
"Fri, 05 Sep 2025 21:38:15 GMT",Wendy Lu Rickert (nee Schmidt) Obituary - The Arizona Republic - azcentral.com and The Arizona Republic,azcentral.com and The Arizona Republic
"Thu, 04 Sep 2025 13:28:00 GMT","Theresa Ann VanEnkevort (nee Seymour) – Gladstone, MI - August 12, 1927 ~ August 28, 2025 - Upper Michigan's Source",Upper Michigan's Source
"Sun, 07 Sep 2025 21:00:25 GMT","Horn, Virginia D. (nee Gauchat) - Kutis Funeral Home Inc",Kutis Funeral Home Inc
"Sun, 07 Sep 2025 07:00:00 GMT",View Dorothy Leasck (nee Schuchmann)'s Obituary and express your condolences - Legacy.com,Legacy.com
"Sat, 06 Sep 2025 07:00:00 GMT","Wiegert, Virginia M. (nee Bernal) - Kutis Funeral Home Inc",Kutis Funeral Home Inc
"Fri, 05 Sep 2025 18:00:00 GMT","Ramona Maria ""nee Haase"" May Obituary (2025) - Salt Lake City, UT - Premier Funeral Services - Salt Lake City - Legacy.com",Legacy.com
"Sun, 07 Sep 2025 10:09:21 GMT","Martha Hollis (nee Calhoun) WINTNER Obituary (2025) - Ardmore, PA - The Philadelphia Inquirer - Legacy.com",Legacy.com
"Mon, 08 Sep 2025 01:40:09 GMT",Nee Moo Game Report: @ Buena Vista - MaxPreps.com,MaxPreps.com
"Thu, 04 Sep 2025 15:14:00 GMT",Joan Marie Linenbroker (nee Kraft) - Webster-Kirkwood Times,Webster-Kirkwood Times
"Mon, 08 Sep 2025 19:48:33 GMT","TRUSSLER, Thelma Marlene (nee Murray) - SooToday.com",SooToday.com
"Fri, 05 Sep 2025 00:56:04 GMT",2025 09/19 – Nancy M. (nee Lehnus) Herod - southernillinoisnow.com,southernillinoisnow.com
"Sat, 06 Sep 2025 07:00:00 GMT","Teresa M. Korb (nee Damico) Obituary (2025) - Cincinnati, OH - Hodapp Funeral Home College Hill - Legacy.com",Legacy.com
"Fri, 05 Sep 2025 14:21:31 GMT","JPMorgan Raised NextEra Energy, Inc. (NEE)’s price target - MSN",MSN
"Sun, 07 Sep 2025 07:00:00 GMT","Reine Sivret (nee Beauvais) Obituary | MOONBEAM, ON | Maison funéraire Lessard-Stephens Funeral Home Inc. - Tribute Archive",Tribute Archive
"Thu, 04 Sep 2025 16:52:30 GMT","Barbara G. Phegley (nee Johnson) Obituary (2025) - Cincinnati, OH - Hodapp Funeral Home College Hill - Legacy.com",Legacy.com
"Sat, 06 Sep 2025 04:11:19 GMT","Pura ""nee Collazo"" Agosto Obituary (2025) - Parma Heights, OH - Cannon - Catavolos Funeral Home - Parma Heights - Legacy.com",Legacy.com
"Thu, 04 Sep 2025 13:25:41 GMT","Katherine Rose Nielsen, (nee Romeo), 84 - Greenwich Free Press",Greenwich Free Press
"Mon, 08 Sep 2025 18:55:44 GMT","McEWAN, Janet Marie (nee Kane) - CambridgeToday.ca",CambridgeToday.ca
"Sat, 06 Sep 2025 07:00:00 GMT",View Betty McMullin (nee Glore)'s Obituary and express your condolences - Legacy.com,Legacy.com
"Mon, 08 Sep 2025 17:29:00 GMT",Joanne Melba Peters (nee Hart) - Western Wheel,Western Wheel
"Fri, 05 Sep 2025 12:30:43 GMT",Is NextEra Energy (NYSE:NEE) Using Too Much Debt? - 富途牛牛,富途牛牛
"Sat, 06 Sep 2025 08:26:15 GMT",Matilda (nee Kon) NEMET - Windsor Star Obituaries,Windsor Star Obituaries
"Thu, 04 Sep 2025 18:41:03 GMT","Margaret Matsuzaki (nee McDonald) Obituary (1930 - 2025) - Richmond, BC - Richmond News - Legacy.com",Legacy.com
"Thu, 04 Sep 2025 14:53:00 GMT","IDU, NEE, SO, WM: Large Outflows Detected at ETF - Nasdaq",Nasdaq
"Fri, 05 Sep 2025 19:10:00 GMT",Enid Doreen McKenzie (nee Wilson) - NWONewsWatch.com,NWONewsWatch.com
"Thu, 04 Sep 2025 14:23:34 GMT",Raveendra Nee Evide? out on OTT: Here's where to watch Anoop Menon-Dhyan Sreenivasan’s dramedy - OTTPlay,OTTPlay
"Thu, 04 Sep 2025 07:00:00 GMT","Pura Agosto (nee Collazo) Obituary | Parma Heights, OH | Cannon and Catavolos Funeral Home and Cremation Center - Tribute Archive",Tribute Archive
"Sun, 07 Sep 2025 18:42:51 GMT","MASON, Sharon Brenda (nee MacDonald) - Obituary - Pelham - PelhamToday.ca",PelhamToday.ca
"Mon, 08 Sep 2025 15:40:11 GMT",Justina Sawatzky nee Dyck - SteinbachOnline,SteinbachOnline
"Sat, 06 Sep 2025 01:51:08 GMT",Barb Hazard (nee Hillyard) - houston-today.com,houston-today.com
"Sat, 06 Sep 2025 07:00:00 GMT",Freda Genevieve Beneteau (nee Paquette) Obituary - Visitation & Funeral Information - Families First,Families First
"Mon, 08 Sep 2025 17:18:00 GMT","McLELLAN, Evelyn (nee O'Hara) - BayToday.ca",BayToday.ca
"Mon, 08 Sep 2025 20:56:08 GMT","WRIGHT, Linda May (nee Long) - BarrieToday.com",BarrieToday.com
"Tue, 09 Sep 2025 01:50:00 GMT",HINTZ Nancy Ellen (nee Billington) - SunLive,SunLive
"Thu, 04 Sep 2025 18:51:01 GMT","FAVA, Daphne Pearl (nee Gosse) - CambridgeToday.ca",CambridgeToday.ca
"Sat, 06 Sep 2025 15:47:31 GMT",Is NEE.PRR stock showing strong momentum - Weekly Stock Report & Community Consensus Trade Alerts - خودرو بانک,خودرو بانک
"Sat, 06 Sep 2025 07:40:48 GMT",What is the target price for NEE.PRT stock - Market Movers & Fast Exit and Entry Strategy Plans - خودرو بانک,خودرو بانک
"Sun, 07 Sep 2025 08:29:02 GMT","WATCH: Jeon So-nee, Lee Yoo-mi hatch deadly plan in 'As You Stood By' teaser - ABS-CBN",ABS-CBN
"Fri, 05 Sep 2025 19:29:13 GMT",Is NEE.PRR stock showing strong momentum - 2025 Macro Impact & Fast Moving Trade Plans - خودرو بانک,خودرو بانک
"Sat, 06 Sep 2025 08:11:20 GMT",Can NEE.PRR disrupt its industry - Market Risk Summary & Community Supported Trade Ideas - خودرو بانک,خودرو بانک
"Sat, 06 Sep 2025 06:20:51 GMT",How do insiders feel about NEE.PRR - Jobs Report & Advanced Technical Analysis Signals - خودرو بانک,خودرو بانک
"Sun, 07 Sep 2025 08:26:51 GMT","WATCH: Jeon So-nee, Lee Yoo-mi hatch deadly plan in 'As You Stood By' teaser - ABS-CBN",ABS-CBN
"Sun, 07 Sep 2025 08:25:59 GMT","WATCH: Jeon So-nee, Lee Yoo-mi hatch deadly plan in 'As You Stood By' teaser - ABS-CBN",ABS-CBN
"Thu, 04 Sep 2025 11:01:23 GMT","Frey, Isobel Jean (nee Martin) - observerxtra.com",observerxtra.com
"Fri, 05 Sep 2025 01:06:08 GMT",What’s the analyst consensus on NEE.PRR - Earnings Performance Report & Weekly Watchlist for Consistent Profits - خودرو بانک,خودرو بانک
"Sun, 07 Sep 2025 07:00:00 GMT","Obituary: Johnston, Mary Rosalie (nee Sims) - The Meaford Independent",The Meaford Independent
"Fri, 05 Sep 2025 14:33:18 GMT",Portfolio Update: Can NEE.PRR disrupt its industry - July 2025 Intraday Action & Accurate Entry and Exit Point Alerts - خودرو بانک,خودرو بانک
"Fri, 05 Sep 2025 19:34:44 GMT","BROWN, Marjorie E ""Marj"" (nee Day) - Kelowna Obituaries - Castanet",Castanet
"Mon, 08 Sep 2025 04:48:35 GMT",DIANNE MARY HASTINGS (nee NEWSTEAD) - EDP24,EDP24
"Mon, 08 Sep 2025 06:27:26 GMT","Julia Corbett (nee Harrington) – Scariff, Elton & London - Clare FM",Clare FM
"Sun, 07 Sep 2025 19:33:00 GMT","BROWNLEE (nee Russell), Cindy - BayToday.ca",BayToday.ca
"Thu, 04 Sep 2025 10:50:21 GMT",Does NEE.PRT have pricing power - July 2025 Institutional & Entry Point Confirmation Signals - خودرو بانک,خودرو بانک
2025-09-05T18:17:00,NextEra Outperforms Industry Quarter to Date: How to Play the Stock?,Yahoo
2025-09-05T18:25:40,Is the energy sector a good longterm investment?,Reddit/r/investing
