Date,Title,Source
"Mon, 29 Sep 2025 19:28:16 GMT",Is ANSS trending in predictive chart models - Weekly Market Outlook & Technical Confirmation Trade Alerts - newser.com,newser.com
"Mon, 29 Sep 2025 18:14:03 GMT",How to forecast ANSS trends using time series - July 2025 Drop Watch & Reliable Price Breakout Alerts - newser.com,newser.com
"Mon, 29 Sep 2025 04:39:44 GMT",Will ANSS stock go up soon - Weekly Profit Recap & Precise Swing Trade Entry Alerts - newser.com,newser.com
"Mon, 29 Sep 2025 09:18:09 GMT",ANSS stock daily chart insights - Trade Ideas & Verified Entry Point Detection - newser.com,newser.com
"Mon, 29 Sep 2025 10:58:03 GMT",Will ANSS stock go up soon - July 2025 Snapshot & Fast Moving Stock Watchlists - newser.com,newser.com
"Mon, 29 Sep 2025 11:16:02 GMT",Will ANSS rebound enough to break even - Weekly Earnings Recap & Community Verified Trade Signals - newser.com,newser.com
"Mon, 29 Sep 2025 04:53:41 GMT",ANSS stock daily chart insights - Recession Risk & Community Consensus Trade Signals - newser.com,newser.com
"Mon, 29 Sep 2025 03:41:29 GMT",Real time social sentiment graph for ANSS - July 2025 Review & Consistent Income Trade Ideas - newser.com,newser.com
