Date,Title,Source
2025-11-03T15:01:08Z,Add EGO’s 56V 12-inch cordless snow shovel to your winter arsenal with a 2.5Ah battery at $270 (Reg. $359),9to5Toys
2025-11-03T14:14:43Z,USA Bobsled/Skeleton Taps Snowflake Intelligence to Redefine Speed and Precision on Ice,Financial Post
2025-11-03T14:14:27Z,Snowflake to Present at Upcoming Investor Conference,Financial Post
2025-11-03T14:04:57Z,"Snowflake to Announce Financial Results for the Third Quarter of Fiscal 2026 on December 3, 2025",Financial Post
2025-11-03T13:49:14Z,Fantazy Stylized Winter Nature - Snow Tree Pack (30 3d models) by Oleg.Verenko,Unity.com
2025-11-03T13:46:34Z,Toronto bracing for first snow of the season next week,blogTO
2025-11-03T12:27:00Z,Giant rotating hamster wheels aim to 'revolutionize' indoor skiing,New Atlas
2025-11-03T11:59:00Z,Dash Snow’s Prophetic Polaroids of American Decadence,AnOther Magazine
2025-11-03T05:00:00Z,"Finland’s aurora borealis, husky mushing and wintry wilderness bring a dream to life",The Irish Times
2025-11-02T23:55:00Z,New study uncovers mystery behind 'marine snow' and 'missing' substances in world's oceans: 'Natural conveyor belt',Yahoo Entertainment
2025-11-02T21:55:14Z,Denver records warmest November day in city history as residents wait for first snow,The Denver Post
2025-11-02T21:07:00Z,"More than 55,000 runners take to the streets for the NYC Marathon",Gothamist
2025-11-02T18:00:00Z,Game of Throne Star’s Underrated Monster Movie Just Returned To Streaming (& It’s Better Than You Remember),ComicBook.com
2025-11-02T17:31:02Z,38 Things For Parents Who Spend Most Of Winter In SOS Mode While Trying To Entertain The Littles,Buzzfeed
2025-11-02T12:13:31Z,Oklahoma's Halloween weather may be a clue to winter. Here's what folklore says,Oklahoman.com
2025-11-02T11:27:53Z,Five German climbers killed in Italian Alps avalanche,The Irish Times
"Mon, 03 Nov 2025 20:58:10 GMT",More rain is on the way — and when will it snow in Boston? - NBC Boston,NBC Boston
"Mon, 03 Nov 2025 22:14:47 GMT",First Alert Weather - First flakes of snow possible this weekend - WSAW,WSAW
"Tue, 04 Nov 2025 06:12:00 GMT","Northern California rain, wind and snow: Tracking amounts, timing for Wednesday's storm - KCRA",KCRA
"Tue, 04 Nov 2025 07:23:50 GMT",Selma man recalls surviving for weeks in the snow-covered mountains - ABC30 Fresno,ABC30 Fresno
"Mon, 03 Nov 2025 14:42:47 GMT",Chance for snow in Metro Detroit’s upcoming weather forecast -- here’s when - ClickOnDetroit | WDIV Local 4,ClickOnDetroit | WDIV Local 4
"Mon, 03 Nov 2025 23:29:42 GMT",North Georgia’s first snow of the year falls on Brasstown Bald - Now Habersham,Now Habersham
"Tue, 04 Nov 2025 03:03:00 GMT",Michigan State Police share winter driving tips as snow season approaches - WILX,WILX
"Tue, 04 Nov 2025 00:14:35 GMT",Women's Soccer Clinches Region 18 Title - Snow College Athletics,Snow College Athletics
"Mon, 03 Nov 2025 20:32:37 GMT",Ablanczoom Boys Girls Winter Snow Boots - Comfortable Warm Fur Lined Toddler Boot Outdoor Waterproof Slip On Walking Ankle Booties For Little Kid - The San Joaquin Valley Sun,The San Joaquin Valley Sun
"Tue, 04 Nov 2025 03:30:46 GMT",Portland increases snow ban parking fines to $130 ahead of winter - WGME,WGME
"Mon, 03 Nov 2025 15:52:04 GMT",Snow in Metro Detroit: First flakes expected to fall soon - FOX 2 Detroit,FOX 2 Detroit
"Mon, 03 Nov 2025 23:02:00 GMT",Will Pittsburgh's winter be snowy and cold? Here's the 2025 winter weather forecast. - CBS News,CBS News
"Mon, 03 Nov 2025 20:49:25 GMT",International Snow Sculpture Championships to welcome teams Ukraine and South Korea in 2026 - SummitDaily.com,SummitDaily.com
"Mon, 03 Nov 2025 22:45:53 GMT",Job Posting - Seasonal Snow Plow Operator - Borough of Oakland NJ |,Borough of Oakland NJ |
"Mon, 03 Nov 2025 23:09:35 GMT",Christensen Earns SWAC Goalkeeper of the Year - Snow College Athletics,Snow College Athletics
"Tue, 04 Nov 2025 03:01:00 GMT",Michigan State Police share winter driving tips as snow season approaches - WILX,WILX
"Tue, 04 Nov 2025 00:09:57 GMT",Scomazzon Wins SWAC Player of the Week Honors - Snow College Athletics,Snow College Athletics
"Tue, 04 Nov 2025 01:10:05 GMT",Adams Takes Home SWAC Player of the Week Award - Snow College Athletics,Snow College Athletics
"Mon, 03 Nov 2025 22:19:55 GMT",Stanley Named SWAC Player of the Year - Snow College Athletics,Snow College Athletics
"Mon, 03 Nov 2025 19:09:48 GMT",Men’s Soccer Finishes as Runners-up in Region 18 Tournament - Snow College Athletics,Snow College Athletics
"Mon, 03 Nov 2025 23:02:00 GMT","EGO's 56V 24-inch cordless self-propelled two-stage snow blower with 7.5Ah batteries at $1,400 (Reg. $1,649), more - 9to5Toys",9to5Toys
"Mon, 03 Nov 2025 23:46:00 GMT",How ski resorts cope with less snow from Mother Nature - KKTV,KKTV
"Mon, 03 Nov 2025 21:20:08 GMT","It's sunny and warm, let's talk about snow! - WSBT",WSBT
"Tue, 04 Nov 2025 00:49:13 GMT",First Snow Forecast of the Season for the Northern Plains - WeatherNation,WeatherNation
"Mon, 03 Nov 2025 20:23:00 GMT",A pleasant week ahead; chance of snow by the weekend - KEYC News Now,KEYC News Now
"Mon, 03 Nov 2025 12:04:00 GMT",First snowfall of the season in Western New York? A few mid-week flakes are possible - WKBW,WKBW
"Mon, 03 Nov 2025 22:26:40 GMT",Driver Forced To Weave Through Herd Of Reindeer Blocking Snow-Covered Road - whiskeyriff.com,whiskeyriff.com
"Mon, 03 Nov 2025 23:42:00 GMT",Gusty conditions continue before late week rain and snow showers - WCAX,WCAX
"Mon, 03 Nov 2025 18:09:46 GMT","Back-to-back Pacific storms to bring rain, mountain snow, wind and travel delays to Northwest, California - AccuWeather",AccuWeather
"Tue, 04 Nov 2025 01:31:00 GMT","Breezy, mild weather continues across central Pa. with a hint of snow on the horizon - PennLive.com",PennLive.com
"Mon, 03 Nov 2025 23:02:37 GMT",How ski resorts cope with less snow from Mother Nature - KKTV,KKTV
"Tue, 04 Nov 2025 00:20:47 GMT",Watch for snow plows on Tuesday – ARDOT’s Winter Weather Strike Team is already training - MySaline,MySaline
"Tue, 04 Nov 2025 01:32:51 GMT",Some scattered rain and mountain snow showers through Tuesday - KRTV,KRTV
"Mon, 03 Nov 2025 22:30:00 GMT","Minnesota weather: November nice — mild for now, but a rain, snow chance Saturday - MPR News",MPR News
"Mon, 03 Nov 2025 14:43:00 GMT","Weather will really be up and down here in Michigan in the next week, First chance of snow too - MLive.com",MLive.com
"Sat, 01 Nov 2025 18:23:12 GMT","There's accumulating snow in Michigan's U.P., National Weather Service reports - Detroit Free Press",Detroit Free Press
"Tue, 04 Nov 2025 00:07:00 GMT",Weather Blog | Cleveland's first snow chances are right on time - WKYC,WKYC
"Tue, 04 Nov 2025 07:41:15 GMT",'A long two days': Major storm pummels Northeast with snow - KATU,KATU
"Tue, 04 Nov 2025 00:25:53 GMT",Spotty Light Rain & Snow - KTVH,KTVH
"Mon, 03 Nov 2025 23:33:00 GMT",Let’s talk snow. Here’s when you will see some flurries - CBS News,CBS News
"Mon, 03 Nov 2025 17:38:19 GMT",Save $90 on an electric snow shovel that'll do all the heavy lifting - SFGATE,SFGATE
"Mon, 03 Nov 2025 21:49:00 GMT",Georgia's highest mountain sees first snow of the season - 11Alive.com,11Alive.com
"Tue, 04 Nov 2025 06:04:24 GMT",Grab the Ice Scraper! Snow Could Hit Southeast Minnesota and Iowa This Weekend - Y105FM,Y105FM
"Mon, 03 Nov 2025 11:30:00 GMT",When will it snow in Ohio? Updated 2025-26 winter weather outlook - nbc4i.com,nbc4i.com
"Tue, 04 Nov 2025 00:25:28 GMT","Portland City Council raises snow parking ban fee, hotel inclusionary zoning changes - The Portland Press Herald",The Portland Press Herald
"Mon, 03 Nov 2025 21:27:00 GMT",Weather Talk: Will the Baltimore region see snow in November? - WBAL-TV,WBAL-TV
"Mon, 03 Nov 2025 23:48:24 GMT",Multiple waves of rain and snow to keep wet conditions in the forecast this week - NBC Montana,NBC Montana
"Mon, 03 Nov 2025 13:14:00 GMT",Winter May Arrive Early In New York With Snow Soon - Hudson Valley Post,Hudson Valley Post
"Mon, 03 Nov 2025 12:56:43 GMT",FOX 8 2025-2026 Winter Outlook: Just as cold with more snow - FOX 8 News,FOX 8 News
"Mon, 03 Nov 2025 21:43:00 GMT",Welcome to November!! Cold & snow are in the forecast! - NBC26,NBC26
"Mon, 03 Nov 2025 17:36:00 GMT",'We're feeling that first-snow magic': New England ski resorts delight in the season's first snow - Boston.com,Boston.com
"Mon, 03 Nov 2025 21:45:00 GMT",Report calls for chance of 2-plus feet of snow in Colorado by mid-November - Denver Gazette,Denver Gazette
"Mon, 03 Nov 2025 18:49:48 GMT","Badgers Sweep Final Weekend of Conference Play Over No. 5 Bruins, Spartans - Snow College Athletics",Snow College Athletics
"Tue, 04 Nov 2025 06:09:01 GMT","Ready for more snow? New lake-effect warning issued for Erie, Crawford counties. - AOL.com",AOL.com
"Tue, 04 Nov 2025 01:09:03 GMT","Dream Job Alert: Mad River Glen, VT, Is Hiring a Snow Reporter - SnowBrains",SnowBrains
"Mon, 03 Nov 2025 15:30:00 GMT","Volunteers agreed to be buried face-down in the snow, for science - Science News",Science News
"Sat, 01 Nov 2025 17:47:48 GMT",When does Chicago normally see its first snowfall of the season? - NBC 5 Chicago,NBC 5 Chicago
"Mon, 03 Nov 2025 22:57:00 GMT",A windy week with a few chances of rain and even snow - WXOW,WXOW
"Mon, 03 Nov 2025 18:18:43 GMT",First snow of the season possible in Mid-Michigan over the weekend - WLNS 6 News,WLNS 6 News
"Mon, 03 Nov 2025 03:24:09 GMT","Snowsuit Children's Boys Ski Suit Thermal Ski Overall Winter Warm Snow Overall Windproof Winter (Sky Blue-E, 1-2 Years) - The San Joaquin Valley Sun",The San Joaquin Valley Sun
"Tue, 04 Nov 2025 04:57:00 GMT",Any signs of snow? - NewsCenter1,NewsCenter1
"Mon, 03 Nov 2025 22:35:00 GMT",Light Rain Arrives in Treasure Valley This Week as Higher Elevations See Snow - KIVI-TV,KIVI-TV
"Sun, 02 Nov 2025 22:36:39 GMT",FLIOZY Kids Snow Boots Boys Winter Youth Snow Boots with Plush Lining Waterproof Slip-Resistant Outdoor Girl' Winter Footwear(Toddler/Little Kid/Big Kid) - The San Joaquin Valley Sun,The San Joaquin Valley Sun
"Sun, 02 Nov 2025 22:46:19 GMT",DDAPJ pyju Snowsuit for Kids Girls Boys One Piece Snow Suits Waterproof Windproof Winter Overalls Snowboarding Ski Suits - The San Joaquin Valley Sun,The San Joaquin Valley Sun
"Mon, 03 Nov 2025 11:57:00 GMT",‘The silence allows me to hear every flurry of falling snow’: walking in Switzerland’s hidden valley - The Guardian,The Guardian
"Mon, 03 Nov 2025 13:47:58 GMT","Back-To-Back Systems Bring Wind, Rain, Snow To Northeast - The Weather Channel",The Weather Channel
"Sat, 01 Nov 2025 10:00:00 GMT",Upstate NY winter forecast: A ‘healthy snow season’ is on the horizon - Syracuse.com,Syracuse.com
"Mon, 03 Nov 2025 22:14:00 GMT","Mild temperatures through Thursday; Snow possible this weekend - KTTC | Rochester, MN","KTTC | Rochester, MN"
"Mon, 03 Nov 2025 18:16:42 GMT",Will it snow in Michigan this week? What the forecast says - Detroit Free Press,Detroit Free Press
"Tue, 04 Nov 2025 07:51:00 GMT",Nepal battles snow and wind to reach survivors after seven climbers killed in Himalayan avalanche - Yahoo News UK,Yahoo News UK
"Sun, 02 Nov 2025 19:15:42 GMT",Disney Mens' Snow White And The Seven Dwarfs Grumpy Sleep Pajama Pants (Large) - The San Joaquin Valley Sun,The San Joaquin Valley Sun
"Mon, 03 Nov 2025 18:17:00 GMT","A dry, pleasant week ahead; rain/snow by the weekend - KEYC News Now",KEYC News Now
"Tue, 04 Nov 2025 00:33:00 GMT",A dry month ahead for D.C. — but could November bring a touch of snow? - The Washington Post,The Washington Post
"Sun, 02 Nov 2025 10:07:24 GMT","Cold winds, even snow followed late week rainstorm in eastern US - AccuWeather",AccuWeather
"Mon, 03 Nov 2025 23:03:32 GMT",tunnel-shaped snow park that lets users ski all year round set to open in australia - Designboom,Designboom
"Mon, 03 Nov 2025 23:25:00 GMT",A glimmer of hope for Denver snow lovers - 9News,9News
"Mon, 03 Nov 2025 15:57:00 GMT",Applications for George Snow Scholarship Fund now open - WPBF,WPBF
"Mon, 03 Nov 2025 22:29:00 GMT","Cleveland area weather forecast: Quiet week ahead, tracking first snow chances - WKYC",WKYC
"Mon, 03 Nov 2025 21:34:00 GMT",‘Snowfall’ Spinoff Ordered to Series at FX - Variety,Variety
"Tue, 04 Nov 2025 01:09:19 GMT",‘Snowfall’ Spinoff Exploring ’90s West Coast Rap Scene Ordered At FX - Forbes,Forbes
"Mon, 03 Nov 2025 15:47:52 GMT",These are the Top 10 Snowiest Resorts in the East (2026) - skimag.com,skimag.com
"Mon, 03 Nov 2025 21:48:00 GMT",How to sign up for Toledo's 'Snow Angels' - WTOL,WTOL
"Mon, 03 Nov 2025 13:38:55 GMT",Gary Snow Plans to Retire From Wheatstone - TVTechnology,TVTechnology
"Mon, 03 Nov 2025 13:02:29 GMT",Portland City Council expected to vote on plan to quadruple snow ban parking fines - WGME,WGME
"Mon, 03 Nov 2025 18:27:00 GMT","This week’s weather is going to be different each day, including Lower Michigan’s first snow - MLive.com",MLive.com
"Mon, 03 Nov 2025 22:57:00 GMT",A windy week with a few chances of rain and even snow - WXOW,WXOW
"Sat, 01 Nov 2025 13:13:00 GMT",A National Weather Service office in Michigan just recorded its first measurable snow of the season - MLive.com,MLive.com
"Mon, 03 Nov 2025 12:02:26 GMT","Rain and wind to start off November in Maine, snow in the mountains by midweek - WGME",WGME
"Mon, 03 Nov 2025 11:21:28 GMT",State of snow: D.C.'s winter forecast looks mild - Axios,Axios
"Mon, 03 Nov 2025 22:05:00 GMT",Limited Edition 2025 Disneyland Resort Hotel Holiday Snow Globe Pins Released - WDW News Today,WDW News Today
"Mon, 03 Nov 2025 22:41:15 GMT",‘Snowfall’ Spinoff on Leon and Wanda Ordered to Series by FX - The Hollywood Reporter,The Hollywood Reporter
"Tue, 04 Nov 2025 07:51:00 GMT",Nepal battles snow and wind to reach survivors after seven climbers killed in Himalayan avalanche - The Independent,The Independent
"Mon, 03 Nov 2025 15:00:04 GMT",This DC Bar Is Transforming into an Immersive Snow Globe Experience for the Holidays - Northern Virginia Magazine,Northern Virginia Magazine
"Mon, 03 Nov 2025 23:39:00 GMT","First week of November begins warm, but will end with a chance for snow - WQOW",WQOW
"Mon, 03 Nov 2025 23:33:00 GMT",Killington kicks off snowmaking as ski season approaches - WPTZ,WPTZ
2025-11-03T15:10:00,Snowflake to Present at Upcoming Investor Conference,Yahoo
2025-11-03T15:05:00,USA Bobsled/Skeleton Taps Snowflake Intelligence to Redefine Speed and Precision on Ice,Yahoo
2025-11-03T15:02:00,Deloitte Expands Alliance With Snowflake to Enhance Tax Data Management Solutions,Yahoo
2025-11-03T15:00:00,"Snowflake to Announce Financial Results for the Third Quarter of Fiscal 2026 on December 3, 2025",Yahoo
2025-11-03T14:09:09,Is Snowflake’s Soaring Price Justified After Major Cloud Partnerships?,Yahoo
2025-11-03T13:00:22,"Snowflake Inc.'s (NYSE:SNOW) high institutional ownership speaks for itself as stock continues to impress, up 3.4% over last week",Yahoo
2025-11-02T20:53:40,Snowflake's CRO Mike Gannon's Instagram Interview With Influencer James Dumoulin Triggers SEC Filing,Yahoo
2025-10-31T14:00:04,Snowflake Inc. (SNOW) Is a Trending Stock: Facts to Know Before Betting on It,Yahoo
2025-10-31T10:43:00,"Citizens JMP Raises Snowflake (SNOW) PT to $325, Reiterates Outperform Rating",Yahoo
2025-10-30T17:09:36,Snowflake (SNOW) Sees $10B Revenue in Sight — Wall Street Boosts Price Target,Yahoo
2025-10-30T13:43:39,"Palantir, Snowflake tie-up to yield ‘AI promises,’ Snowflake CIO says",Yahoo
2025-10-30T13:00:30,"For Snowflake Insiders, Selling US$6.3m Of Shares Was A Smart Move",Yahoo
