Date,Title,Source
2025-09-26T04:07:18Z,Stifel Maintains Buy Rating on Intuit (INTU) After Investor Day,Yahoo Entertainment
2025-09-25T08:44:48Z,Top Insurance Stocks To Research – September 23rd,ETF Daily News
2025-09-25T07:02:45Z,Promising Bank Stocks To Keep An Eye On – September 22nd,ETF Daily News
2025-09-25T06:04:44Z,Rothschild & Co Redburn Issues Positive Forecast for Intuit (NASDAQ:INTU) Stock Price,ETF Daily News
"Tue, 30 Sep 2025 03:56:01 GMT",Trading Systems Reacting to (INTU) Volatility - news.stocktradersdaily.com,news.stocktradersdaily.com
"Fri, 26 Sep 2025 04:07:18 GMT",Stifel Maintains Buy Rating on Intuit (INTU) After Investor Day - Yahoo Finance,Yahoo Finance
"Mon, 29 Sep 2025 10:51:27 GMT",Archford Capital Strategies LLC Trims Position in Intuit Inc. $INTU - MarketBeat,MarketBeat
"Tue, 30 Sep 2025 06:27:26 GMT",What drives INTU stock price - Retail Investor Activity & High Yield Portfolio Growth - earlytimes.in,earlytimes.in
"Mon, 29 Sep 2025 14:49:00 GMT","SPXL, KO, INTU, SCHW: Large Inflows Detected at ETF - Nasdaq",Nasdaq
"Sat, 27 Sep 2025 20:21:26 GMT",Intuit (INTU): Evaluating Valuation After New Generative AI Advances and Platform Growth Momentum - simplywall.st,simplywall.st
"Mon, 29 Sep 2025 15:44:02 GMT",Technical Reactions to INTU Trends in Macro Strategies - news.stocktradersdaily.com,news.stocktradersdaily.com
"Mon, 29 Sep 2025 10:24:20 GMT",GC Wealth Management RIA LLC Grows Holdings in Intuit Inc. $INTU - MarketBeat,MarketBeat
"Sat, 27 Sep 2025 10:59:04 GMT",Is Intuit (INTU) a Buy as Wall Street Analysts Look Optimistic? - MSN,MSN
"Mon, 29 Sep 2025 09:27:40 GMT",Overbrook Management Corp Increases Stake in Intuit Inc. $INTU - MarketBeat,MarketBeat
"Sat, 27 Sep 2025 14:54:02 GMT",(INTU) as a Liquidity Pulse for Institutional Tactics - news.stocktradersdaily.com,news.stocktradersdaily.com
"Mon, 29 Sep 2025 08:45:12 GMT","Sonora Investment Management Group LLC Invests $491,000 in Intuit Inc. $INTU - MarketBeat",MarketBeat
"Sun, 28 Sep 2025 10:19:37 GMT",Kathmere Capital Management LLC Purchases 396 Shares of Intuit Inc. $INTU - MarketBeat,MarketBeat
"Sun, 28 Sep 2025 11:47:09 GMT",James Hambro & Partners LLP Decreases Stake in Intuit Inc. $INTU - MarketBeat,MarketBeat
"Sun, 28 Sep 2025 13:05:19 GMT",Addenda Capital Inc. Reduces Stock Holdings in Intuit Inc. $INTU - MarketBeat,MarketBeat
"Sat, 27 Sep 2025 09:45:42 GMT",Intuit Inc. $INTU Stock Holdings Reduced by State of Alaska Department of Revenue - MarketBeat,MarketBeat
"Fri, 26 Sep 2025 10:19:12 GMT",Destiny Wealth Partners LLC Takes Position in Intuit Inc. $INTU - MarketBeat,MarketBeat
"Fri, 26 Sep 2025 09:38:20 GMT",Dakota Wealth Management Has $2.84 Million Stake in Intuit Inc. $INTU - MarketBeat,MarketBeat
"Thu, 25 Sep 2025 09:07:53 GMT","Retireful LLC Invests $332,000 in Intuit Inc. $INTU - MarketBeat",MarketBeat
"Thu, 25 Sep 2025 09:39:51 GMT",Beacon Investment Advisory Services Inc. Sells 640 Shares of Intuit Inc. $INTU - MarketBeat,MarketBeat
"Thu, 25 Sep 2025 08:32:57 GMT",Accurate Wealth Management LLC Boosts Holdings in Intuit Inc. $INTU - MarketBeat,MarketBeat
"Thu, 25 Sep 2025 11:17:21 GMT","MEAG MUNICH ERGO Kapitalanlagegesellschaft mbH Buys 8,247 Shares of Intuit Inc. $INTU - MarketBeat",MarketBeat
"Tue, 30 Sep 2025 04:25:30 GMT",Is INTU reversing from oversold territory - 2025 Volume Leaders & Smart Allocation Stock Tips - newser.com,newser.com
"Mon, 29 Sep 2025 19:51:37 GMT",Why INTU is moving today - Buy Signal & Community Verified Watchlist Alerts - newser.com,newser.com
"Tue, 30 Sep 2025 06:52:43 GMT",Why INTU stock remains resilient - July 2025 Highlights & Daily Stock Trend Watchlist - newser.com,newser.com
"Mon, 29 Sep 2025 14:52:18 GMT",Real time breakdown of INTU stock performance - July 2025 Intraday Action & Short-Term Trading Alerts - newser.com,newser.com
"Mon, 29 Sep 2025 15:23:18 GMT",Pattern recognition hints at INTU upside - July 2025 Update & Fast Gain Swing Alerts - newser.com,newser.com
"Mon, 29 Sep 2025 14:18:36 GMT",Is INTU reversing from oversold territory - Portfolio Performance Report & AI Forecast Swing Trade Picks - newser.com,newser.com
"Mon, 29 Sep 2025 11:45:52 GMT",Why INTU is moving today - Weekly Profit Summary & Safe Capital Investment Plans - newser.com,newser.com
"Mon, 29 Sep 2025 08:00:54 GMT",Pattern recognition hints at INTU upside - Gap Up & Weekly Setup with High ROI Potential - newser.com,newser.com
"Sat, 27 Sep 2025 18:33:16 GMT",Pattern recognition hints at INTU upside - July 2025 Fed Impact & Expert Approved Momentum Trade Ideas - newser.com,newser.com
"Fri, 26 Sep 2025 16:45:24 GMT",How INTU stock reacts to bond yields - 2025 Macro Impact & Verified Momentum Stock Ideas - newser.com,newser.com
"Mon, 29 Sep 2025 11:18:48 GMT",Real time breakdown of INTU stock performance - July 2025 Pullbacks & Daily Stock Trend Watchlist - newser.com,newser.com
"Mon, 29 Sep 2025 08:17:05 GMT",Why INTU stock remains resilient - Weekly Earnings Recap & Low Drawdown Momentum Ideas - newser.com,newser.com
"Mon, 29 Sep 2025 04:43:18 GMT",Is INTU reversing from oversold territory - Market Growth Review & Risk Controlled Swing Alerts - newser.com,newser.com
"Mon, 29 Sep 2025 07:01:24 GMT",Institutional scanner results for INTU - July 2025 Catalysts & Free High Accuracy Swing Entry Alerts - newser.com,newser.com
"Mon, 29 Sep 2025 05:43:07 GMT",Pattern recognition hints at INTU upside - Weekly Profit Summary & Weekly Momentum Picks - newser.com,newser.com
2025-09-27T16:10:44,A Fresh Look at Intuit (INTU) Valuation Without Major News Driving the Stock,Yahoo
2025-09-26T06:07:18,Stifel Maintains Buy Rating on Intuit (INTU) After Investor Day,Yahoo
