Date,Title,Source
2025-09-29T07:02:48Z,Apparel Stocks To Watch Now – September 26th,ETF Daily News
2025-09-29T05:02:58Z,Top Apparel Stocks To Follow Today – September 27th,ETF Daily News
2025-09-27T07:02:49Z,Top Apparel Stocks To Keep An Eye On – September 24th,ETF Daily News
2025-09-27T05:36:45Z,Investors Buy Large Volume of Call Options on TJX Companies (NYSE:TJX),ETF Daily News
2025-09-25T23:37:53Z,The Dividend Growth Story of The TJX Companies (TJX) in Retail Dividend Stocks,Yahoo Entertainment
"Mon, 29 Sep 2025 18:37:00 GMT",Will TJX's Off-Price Model & Expansion Efforts Fuel Growth? - Yahoo Finance,Yahoo Finance
"Tue, 30 Sep 2025 01:30:02 GMT",The Technical Signals Behind (TJX) That Institutions Follow - news.stocktradersdaily.com,news.stocktradersdaily.com
"Mon, 29 Sep 2025 12:54:40 GMT","SA analyst upgrades/downgrades: TSLA, CRM, MU, and TJX - MSN",MSN
"Mon, 29 Sep 2025 10:52:43 GMT","Archford Capital Strategies LLC Has $4.58 Million Holdings in The TJX Companies, Inc. $TJX - MarketBeat",MarketBeat
"Mon, 29 Sep 2025 11:31:56 GMT",Did 28 Years of Dividend Growth Just Reinforce TJX’s (TJX) Investment Case for Stability? - Yahoo Finance,Yahoo Finance
"Mon, 29 Sep 2025 17:22:02 GMT",(TJX) and the Role of Price-Sensitive Allocations - news.stocktradersdaily.com,news.stocktradersdaily.com
"Mon, 29 Sep 2025 08:45:15 GMT","The TJX Companies, Inc. $TJX Shares Bought by Avior Wealth Management LLC - MarketBeat",MarketBeat
"Sun, 28 Sep 2025 23:01:18 GMT",Is TJX (TJX) a Buy as Wall Street Analysts Look Optimistic? - MSN,MSN
"Mon, 29 Sep 2025 09:52:17 GMT","Norris Perne & French LLP MI Reduces Position in The TJX Companies, Inc. $TJX - MarketBeat",MarketBeat
"Thu, 25 Sep 2025 23:37:53 GMT",The Dividend Growth Story of The TJX Companies (TJX) in Retail Dividend Stocks - Yahoo Finance,Yahoo Finance
"Mon, 29 Sep 2025 09:57:27 GMT","Albion Financial Group UT Purchases 114,579 Shares of The TJX Companies, Inc. $TJX - MarketBeat",MarketBeat
"Mon, 29 Sep 2025 10:24:09 GMT","The TJX Companies, Inc. $TJX Shares Acquired by GC Wealth Management RIA LLC - MarketBeat",MarketBeat
"Mon, 29 Sep 2025 08:23:06 GMT","ORG Partners LLC Lowers Position in The TJX Companies, Inc. $TJX - MarketBeat",MarketBeat
"Sun, 28 Sep 2025 13:05:19 GMT","Addenda Capital Inc. Has $14.66 Million Stake in The TJX Companies, Inc. $TJX - MarketBeat",MarketBeat
"Sun, 28 Sep 2025 13:26:54 GMT","The TJX Companies, Inc. $TJX Shares Acquired by Smith Salley Wealth Management - MarketBeat",MarketBeat
"Sun, 28 Sep 2025 12:57:15 GMT","Argus Investors Counsel Inc. Raises Position in The TJX Companies, Inc. $TJX - MarketBeat",MarketBeat
"Fri, 26 Sep 2025 21:45:00 GMT",TJX (TJX) Outpaces Stock Market Gains: What You Should Know - Nasdaq,Nasdaq
"Thu, 25 Sep 2025 22:12:00 GMT","Final Trade: GM, OIH, IWM, TJX - CNBC",CNBC
"Sat, 27 Sep 2025 11:33:31 GMT","MinichMacGregor Wealth Management LLC Purchases New Shares in The TJX Companies, Inc. $TJX - MarketBeat",MarketBeat
"Sat, 27 Sep 2025 11:39:29 GMT","Builder Investment Group Inc. ADV Invests $5.24 Million in The TJX Companies, Inc. $TJX - MarketBeat",MarketBeat
"Sat, 27 Sep 2025 11:33:31 GMT","Howard Capital Management Group LLC Purchases 5,465 Shares of The TJX Companies, Inc. $TJX - MarketBeat",MarketBeat
"Sat, 27 Sep 2025 11:33:31 GMT","First American Bank Acquires 5,921 Shares of The TJX Companies, Inc. $TJX - MarketBeat",MarketBeat
"Sat, 27 Sep 2025 11:33:31 GMT","The TJX Companies, Inc. $TJX Shares Sold by State of Alaska Department of Revenue - MarketBeat",MarketBeat
"Sat, 27 Sep 2025 16:34:01 GMT",Technical Reactions to TJX Trends in Macro Strategies - news.stocktradersdaily.com,news.stocktradersdaily.com
"Sat, 27 Sep 2025 06:43:18 GMT","The TJX Companies, Inc. (NYSE:TJX) Receives Average Recommendation of ""Buy"" from Brokerages - MarketBeat",MarketBeat
"Fri, 26 Sep 2025 11:07:26 GMT","ST Germain D J Co. Inc. Increases Stock Holdings in The TJX Companies, Inc. $TJX - MarketBeat",MarketBeat
"Fri, 26 Sep 2025 10:59:18 GMT","Banque Pictet & Cie SA Sells 4,374 Shares of The TJX Companies, Inc. $TJX - MarketBeat",MarketBeat
"Fri, 26 Sep 2025 10:59:18 GMT","Palumbo Wealth Management LLC Purchases New Position in The TJX Companies, Inc. $TJX - MarketBeat",MarketBeat
"Fri, 26 Sep 2025 10:59:18 GMT","The TJX Companies, Inc. $TJX Shares Acquired by PineStone Asset Management Inc. - MarketBeat",MarketBeat
"Fri, 26 Sep 2025 10:59:18 GMT","The TJX Companies, Inc. $TJX Stake Reduced by Congress Asset Management Co. - MarketBeat",MarketBeat
"Fri, 26 Sep 2025 10:55:17 GMT","The TJX Companies, Inc. $TJX Holdings Decreased by Bank Pictet & Cie Europe AG - MarketBeat",MarketBeat
"Fri, 26 Sep 2025 10:59:19 GMT","Meyer Handelman Co. Sells 6,245 Shares of The TJX Companies, Inc. $TJX - MarketBeat",MarketBeat
"Thu, 25 Sep 2025 23:45:18 GMT","Final Trade: GM, OIH, IWM, TJX - MSN",MSN
"Thu, 25 Sep 2025 17:22:00 GMT","Notable Thursday Option Activity: TGT, GOOGL, TJX - Nasdaq",Nasdaq
"Thu, 25 Sep 2025 14:46:00 GMT",Interesting TJX Put And Call Options For November 7th - Nasdaq,Nasdaq
"Thu, 25 Sep 2025 15:29:09 GMT",Investors Purchase High Volume of TJX Companies Call Options (NYSE:TJX) - MarketBeat,MarketBeat
"Thu, 25 Sep 2025 11:17:21 GMT","The TJX Companies, Inc. $TJX Shares Sold by Dakota Wealth Management - MarketBeat",MarketBeat
"Thu, 25 Sep 2025 11:15:18 GMT","MEAG MUNICH ERGO Kapitalanlagegesellschaft mbH Cuts Stake in The TJX Companies, Inc. $TJX - MarketBeat",MarketBeat
"Thu, 25 Sep 2025 09:39:52 GMT","Beacon Investment Advisory Services Inc. Boosts Stock Holdings in The TJX Companies, Inc. $TJX - MarketBeat",MarketBeat
"Thu, 25 Sep 2025 09:32:06 GMT","Harrell Investment Partners LLC Trims Stock Holdings in The TJX Companies, Inc. $TJX - MarketBeat",MarketBeat
"Thu, 25 Sep 2025 08:38:51 GMT","The TJX Companies, Inc. $TJX Stake Lowered by Accurate Wealth Management LLC - MarketBeat",MarketBeat
"Thu, 25 Sep 2025 11:40:02 GMT",How (TJX) Movements Inform Risk Allocation Models - news.stocktradersdaily.com,news.stocktradersdaily.com
"Tue, 30 Sep 2025 04:13:56 GMT",Will The TJX Companies Inc. stock sustain high P E ratios - Weekly Stock Recap & Precise Entry and Exit Recommendations - newser.com,newser.com
"Tue, 30 Sep 2025 06:53:50 GMT",Real time alert setup for The TJX Companies Inc. performance - July 2025 PreEarnings & Reliable Breakout Stock Forecasts - newser.com,newser.com
"Tue, 30 Sep 2025 04:54:34 GMT",Will The TJX Companies Inc. (TJX) stock outperform value peers - Market Performance Summary & Consistent Growth Stock Picks - newser.com,newser.com
"Tue, 30 Sep 2025 04:12:03 GMT",Will The TJX Companies Inc. stock gain from lower inflation - July 2025 Price Swings & Accurate Intraday Trading Signals - newser.com,newser.com
"Mon, 29 Sep 2025 10:39:58 GMT",Is The TJX Companies Inc. (TJX) stock undervalued after correction - July 2025 Institutional & Free Weekly Chart Analysis and Trade Guides - newser.com,newser.com
"Mon, 29 Sep 2025 16:11:14 GMT",Can TJX stock beat analyst consensus - Day Trade & Weekly Return Optimization Plans - newser.com,newser.com
"Mon, 29 Sep 2025 09:26:58 GMT",Can TJX Companies Inc. (The) stock hold up in economic slowdown - Dollar Strength & Community Supported Trade Ideas - newser.com,newser.com
"Mon, 29 Sep 2025 05:10:55 GMT",Should I buy TJX Companies Inc. (The) stock before earnings season - July 2025 Gainers & Weekly High Return Forecasts - newser.com,newser.com
"Sat, 27 Sep 2025 22:51:51 GMT",Can TJX stock beat analyst consensus - Trade Risk Summary & Free High Return Stock Watch Alerts - newser.com,newser.com
"Sat, 27 Sep 2025 19:18:02 GMT",Is TJX stock attractive for growth funds - Quarterly Portfolio Report & Consistent Growth Stock Picks - newser.com,newser.com
"Mon, 29 Sep 2025 18:21:00 GMT",Is The TJX Companies Inc. (TJX) stock undervalued after correction - CEO Change & Accurate Intraday Trade Tips - newser.com,newser.com
"Mon, 29 Sep 2025 18:32:55 GMT",Will The TJX Companies Inc. stock gain from lower inflation - Analyst Upgrade & Proven Capital Preservation Tips - newser.com,newser.com
"Mon, 29 Sep 2025 07:52:41 GMT",Real time alert setup for The TJX Companies Inc. performance - July 2025 EndofMonth & Weekly Setup with High ROI Potential - newser.com,newser.com
"Fri, 26 Sep 2025 17:31:58 GMT",Will The TJX Companies Inc. stock sustain high P E ratios - 2025 Year in Review & Growth Oriented Trade Recommendations - newser.com,newser.com
"Fri, 26 Sep 2025 17:45:32 GMT",Will The TJX Companies Inc. (TJX) stock benefit from Fed rate cuts - Earnings Overview Summary & Step-by-Step Swing Trade Plans - newser.com,newser.com
"Mon, 29 Sep 2025 18:11:05 GMT",Can TJX stock beat analyst consensus - Weekly Trade Recap & Free Community Consensus Stock Picks - newser.com,newser.com
"Mon, 29 Sep 2025 17:23:44 GMT",Identifying reversal signals in The TJX Companies Inc. - July 2025 Setups & Entry Point Confirmation Signals - newser.com,newser.com
"Mon, 29 Sep 2025 17:27:42 GMT",Can TJX Companies Inc. (The) stock hold up in economic slowdown - Weekly Trade Summary & Growth Oriented Trading Recommendations - newser.com,newser.com
"Mon, 29 Sep 2025 18:34:04 GMT",Can TJX stock beat analyst consensus - July 2025 Movers & Comprehensive Market Scan Insights - newser.com,newser.com
"Mon, 29 Sep 2025 12:18:32 GMT",Is The TJX Companies Inc. (TJX) stock undervalued after correction - CEO Change & Consistent Growth Equity Picks - newser.com,newser.com
"Mon, 29 Sep 2025 10:24:19 GMT",Can TJX stock beat analyst consensus - July 2025 Price Swings & AI Based Buy and Sell Signals - newser.com,newser.com
"Mon, 29 Sep 2025 09:46:05 GMT",Is TJX Companies Inc. (The) stock good for long term investing - July 2025 Sentiment & Community Verified Trade Alerts - newser.com,newser.com
"Mon, 29 Sep 2025 08:38:19 GMT",Real time alert setup for The TJX Companies Inc. performance - July 2025 Price Swings & Advanced Technical Analysis Signals - newser.com,newser.com
"Mon, 29 Sep 2025 04:29:16 GMT",Real time alert setup for The TJX Companies Inc. performance - July 2025 Trade Ideas & Stock Portfolio Risk Management - newser.com,newser.com
"Fri, 26 Sep 2025 22:55:04 GMT",Is The TJX Companies Inc. (TJX) stock undervalued after correction - Quarterly Trade Summary & Capital Efficiency Focused Ideas - newser.com,newser.com
2025-09-29T13:31:56,Did 28 Years of Dividend Growth Just Reinforce TJX’s (TJX) Investment Case for Stability?,Yahoo
2025-09-29T13:00:13,"Are Robust Financials Driving The Recent Rally In The TJX Companies, Inc.'s (NYSE:TJX) Stock?",Yahoo
2025-09-26T23:45:05,TJX (TJX) Outpaces Stock Market Gains: What You Should Know,Yahoo
2025-09-26T18:34:00,TJX Cos. stock outperforms competitors on strong trading day,MarketWatch
2025-09-26T01:37:53,The Dividend Growth Story of The TJX Companies (TJX) in Retail Dividend Stocks,Yahoo
2025-09-25T03:43:59,"TJX Companies: Business Fundamentally Sound, With Good Drivers Backing (Rating Upgrade)",SeekingAlpha
