Date,Title,Source
2025-08-30T07:32:31Z,Kobo Touch - Nickel cannot be installed after update,Mobileread.com
2025-08-28T16:00:58Z,New Peugeot 308 and 308 SW Revealed,Geeky Gadgets
2025-08-28T11:05:03Z,High Arctic Overseas Announces 2025 Second Quarter Results,Financial Post
2025-08-28T08:56:48Z,Smurfit Westrock PLC $SW Shares Purchased by Price T Rowe Associates Inc. MD,ETF Daily News
2025-08-28T08:04:51Z,American Century Companies Inc. Has $7.81 Million Stock Holdings in Smurfit Westrock PLC $SW,ETF Daily News
2025-08-28T07:16:44Z,Smurfit Westrock PLC (NYSE:SW) Receives Consensus Rating of “Moderate Buy” from Analysts,ETF Daily News
2025-08-27T18:50:06Z,Are They Starting To Take Our Jobs?,Lesswrong.com
2025-08-27T14:47:42Z,“The evidence for millionaire tax flight is scant. If high earners were...,kottke.org
2025-08-27T14:00:00Z,"A new large hypercarnivorous crocodyliform from the Maastrichtian of Southern Patagonia, Argentina",Plos.org
2025-08-27T05:40:03Z,大人気キャラクターのNintendo Switch(TM)ゲームソフト『すみっコぐらし つくろう！ステキなすみっコ島 』2025年 11月 20日（木） に 発売決定！,Prtimes.jp
"Mon, 01 Sep 2025 03:40:40 GMT",Tue 6-7pm Intro to Gymnastics (SW & MH) - The Courier Express,The Courier Express
"Mon, 01 Sep 2025 05:00:00 GMT",AEVIS VICTORIA SA (AEVS.SW) – Swiss Medical Network – Revenue increased by more than 20% in the first half of 2025 despite challenging conditions - TradingView,TradingView
"Thu, 28 Aug 2025 22:32:58 GMT",3 people hospitalized after major crash in SW Houston - Click2Houston,Click2Houston
"Thu, 28 Aug 2025 23:44:00 GMT",Evacuation orders for new wildfire SW of Eugene downgraded to Level 1 - KPTV,KPTV
"Sat, 30 Aug 2025 05:18:54 GMT",Not all SW Minnesota lakes make the grade - marshallindependent.com,marshallindependent.com
"Sat, 30 Aug 2025 21:08:00 GMT",UPDATE: California SW crash south of Morgan Junction - West Seattle Blog...,West Seattle Blog...
"Sat, 30 Aug 2025 09:03:05 GMT",Game Balls: SW Florida high school football top Week 2 performers - The News-Press,The News-Press
"Sat, 30 Aug 2025 23:22:01 GMT",Citrus Springs Man Killed in Two-Vehicle Crash at SW 140th Street and State Road 200 - 352today,352today
"Fri, 29 Aug 2025 11:49:00 GMT","Xcel crews working to restore power in the area of SW 10th, Georgia St. - NewsChannel 10",NewsChannel 10
"Fri, 29 Aug 2025 11:49:00 GMT","Xcel Energy: Power restored to customers near SW 10th, Georgia St. - NewsChannel 10",NewsChannel 10
"Sun, 31 Aug 2025 18:02:53 GMT","ATLANTA, Ga. (Atlanta News First) - Two people are injured after two separate shootings in southwest Atlanta over the weekend. At around 9:40 p.m. on Saturday, Atlanta police responded to the report of a person shot at 315 Hills Ave. SW. Upon arrival, police - instagram.com",instagram.com
"Wed, 27 Aug 2025 07:00:00 GMT",FBI investigates at SW Ocala home as part of forced labor/money laundering investigation - Ocala StarBanner,Ocala StarBanner
"Thu, 28 Aug 2025 23:09:56 GMT","SW Florida high school football scores: Lee, Collier FHSAA, SSAA live updates from Week 2 - The News-Press",The News-Press
"Fri, 29 Aug 2025 17:55:18 GMT",SW La. nightlife calendar: There’s always something to do - American Press,American Press
"Sat, 30 Aug 2025 05:55:15 GMT","Western Alamance pounds SW Guilford, 42-13 - High Point Enterprise",High Point Enterprise
"Thu, 28 Aug 2025 20:44:18 GMT",Unattended cooking ignites SW Oklahoma City house fire - KFOR,KFOR
"Thu, 28 Aug 2025 22:58:59 GMT","Firefighters remove Burmese pythons in SW Miami-Dade, Doral calls - WSVN",WSVN
"Thu, 28 Aug 2025 18:32:42 GMT",Unattended cooking leads to fire near SW 22nd and S McKinley - KOKH,KOKH
"Sat, 30 Aug 2025 14:27:00 GMT",Fatal collision on Beltline Rd SW blocks traffic near mall in Decatur - rocketcitynow.com,rocketcitynow.com
"Fri, 29 Aug 2025 18:23:00 GMT",SW Idaho weather: Sunshine dominates Labor Day Weekend - KTVB,KTVB
"Sat, 30 Aug 2025 21:19:03 GMT",One in custody after fatal stabbing in SW Oklahoma City - MSN,MSN
"Fri, 29 Aug 2025 16:00:01 GMT",Ragsdale shares updates with SW Cherokee County residents - Cherokee Tribune,Cherokee Tribune
"Thu, 28 Aug 2025 09:04:41 GMT",Who are the SW Florida high school boys and girls swimmers to watch in 2025? Here are 30 - The News-Press,The News-Press
"Sat, 30 Aug 2025 23:12:05 GMT",1 Injured in Grand Rapids Crash at Stafford Avenue SW and Greek Street SW - Michigan Legal Center,Michigan Legal Center
"Wed, 27 Aug 2025 22:00:11 GMT","Man arrested in SW Bakersfield, accused of exploiting victim for human trafficking - KBAK",KBAK
"Thu, 28 Aug 2025 14:56:54 GMT","Summer heat subsides for a warm Labor Day weekend in Oregon, SW Wash. - KATU",KATU
"Fri, 29 Aug 2025 03:59:07 GMT","SW FL Week 2: Fort Myers escapes again, Riverdale, Naples, Bishop Verot, Estero net wins - Naples Daily News",Naples Daily News
"Thu, 28 Aug 2025 04:07:30 GMT",43rd Annual SW LA Zydeco Festival to celebrate Clifton Chenier - KATC,KATC
"Wed, 27 Aug 2025 09:03:53 GMT",The SW Florida high school girls and boys golfers to watch for the 2025 season - Naples Daily News,Naples Daily News
"Sat, 30 Aug 2025 01:03:42 GMT",SW Kansas man accused in girlfriends's fentanyl death - Salina Post,Salina Post
"Fri, 29 Aug 2025 10:20:01 GMT",2 cats saved in SW Sioux Falls apartment fire - KELOLAND.com,KELOLAND.com
"Wed, 27 Aug 2025 15:23:00 GMT","Chicago police searching for burglary crew targeting businesses on West, SW Sides - CBS News",CBS News
"Wed, 27 Aug 2025 16:00:01 GMT",Inside SWFL Football: Video analysis and predictions for Week 2 high school games - The News-Press,The News-Press
"Fri, 29 Aug 2025 15:11:15 GMT","2025 Peugeot 308 SW Specs, Performance & Photos - autoevolution",autoevolution
"Thu, 28 Aug 2025 18:35:10 GMT",Unattended cooking leads to fire near SW 22nd and S McKinley - KOKH,KOKH
"Fri, 29 Aug 2025 12:30:00 GMT",Four entrapped in violent head-on collision in SW Texas - MyTexasDaily.com,MyTexasDaily.com
"Sun, 31 Aug 2025 03:25:05 GMT",Mountains draped in clouds after rainfall in SW China - Xinhua,Xinhua
