Date,Title,Source
2025-11-21T15:44:35Z,Manufacturing,Econbrowser.com
2025-11-20T18:48:58Z,"Cumulative Percent Growth in Private NFP from BLS, ADP Compared",Econbrowser.com
2025-11-20T18:17:58Z,"Updated Business Cycle Indicators, Including Employment",Econbrowser.com
2025-11-20T11:03:43Z,Number of Americans Living Paycheck to Paycheck Surges,Biztoc.com
2025-11-19T15:24:11Z,Rearranging The Chairs,Biztoc.com
2025-11-18T20:46:59Z,Dollar Slips on Weak US Labor Market News,Biztoc.com
2025-11-18T17:35:36Z,"US labor market shock: ADP says 2,500 jobs lost every week heading into November & jobless claims hit 232,000 - what's happening",The Times of India
2025-11-18T16:16:19Z,"ADP Says Private Sector Job Losses Slowed to 2,500 Per Week",pymnts.com
2025-11-18T15:43:41Z,Dollar Slides on Signs of US Labor Market Weakness,Biztoc.com
"Sat, 22 Nov 2025 22:34:59 GMT",What ADP's Dividend Hike and New Workforce Platform Reveal About Its Investment Case - simplywall.st,simplywall.st
"Sat, 22 Nov 2025 10:08:28 GMT",Assessing ADP (ADP) Valuation After Recent Share Price Weakness - Yahoo Finance,Yahoo Finance
"Wed, 19 Nov 2025 04:05:00 GMT","Job Losses Slowed in Private Sector Heading Into November, Weekly ADP Data Indicates - The Wall Street Journal",The Wall Street Journal
"Thu, 20 Nov 2025 13:03:20 GMT",HR tech trends reshaping talent strategy - ADP Media Center,ADP Media Center
"Thu, 20 Nov 2025 13:00:00 GMT",ADP to Present at Upcoming Investor Conference - Morningstar,Morningstar
"Thu, 20 Nov 2025 12:05:00 GMT","ADP (NASDAQ: ADP) integrates WorkForce Suite into HCM, reaching 140+ countries - Stock Titan",Stock Titan
"Tue, 18 Nov 2025 16:16:09 GMT","ADP Says Private Sector Job Losses Slowed to 2,500 Per Week - PYMNTS.com",PYMNTS.com
"Sat, 22 Nov 2025 11:00:42 GMT","Private sector added better-than-expected 42,000 jobs in October, ADP says - AOL.com",AOL.com
"Fri, 21 Nov 2025 02:26:13 GMT",Targeting PARP1: A Promising Approach for Next-Generation Poly (ADP-ribose) Polymerase Inhibitors - springermedicine.com,springermedicine.com
"Fri, 21 Nov 2025 05:21:54 GMT",Why Automatic Data Processing Inc. (ADP) stock could rally strongly - 2025 Support & Resistance & Risk Managed Investment Strategies - newser.com,newser.com
"Thu, 20 Nov 2025 18:23:07 GMT",November 2025: Detailed Look at State and Local Updates - ADP,ADP
"Thu, 20 Nov 2025 12:05:00 GMT",ADP Launches Unified Global Workforce Management Suite Across HCM Platforms - Yahoo Finance,Yahoo Finance
"Thu, 20 Nov 2025 12:13:04 GMT",Beyond the Buzz: Putting AI to Work - ADP,ADP
"Fri, 21 Nov 2025 10:39:34 GMT",Does ADP's Recent Share Decline Signal a Hidden Opportunity for Investors in 2025? - simplywall.st,simplywall.st
"Wed, 19 Nov 2025 17:23:16 GMT",How AI can help workers gain new skills - ADP Media Center,ADP Media Center
"Thu, 20 Nov 2025 18:48:58 GMT","Cumulative Percent Growth in Private NFP from BLS, ADP Compared - Econbrowser",Econbrowser
"Fri, 21 Nov 2025 21:31:00 GMT",20251127.ADP.3Things - GazetteXtra,GazetteXtra
"Sat, 22 Nov 2025 17:59:38 GMT","ADP to be cut by Tk 30,000cr - New Age BD",New Age BD
"Wed, 19 Nov 2025 13:03:22 GMT","ADP reports weekly job loss in US of 2,500 people in four weeks ending 1 November - The Corner .eu",The Corner .eu
"Thu, 20 Nov 2025 06:00:00 GMT","WNAXLP (ADP, November 20, 2025) - Leader-Telegram",Leader-Telegram
"Thu, 20 Nov 2025 06:00:00 GMT","WNAXLP (ADP Nov 20, 2025) REQUEST FOR - Leader-Telegram",Leader-Telegram
"Tue, 18 Nov 2025 19:34:03 GMT",Assessing ADP (ADP) Valuation as Shares Slip 11% This Month - simplywall.st,simplywall.st
"Tue, 18 Nov 2025 17:35:36 GMT","US labor market shock: ADP says 2,500 jobs lost every week heading into November & jobless claims hit 232, - The Economic Times",The Economic Times
"Tue, 18 Nov 2025 14:22:05 GMT","Watch US Companies Shed 2,500 Jobs Per Week to End October, ADP Data Show - Bloomberg.com",Bloomberg.com
"Wed, 19 Nov 2025 19:50:21 GMT",How Automatic Data Processing Inc. (ADP) stock reacts to Fed tightening - Sell Signal & Weekly Return Optimization Plans - newser.com,newser.com
"Wed, 19 Nov 2025 11:47:31 GMT",Is Automatic Data Processing Inc. (ADP) stock a buy before new product rollout - 2025 Market Outlook & AI Driven Stock Movement Reports - newser.com,newser.com
"Thu, 20 Nov 2025 01:15:04 GMT",Is Automatic Data Processing Inc. (ADP) stock a buy before new product rollout - Trade Ideas & Verified Entry Point Detection - newser.com,newser.com
"Wed, 19 Nov 2025 11:31:12 GMT",Is Automatic Data Processing Inc. (ADP) stock cheap by valuation metrics - Market Growth Review & High Accuracy Buy Signal Tips - newser.com,newser.com
"Thu, 20 Nov 2025 12:20:39 GMT",ADP Launches Unified Global Workforce Management Suite Across HCM Platforms - The Globe and Mail,The Globe and Mail
"Tue, 18 Nov 2025 15:47:10 GMT","ADP Weekly Report: In the four weeks ending November 1, U.S. companies laid off an average of about 2,500 employees per week - Bitget",Bitget
"Tue, 18 Nov 2025 14:39:38 GMT",Adp stock hits 52-week low at 249.61 USD - Investing.com,Investing.com
"Wed, 19 Nov 2025 21:00:01 GMT",Automatic Data Processing (Nasdaq:ADP) Stock Quote - Markets Financial Content,Markets Financial Content
"Thu, 20 Nov 2025 13:15:00 GMT","ADP implementation rises slightly in first 4 months YoY, spending down by Tk2,100cr - The Business Standard",The Business Standard
"Fri, 21 Nov 2025 05:55:29 GMT",Poly (ADP-Ribose) Polymerase (PARP) Inhibitors Market on Track - openPR.com,openPR.com
"Tue, 18 Nov 2025 14:46:25 GMT","US private sector shed jobs, but pace slowed at end of Oct.: ADP - Yahoo Finance",Yahoo Finance
"Wed, 19 Nov 2025 17:54:56 GMT",JJ McCarthy DESTROYING Justin Jefferson’s Fantasy Value | Latest Dynasty ADP Updates! - kiiitv.com,kiiitv.com
"Thu, 20 Nov 2025 13:31:41 GMT",ADP to Present at Upcoming Investor Conference - WV News,WV News
"Tue, 18 Nov 2025 13:50:21 GMT",US Private Sector Cuts More Jobs: ADP - TradingView,TradingView
"Thu, 20 Nov 2025 13:40:55 GMT",ADP launches unified global workforce management suite By Investing.com - Investing.com Canada,Investing.com Canada
"Tue, 18 Nov 2025 12:32:00 GMT","ADP: US job growth is sluggish, but new hires are on the upswing. How? - Forex Factory",Forex Factory
"Tue, 18 Nov 2025 13:31:16 GMT",ADP weekly US employment vs --2500 last week (Confirmed) - TradingView,TradingView
"Sat, 22 Nov 2025 06:26:08 GMT","Govt considers downsizing budget, ADP amid implementation challenges: Salehuddin - The Business Standard",The Business Standard
"Thu, 20 Nov 2025 12:27:01 GMT",ADP Launches Unified Global Workforce Management Suite Across HCM Platforms - The Manila Times,The Manila Times
"Tue, 18 Nov 2025 14:18:00 GMT","ADP Weekly Report: Labor market cooling, U.S. companies cutting approximately 2,500 jobs per week - 富途牛牛",富途牛牛
"Wed, 19 Nov 2025 05:32:23 GMT",Emerging Trends to Drive Poly ADP-Ribose Polymerase (PARP) Inhibitor Market Growth at 10.4% CAGR Through 2029 - openPR.com,openPR.com
"Tue, 18 Nov 2025 14:40:45 GMT",United States ADP Employment Change 4-week average up to -2.5K in November 1 from previous -11.25K - FXStreet,FXStreet
"Thu, 20 Nov 2025 14:57:16 GMT",ADP implementation YoY rises slightly in first 4 months of FY26 - Bangladesh Sangbad Sangstha (BSS),Bangladesh Sangbad Sangstha (BSS)
"Fri, 21 Nov 2025 02:50:36 GMT",Slow ADP spending drags development progress - The Financial Express,The Financial Express
"Thu, 20 Nov 2025 08:42:15 GMT",Will Strong October Passenger Growth Redefine Aeroports de Paris' (ENXTPA:ADP) Investment Narrative? - simplywall.st,simplywall.st
"Thu, 20 Nov 2025 18:00:18 GMT",ADP spending inches up in Jul-Oct - The Daily Star,The Daily Star
"Wed, 19 Nov 2025 15:06:48 GMT","Keeping humans in the loop, fostering trust are Canadian employers’ top AI priorities: ADP report - Lexpert",Lexpert
"Tue, 18 Nov 2025 13:56:13 GMT","Divergence within the Fed and weak ADP data weigh on the US dollar, providing temporary relief for the euro. - 富途牛牛",富途牛牛
"Thu, 20 Nov 2025 13:49:06 GMT",ADP implementation recorded at 8.33% in Q1: IMED - Bonik Barta,Bonik Barta
"Fri, 21 Nov 2025 14:54:31 GMT",ADP-Agro received permission from AMCU to purchase Podolivska - Open4business.com.ua,Open4business.com.ua
"Thu, 20 Nov 2025 18:00:00 GMT",Ministries rush to boost ADP progress before polls - daily-sun.com,daily-sun.com
"Fri, 21 Nov 2025 18:14:11 GMT",SHED proposes 53pc allocation cut in RADP - The Financial Express,The Financial Express
"Sun, 23 Nov 2025 07:30:01 GMT",Schools Attack: Nigeria Drifting Towards State Failure – ADP - DAILY TIMES Nigeria,DAILY TIMES Nigeria
"Thu, 20 Nov 2025 16:15:17 GMT","ADP Stock News Today (Nov. 20, 2025): New Global WorkForce Suite, London Investor Conference & Fresh Earnings Outlook - ts2.tech",ts2.tech
"Sat, 22 Nov 2025 20:50:33 GMT","Automatic Data Processing, Inc. $ADP Shares Sold by Bahl & Gaynor Inc. - Defense World",Defense World
"Tue, 18 Nov 2025 13:44:30 GMT",ADP weekly US employment vs --2500 last week (Confirmed) - investingLive,investingLive
"Tue, 18 Nov 2025 14:40:41 GMT","ADP Data: U.S. Firms Shed 2,500 Jobs per Week in October; Initial Jobless Claims 232,000, Implications for USD Rates, Bitcoin (BTC) and Crypto - Blockchain News",Blockchain News
"Wed, 19 Nov 2025 08:12:59 GMT","America First Investment Advisors LLC Sells 2,144 Shares of Automatic Data Processing, Inc. $ADP - Defense World",Defense World
"Tue, 18 Nov 2025 10:58:29 GMT","Avantax Advisory Services Inc. Has $11.31 Million Position in Automatic Data Processing, Inc. $ADP - Defense World",Defense World
2025-11-22T11:08:28,Assessing ADP (ADP) Valuation After Recent Share Price Weakness,Yahoo
2025-11-20T14:00:00,ADP to Present at Upcoming Investor Conference,Yahoo
2025-11-20T13:05:00,ADP Launches Unified Global Workforce Management Suite Across HCM Platforms,Yahoo
2025-11-18T21:36:53,Dollar Slips on Weak US Labor Market News,Yahoo
2025-11-18T16:38:01,Dollar Slides on Signs of US Labor Market Weakness,Yahoo
