Date,Title,Source
"Sun, 26 Oct 2025 06:36:23 GMT",Full technical analysis of SAIA stock - Breakout Watch & Safe Capital Investment Plans - newser.com,newser.com
"Sun, 26 Oct 2025 06:29:24 GMT",Is Saia Inc. (SQR) stock inflation resilient - July 2025 Breakouts & Fast Gain Swing Alerts - newser.com,newser.com
"Sun, 26 Oct 2025 06:03:13 GMT",Is SAIA showing signs of accumulation - Portfolio Value Report & Weekly Hot Stock Watchlists - newser.com,newser.com
"Sun, 26 Oct 2025 06:01:51 GMT",Full technical analysis of SAIA stock - July 2025 Earnings & Fast Moving Stock Watchlists - newser.com,newser.com
"Sun, 26 Oct 2025 05:50:14 GMT",What MACD and RSI say about SAIA - Quarterly Earnings Summary & Community Supported Trade Ideas - newser.com,newser.com
"Sun, 26 Oct 2025 01:27:52 GMT",Will SAIA rebound enough to break even - Quarterly Market Review & Daily Price Action Insights - newser.com,newser.com
"Sun, 26 Oct 2025 00:54:27 GMT",Can SAIA stock surprise with earnings upside - July 2025 Momentum & Community Supported Trade Ideas - newser.com,newser.com
"Sun, 26 Oct 2025 05:41:37 GMT",Can SAIA stock surprise with earnings upside - July 2025 Short Interest & High Conviction Trade Alerts - newser.com,newser.com
"Sun, 26 Oct 2025 01:23:53 GMT",What MACD signals say about Saia Inc. - Market Trend Report & Weekly Market Pulse Alerts - newser.com,newser.com
"Sat, 25 Oct 2025 21:48:03 GMT",Will SAIA stock recover faster than peers - Weekly Trend Recap & Verified Stock Trade Ideas - newser.com,newser.com
"Sat, 25 Oct 2025 19:51:51 GMT",How to read the order book for SAIA - 2025 Price Action Summary & Detailed Earnings Play Alerts - newser.com,newser.com
"Sat, 25 Oct 2025 17:43:12 GMT",Will SAIA rebound enough to break even - July 2025 Recap & AI Based Trade Execution Alerts - newser.com,newser.com
"Sat, 25 Oct 2025 17:54:52 GMT",Will Saia Inc. stock return to pre crisis levels - July 2025 Movers & Weekly High Return Opportunities - newser.com,newser.com
"Sat, 25 Oct 2025 18:18:42 GMT",Is Saia Inc. (SQR) stock among top earnings plays - Weekly Trend Report & Accurate Intraday Trading Signals - newser.com,newser.com
"Sun, 26 Oct 2025 06:33:03 GMT",What MACD signals say about Saia Inc. - July 2025 Opening Moves & Technical Pattern Alert System - newser.com,newser.com
"Sun, 26 Oct 2025 01:09:49 GMT",What does recent volatility data suggest for Saia Inc. - 2025 Price Momentum & Smart Investment Allocation Tips - newser.com,newser.com
"Sun, 26 Oct 2025 04:16:34 GMT",What does recent volatility data suggest for Saia Inc. - Market Performance Report & Reliable Entry Point Alerts - newser.com,newser.com
"Sun, 26 Oct 2025 03:59:26 GMT",Can Saia Inc. stock sustain institutional interest - Quarterly Market Summary & Daily Oversold Stock Bounce Ideas - newser.com,newser.com
"Sun, 26 Oct 2025 03:32:05 GMT",What does recent volatility data suggest for Saia Inc. - July 2025 Movers & High Conviction Trade Alerts - newser.com,newser.com
"Sat, 25 Oct 2025 23:49:42 GMT",Does SAIA stock trade at a discount to peers - Trade Entry Summary & Fast Gaining Stock Strategy Reports - newser.com,newser.com
"Sat, 25 Oct 2025 22:40:00 GMT",What does recent volatility data suggest for Saia Inc. - Portfolio Risk Report & Safe Swing Trade Setup Alerts - newser.com,newser.com
"Fri, 24 Oct 2025 21:11:44 GMT",Volume spikes in Saia Inc. stock – what they mean - Watch List & Daily Stock Trend Watchlist - newser.com,newser.com
"Fri, 24 Oct 2025 18:59:39 GMT",Is Saia Inc. stock positioned for long term growth - Market Growth Report & Fast Momentum Stock Entry Tips - newser.com,newser.com
"Sat, 25 Oct 2025 12:50:15 GMT",How to forecast SAIA trends using time series - Portfolio Update Report & High Yield Stock Recommendations - newser.com,newser.com
"Thu, 23 Oct 2025 14:00:24 GMT",Saia (SAIA) Expected to Beat Earnings Estimates: Can the Stock Move Higher? - Yahoo Finance,Yahoo Finance
"Sat, 25 Oct 2025 06:50:43 GMT",Volume spikes in Saia Inc. stock – what they mean - Forecast Cut & Low Drawdown Momentum Trade Ideas - newser.com,newser.com
"Sat, 25 Oct 2025 05:41:51 GMT",Is this a good reentry point in Saia Inc. - July 2025 Levels & Low Risk Entry Point Guides - newser.com,newser.com
"Sat, 25 Oct 2025 05:39:35 GMT",Volume spikes in Saia Inc. stock – what they mean - Weekly Investment Summary & Low Volatility Stock Recommendations - newser.com,newser.com
"Sat, 25 Oct 2025 17:51:32 GMT",Can Saia Inc. stock sustain institutional interest - July 2025 Selloffs & Safe Entry Momentum Tips - newser.com,newser.com
"Sat, 25 Oct 2025 09:24:55 GMT",Can SAIA stock surprise with earnings upside - July 2025 Big Picture & Growth Focused Stock Reports - newser.com,newser.com
"Sat, 25 Oct 2025 21:38:23 GMT",Is SAIA showing signs of accumulation - July 2025 Momentum & Community Supported Trade Ideas - newser.com,newser.com
"Fri, 24 Oct 2025 22:52:16 GMT",Is Saia Inc. trending in predictive chart models - 2025 Market WrapUp & Safe Capital Growth Tips - newser.com,newser.com
"Fri, 24 Oct 2025 20:35:52 GMT",Can Saia Inc. (SQR) stock withstand sector downturns - Trade Risk Summary & Stepwise Entry and Exit Trade Signals - newser.com,newser.com
"Wed, 22 Oct 2025 11:30:00 GMT",Saia Announces Retirement of CIO Rohit Lal and Appointment of Successor Tarak Patel - GlobeNewswire,GlobeNewswire
"Fri, 24 Oct 2025 17:53:49 GMT",Saia (NASDAQ:SAIA) Trading Down 5.8% - Here's What Happened - MarketBeat,MarketBeat
"Sat, 25 Oct 2025 07:36:33 GMT",How to read the order book for SAIA - July 2025 EndofMonth & Reliable Price Action Trade Plans - newser.com,newser.com
"Sun, 26 Oct 2025 01:51:14 GMT",What analysts say about Saia Inc stock - Dividend Stability Analysis & Explosive Trading Portfolio - earlytimes.in,earlytimes.in
"Thu, 23 Oct 2025 07:49:39 GMT",What MACD and RSI say about SAIA - Market Activity Summary & Entry Point Strategy Guides - newser.com,newser.com
"Wed, 22 Oct 2025 11:30:00 GMT","Saia (NASDAQ: SAIA) names Tarak Patel CIO, effective immediately as Rohit Lal retires - Stock Titan",Stock Titan
"Sat, 25 Oct 2025 08:38:16 GMT",Using fundamentals and technicals on Saia Inc. - July 2025 Macro Moves & Safe Entry Momentum Tips - newser.com,newser.com
"Thu, 23 Oct 2025 12:23:56 GMT",Is SAIA showing signs of accumulation - Market Volume Report & Stock Timing and Entry Methods - newser.com,newser.com
"Sat, 25 Oct 2025 10:48:28 GMT",What MACD and RSI say about SAIA - Volume Spike & Weekly Watchlist for Consistent Profits - newser.com,newser.com
"Thu, 23 Oct 2025 06:34:22 GMT",Full technical analysis of SAIA stock - Entry Point & Daily Oversold Bounce Ideas - newser.com,newser.com
"Thu, 23 Oct 2025 08:12:37 GMT",Saia (SAIA) Projected to Post Quarterly Earnings on Thursday - MarketBeat,MarketBeat
"Wed, 22 Oct 2025 13:14:58 GMT","Stephens Investment Management Group LLC Acquires 4,695 Shares of Saia, Inc. $SAIA - MarketBeat",MarketBeat
"Sat, 25 Oct 2025 20:20:52 GMT","Saia, Inc. Experiences Revision in Its Stock Evaluation Amid Market Challenges - Markets Mojo",Markets Mojo
"Sat, 25 Oct 2025 12:11:36 GMT",Analyzing recovery setups for Saia Inc. investors - Risk Management & Reliable Volume Spike Trade Alerts - newser.com,newser.com
"Thu, 23 Oct 2025 14:40:09 GMT",Does SAIA stock trade at a discount to peers - Portfolio Value Report & Verified Short-Term Plans - nchmf.gov.vn,nchmf.gov.vn
"Sat, 25 Oct 2025 09:24:56 GMT",Is Saia Inc. (SQR) stock among top earnings plays - July 2025 Big Picture & AI Powered Buy/Sell Recommendations - newser.com,newser.com
"Wed, 22 Oct 2025 02:28:01 GMT",What MACD signals say about Saia Inc. - 2025 Market WrapUp & Expert-Curated Trade Recommendations - newser.com,newser.com
"Fri, 24 Oct 2025 08:56:32 GMT",Will Saia Inc. stock return to pre crisis levels - 2025 AllTime Highs & High Accuracy Swing Trade Signals - newser.com,newser.com
"Wed, 22 Oct 2025 02:32:43 GMT",Is SAIA showing signs of accumulation - Weekly Market Outlook & Accurate Technical Buy Alerts - newser.com,newser.com
"Fri, 24 Oct 2025 06:59:05 GMT",What does recent volatility data suggest for Saia Inc. - Global Markets & Risk Managed Investment Signals - newser.com,newser.com
"Tue, 21 Oct 2025 23:42:35 GMT",What MACD and RSI say about SAIA - Long Setup & Real-Time Buy Signal Notifications - newser.com,newser.com
"Sat, 25 Oct 2025 05:46:21 GMT",Is SAIA showing signs of accumulation - Share Buyback & Daily Oversold Bounce Ideas - newser.com,newser.com
"Tue, 21 Oct 2025 19:57:55 GMT",Is Saia Inc. (SQR) stock inflation resilient - Quarterly Trade Summary & Verified Entry Point Signals - newser.com,newser.com
"Tue, 21 Oct 2025 19:22:21 GMT",Volume spikes in Saia Inc. stock – what they mean - July 2025 Summary & Free Safe Entry Trade Signal Reports - newser.com,newser.com
"Thu, 23 Oct 2025 14:00:24 GMT",Saia (SAIA) Expected to Beat Earnings Estimates: Can the Stock Move Higher? - sharewise.com,sharewise.com
"Tue, 21 Oct 2025 19:28:05 GMT",How to read the order book for SAIA - 2025 Valuation Update & Fast Exit and Entry Trade Guides - newser.com,newser.com
"Fri, 24 Oct 2025 18:49:14 GMT",What does recent volatility data suggest for Saia Inc. - Quarterly Trade Review & AI Forecast for Swing Trade Picks - newser.com,newser.com
"Wed, 22 Oct 2025 03:57:43 GMT",Relative strength of SAIA in sector analysis - Trade Risk Summary & Technical Pattern Based Signals - newser.com,newser.com
"Fri, 24 Oct 2025 08:36:06 GMT",Applying Elliott Wave Theory to Saia Inc. - 2025 EndofYear Setup & Verified Trade Idea Suggestions - newser.com,newser.com
"Thu, 23 Oct 2025 08:42:02 GMT",What MACD signals say about Saia Inc. - July 2025 WrapUp & Weekly Watchlist of Top Performers - newser.com,newser.com
"Tue, 21 Oct 2025 20:05:05 GMT",Applying Elliott Wave Theory to Saia Inc. - July 2025 Action & Daily Growth Stock Investment Tips - newser.com,newser.com
"Tue, 21 Oct 2025 09:30:10 GMT","Saia, Inc. $SAIA Shares Acquired by Mutual of America Capital Management LLC - MarketBeat",MarketBeat
"Tue, 21 Oct 2025 08:01:58 GMT","TD Asset Management Inc Purchases 6,070 Shares of Saia, Inc. $SAIA - MarketBeat",MarketBeat
"Tue, 21 Oct 2025 21:43:25 GMT",Is SAIA showing signs of accumulation - Market Volume Summary & Low Drawdown Momentum Trade Ideas - newser.com,newser.com
"Fri, 24 Oct 2025 03:37:22 GMT",Will SAIA stock recover faster than peers - Weekly Stock Report & Fast Gaining Stock Reports - newser.com,newser.com
"Sat, 25 Oct 2025 05:19:23 GMT",What drives Saia Inc stock price - Sell Signals and Alerts & Low Cost Stock Picks - earlytimes.in,earlytimes.in
"Tue, 21 Oct 2025 23:53:26 GMT",Is Saia Inc. (SQR) stock among top earnings plays - Trade Exit Summary & Entry Point Confirmation Alerts - newser.com,newser.com
"Wed, 22 Oct 2025 00:17:04 GMT",What does recent volatility data suggest for Saia Inc. - July 2025 Movers & Safe Capital Growth Trade Ideas - newser.com,newser.com
"Wed, 22 Oct 2025 10:34:55 GMT",Is Saia Inc. (SQR) stock among top earnings plays - July 2025 Earnings & Daily Risk Controlled Trade Plans - newser.com,newser.com
"Wed, 22 Oct 2025 11:42:38 GMT",Saia Announces Retirement of CIO Rohit Lal and Appointment of Successor Tarak Patel - The Manila Times,The Manila Times
"Wed, 22 Oct 2025 00:45:14 GMT",Is Saia Inc. (SQR) stock among top earnings plays - July 2025 Intraday Action & AI Forecasted Entry/Exit Points - newser.com,newser.com
"Tue, 21 Oct 2025 09:18:54 GMT",Will Saia Inc. bounce back from current support - Trade Exit Summary & Verified Stock Trade Ideas - newser.com,newser.com
"Sat, 25 Oct 2025 05:18:24 GMT","Saia, Inc. (NASDAQ:SAIA) Given Consensus Rating of “Moderate Buy” by Brokerages - Defense World",Defense World
2025-10-22T13:30:00,Saia Announces Retirement of CIO Rohit Lal and Appointment of Successor Tarak Patel,Yahoo
