Date,Title,Source
2025-10-23T00:20:02Z,DGP: Overextended Leveraged Gold Fund,Seeking Alpha
"Sun, 26 Oct 2025 06:10:54 GMT",How ETN stock performs in easing cycles - Swing Trade & Weekly High Conviction Ideas - newser.com,newser.com
"Sun, 26 Oct 2025 05:53:26 GMT",Why ETRACS MVIS Business Development Companies Index ETN stock is rated strong buy - Weekly Profit Report & Fast Moving Stock Watchlists - newser.com,newser.com
"Sun, 26 Oct 2025 05:47:06 GMT",P 500 VIX Short Term Futures ETN stock remains on watchlists - 2025 Macro Impact & Short-Term High Return Strategies - newser.com,newser.com
"Sun, 26 Oct 2025 06:19:10 GMT",P 500 VIX Short Term Futures ETN - Price Action & Stock Market Timing Techniques - newser.com,newser.com
"Sun, 26 Oct 2025 05:50:13 GMT",Can DB Gold Double Long ETN stock beat market expectations this quarter - July 2025 Setups & Verified Momentum Stock Watchlist - newser.com,newser.com
"Sun, 26 Oct 2025 06:34:05 GMT",Identifying reversal signals in ETRACS MVIS Business Development Companies Index ETN - Market Performance Recap & Long-Term Safe Return Strategies - newser.com,newser.com
"Sun, 26 Oct 2025 06:41:00 GMT",ETRACS 2x Leveraged MSCI US Momentum Factor TR ETN stock prediction for this week - July 2025 Macro Moves & Long-Term Growth Stock Strategies - newser.com,newser.com
"Sun, 26 Oct 2025 05:56:25 GMT",Is ETRACS Quarterly Pay 1.5x Leveraged Alerian MLP Index ETN stock attractive after correction - July 2025 Update & Low Drawdown Trading Techniques - newser.com,newser.com
"Sun, 26 Oct 2025 05:58:33 GMT",Will iPath Series B Carbon ETN stock rally after Fed decisions - Weekly Stock Report & Free High Return Stock Watch Alerts - newser.com,newser.com
"Sun, 26 Oct 2025 05:41:24 GMT",How ETRACS 2x Leveraged MSCI US Momentum Factor TR ETN stock performs in weak economy - July 2025 Outlook & Stepwise Entry/Exit Trade Alerts - newser.com,newser.com
"Sun, 26 Oct 2025 05:58:42 GMT",Real time social sentiment graph for ETRACS 2xMonthly Pay Leveraged Index ETN - July 2025 Highlights & Fast Entry High Yield Tips - newser.com,newser.com
"Sun, 26 Oct 2025 05:47:43 GMT",What margin trends mean for DB Gold Double Short ETN stock - Quarterly Trade Summary & High Yield Stock Recommendations - newser.com,newser.com
"Sun, 26 Oct 2025 06:52:20 GMT",Can iPath Series B Carbon ETN stock double in next 5 years - July 2025 Closing Moves & Free High Return Stock Watch Alerts - newser.com,newser.com
"Sun, 26 Oct 2025 06:57:53 GMT",How cyclical is DB Gold Double Long ETN stock compared to rivals - New Guidance & Verified Momentum Stock Watchlist - newser.com,newser.com
"Sun, 26 Oct 2025 06:53:06 GMT",P 500 VIX Short Term Futures ETN stock ready for a breakout - Quarterly Growth Report & Technical Buy Zone Confirmations - newser.com,newser.com
"Sun, 26 Oct 2025 06:23:55 GMT",How ETRACS 2x Leveraged US Growth Factor TR ETN stock compares to growth peers - Recession Risk & Precise Buy Zone Tips - newser.com,newser.com
"Sun, 26 Oct 2025 03:11:07 GMT",Pattern recognition hints at ETRACS 2xMonthly Pay Leveraged Index ETN upside - Trade Signal Summary & Weekly High Conviction Trade Ideas - newser.com,newser.com
"Sun, 26 Oct 2025 01:36:13 GMT",Is ETRACS Quarterly Pay 1.5x Leveraged Alerian MLP Index ETN stock supported by strong cash flows - newser.com,newser.com
"Sun, 26 Oct 2025 06:36:54 GMT",Will iPath Series B Carbon ETN stock rally after Fed decisions - Weekly Stock Recap & Real-Time Volume Analysis - newser.com,newser.com
"Sun, 26 Oct 2025 01:04:28 GMT",Is iPath Select MLP ETN stock reversal real or fake - Long Setup & Community Supported Trade Ideas - newser.com,newser.com
"Sun, 26 Oct 2025 06:10:18 GMT",Is iPath Select MLP ETN stock reversal real or fake - Quarterly Risk Review & Real-Time Chart Pattern Alerts - newser.com,newser.com
"Sun, 26 Oct 2025 01:31:51 GMT",Is iPath Series B Carbon ETN trending in predictive chart models - July 2025 Short Interest & Weekly Return Optimization Alerts - newser.com,newser.com
"Sun, 26 Oct 2025 00:39:20 GMT",Will a bounce in ETRACS 2x Leveraged US Value Factor TR ETN offer an exit - July 2025 WrapUp & Low Volatility Stock Suggestions - newser.com,newser.com
"Sun, 26 Oct 2025 05:42:13 GMT",Is iPath Select MLP ETN stock reversal real or fake - Market Performance Summary & Verified Chart Pattern Signals - newser.com,newser.com
"Sun, 26 Oct 2025 06:37:56 GMT",How ETRACS Monthly Pay 1.5x Leveraged Mortgage REIT ETN stock reacts to oil prices - 2025 Short Interest & Verified Technical Signals - newser.com,newser.com
"Sun, 26 Oct 2025 01:19:52 GMT",Visual analytics tools that track DB Gold Short ETN performance - Risk Management & Fast Moving Market Watchlists - newser.com,newser.com
"Sun, 26 Oct 2025 06:22:15 GMT",Forecasting ETRACS 2xMonthly Pay Leveraged Index ETN price range with options data - Risk Management & Verified Short-Term Trading Plans - newser.com,newser.com
"Sun, 26 Oct 2025 06:50:21 GMT",Ranking ETRACS Monthly Pay 1.5x Leveraged Mortgage REIT ETN among high performing stocks via tools - Rate Cut & Reliable Breakout Forecasts - newser.com,newser.com
"Sun, 26 Oct 2025 06:36:06 GMT",Will ETRACS Quarterly Pay 1.5x Leveraged MVIS BDC Index ETN stock benefit from automation - 2025 Geopolitical Influence & Daily Stock Trend Watchlist - newser.com,newser.com
"Sun, 26 Oct 2025 05:48:23 GMT",Is iPath Select MLP ETN forming a bottoming base - 2025 Valuation Update & Reliable Volume Spike Trade Alerts - newser.com,newser.com
"Sat, 25 Oct 2025 23:48:15 GMT",Is ETRACS 2x Leveraged US Growth Factor TR ETN stock supported by strong fundamentals - newser.com,newser.com
"Sun, 26 Oct 2025 05:15:23 GMT",Why ETRACS 2x Leveraged MSCI US Momentum Factor TR ETN stock is a value investor pick - Market Risk Analysis & Low Risk Investment Opportunities - newser.com,newser.com
"Sun, 26 Oct 2025 05:34:42 GMT",Predicting ETRACS Monthly Pay 1.5x Leveraged Mortgage REIT ETN trend using moving averages - Recession Risk & Accurate Buy Signal Notifications - newser.com,newser.com
"Sun, 26 Oct 2025 04:15:31 GMT",Is DB Gold Double Long ETN meeting your algorithmic filter criteria - M&A Rumor & Real-Time Volume Trigger Notifications - newser.com,newser.com
"Sun, 26 Oct 2025 02:42:30 GMT",Is DB Gold Double Long ETN stock attractive for retirement portfolios - Quarterly Portfolio Review & High Return Trade Guides - newser.com,newser.com
"Sun, 26 Oct 2025 02:38:30 GMT",Can DB Gold Double Long ETN stock beat market expectations this quarter - July 2025 Outlook & Stepwise Entry/Exit Trade Alerts - newser.com,newser.com
"Sun, 26 Oct 2025 01:29:56 GMT",How DB Gold Double Long ETN stock compares with market leaders - Quarterly Growth Report & Verified Trade Idea Suggestions - newser.com,newser.com
"Sat, 25 Oct 2025 21:55:52 GMT",Is ETRACS 2x Leveraged MSCI US Quality Factor TR ETN stock a safe buy before earnings - Quarterly Growth Report & Free Expert Verified Stock Movement Alerts - newser.com,newser.com
"Sat, 25 Oct 2025 21:36:27 GMT",Applying Elliott Wave Theory to DB Gold Double Short ETN - Forecast Cut & Daily Risk Controlled Trade Plans - newser.com,newser.com
"Sun, 26 Oct 2025 02:26:45 GMT",Is ETRACS 2x Leveraged MSCI US Quality Factor TR ETN stock a safe buy before earnings - July 2025 Gainers & Safe Capital Growth Stock Tips - newser.com,newser.com
"Sat, 25 Oct 2025 22:38:13 GMT",Predicting ETRACS Monthly Pay 1.5x Leveraged Mortgage REIT ETN trend using moving averages - July 2025 Fed Impact & Fast Gain Swing Trade Alerts - newser.com,newser.com
"Sun, 26 Oct 2025 02:36:47 GMT",Will ETRACS 2x Leveraged MSCI US Quality Factor TR ETN rebound enough to break even - Gap Up & Verified Entry Point Signals - newser.com,newser.com
"Sun, 26 Oct 2025 00:41:58 GMT",Developing predictive dashboards with ETRACS 2x Leveraged US Growth Factor TR ETN data - 2025 Pullback Review & Pattern Based Trade Signal System - newser.com,newser.com
"Sun, 26 Oct 2025 00:12:05 GMT",What’s next for ETRACS 2x Leveraged US Growth Factor TR ETN stock price - 2025 Major Catalysts & Capital Protection Trading Alerts - newser.com,newser.com
"Sun, 26 Oct 2025 00:56:17 GMT",How iPath Select MLP ETN stock compares to market leaders - July 2025 Summary & Verified Momentum Watchlists - newser.com,newser.com
"Sat, 25 Oct 2025 22:05:59 GMT",Pattern recognition hints at ETRACS 2xMonthly Pay Leveraged Index ETN upside - Profit Target & Verified Swing Trading Watchlists - newser.com,newser.com
"Sun, 26 Oct 2025 01:01:59 GMT",Will ETRACS Alerian MLP Index ETN stock extend growth story - Trade Volume Report & High Conviction Trade Alerts - newser.com,newser.com
"Sat, 25 Oct 2025 21:07:34 GMT",Is ETRACS 2x Leveraged MSCI US Quality Factor TR ETN stock a safe buy before earnings - 2025 Volatility Report & Low Drawdown Trading Techniques - newser.com,newser.com
"Sun, 26 Oct 2025 00:42:49 GMT",Does ETRACS 2x Leveraged US Growth Factor TR ETN show high probability of rebound - Stop Loss & Free Weekly Watchlist of Top Performers - newser.com,newser.com
"Sun, 26 Oct 2025 00:08:24 GMT",Is iPath Select MLP ETN stock reversal real or fake - Stop Loss & Fast Momentum Entry Tips - newser.com,newser.com
"Sat, 25 Oct 2025 19:42:13 GMT",How cyclical is DB Gold Double Long ETN stock compared to rivals - Quarterly Portfolio Review & AI Driven Price Predictions - newser.com,newser.com
"Sun, 26 Oct 2025 00:40:19 GMT",Identifying reversal signals in ETRACS MVIS Business Development Companies Index ETN - 2025 Historical Comparison & Free Expert Approved Momentum Trade Ideas - newser.com,newser.com
"Sat, 25 Oct 2025 19:42:28 GMT",Why ETRACS MVIS Business Development Companies Index ETN stock is rated strong buy - Quarterly Profit Review & Daily Price Action Insights - newser.com,newser.com
"Sat, 25 Oct 2025 22:51:54 GMT",Will DB Gold Double Long ETN stock recover faster than industry - July 2025 Highlights & Free Real-Time Market Sentiment Alerts - newser.com,newser.com
"Sat, 25 Oct 2025 19:16:16 GMT",Is iPath Series B Carbon ETN stock ready for breakout - July 2025 Reactions & Free Safe Capital Growth Stock Tips - newser.com,newser.com
"Sat, 25 Oct 2025 19:53:07 GMT",Can ETRACS Alerian MLP Index ETN stock test all time highs - Layoff News & Community Consensus Stock Picks - newser.com,newser.com
"Sat, 25 Oct 2025 21:32:38 GMT",Is ETN stock resilient in recession scenarios - Quarterly Portfolio Summary & Smart Allocation Stock Tips - newser.com,newser.com
"Sat, 25 Oct 2025 22:48:25 GMT",Leading vs lagging indicators on DB Gold Double Long ETN performance - July 2025 Volume & Community Consensus Picks - newser.com,newser.com
"Sat, 25 Oct 2025 23:18:23 GMT",Is iPath Select MLP ETN building a consolidation base - Weekly Market Summary & Stock Market Timing Techniques - newser.com,newser.com
"Sat, 25 Oct 2025 21:36:10 GMT",P 500 VIX Short Term Futures ETN stock remains on watchlists - Gold Moves & Safe Capital Allocation Plans - newser.com,newser.com
"Sat, 25 Oct 2025 22:05:18 GMT",Is ETRACS Alerian MLP Index ETN stock supported by strong fundamentals - Weekly Profit Summary & Daily Risk Controlled Trade Plans - newser.com,newser.com
"Sat, 25 Oct 2025 22:41:07 GMT",Visual analytics tools that track DB Gold Short ETN performance - July 2025 Big Picture & Weekly Market Pulse Updates - newser.com,newser.com
"Sat, 25 Oct 2025 21:19:39 GMT",Can DB Gold Double Long ETN stock deliver surprise earnings beat - Buy Signal & Accurate Entry and Exit Point Alerts - newser.com,newser.com
"Sat, 25 Oct 2025 22:32:59 GMT",Exit strategy if you’re trapped in DB Gold Short ETN - Weekly Profit Report & Weekly Breakout Opportunity Watchlist - newser.com,newser.com
"Sat, 25 Oct 2025 21:34:41 GMT",Is ETRACS 2x Leveraged MSCI US Momentum Factor TR ETN stock ready for breakout - Market Growth Review & Low Risk Entry Point Tips - newser.com,newser.com
"Sat, 25 Oct 2025 18:13:46 GMT",Does DB Gold Double Short ETN qualify in momentum factor screening - Buy Signal & Reliable Price Breakout Signals - newser.com,newser.com
"Sat, 25 Oct 2025 21:38:27 GMT",Can volume confirm reversal in ETRACS 2xMonthly Pay Leveraged Index ETN - Layoff News & Smart Allocation Stock Reports - newser.com,newser.com
"Sun, 26 Oct 2025 06:35:20 GMT",Real time breakdown of DB Gold Double Long ETN stock performance - newser.com,newser.com
"Sun, 26 Oct 2025 05:15:52 GMT",Can DB Gold Short ETN stock surprise with earnings upside - July 2025 PreEarnings & Real-Time Buy Zone Alerts - newser.com,newser.com
"Sun, 26 Oct 2025 06:13:54 GMT",Will iPath Series B Carbon ETN stock recover faster than peers - Trade Exit Report & Safe Entry Zone Identification - newser.com,newser.com
"Sat, 25 Oct 2025 21:55:21 GMT",Volatility clustering patterns for ETRACS 2xMonthly Pay Leveraged Index ETN - Buy Signal & Fast Exit/Entry Strategy Plans - newser.com,newser.com
"Sat, 25 Oct 2025 19:28:17 GMT",Will ETN stock remain on Wall Street radar - Dollar Strength & Daily Profit Focused Screening - newser.com,newser.com
"Sat, 25 Oct 2025 17:45:34 GMT",Is ETRACS Quarterly Pay 1.5x Leveraged Alerian MLP Index ETN stock attractive after correction - Market Activity Report & Daily Profit Focused Screening - newser.com,newser.com
"Sat, 25 Oct 2025 18:08:08 GMT",How ETRACS Monthly Pay 1.5x Leveraged Mortgage REIT ETN stock reacts to oil prices - July 2025 Volume & Community Verified Trade Signals - newser.com,newser.com
"Sun, 26 Oct 2025 06:19:48 GMT",Will ETRACS 2x Leveraged US Value Factor TR ETN benefit from macro trends - Dip Buying & Safe Swing Trade Setups - newser.com,newser.com
"Sun, 26 Oct 2025 04:49:31 GMT",Why DB Gold Short ETN stock could rally in 2025 - 2025 Technical Patterns & Free Community Consensus Stock Picks - newser.com,newser.com
"Sat, 25 Oct 2025 18:19:34 GMT",Developing predictive dashboards with ETRACS 2x Leveraged US Growth Factor TR ETN data - 2025 Volume Leaders & Community Verified Watchlist Alerts - newser.com,newser.com
"Sat, 25 Oct 2025 16:38:04 GMT",Real time social sentiment graph for ETRACS 2xMonthly Pay Leveraged Index ETN - 2025 Major Catalysts & Growth Oriented Trading Recommendations - newser.com,newser.com
"Sun, 26 Oct 2025 04:25:39 GMT",What margin trends mean for DB Gold Double Short ETN stock - Weekly Trend Summary & Advanced Swing Trade Entry Alerts - newser.com,newser.com
"Sun, 26 Oct 2025 04:37:01 GMT",Can ETRACS 2xMonthly Pay Leveraged Index ETN stock continue upward trend - July 2025 Drop Watch & Consistent Growth Stock Picks - newser.com,newser.com
"Sat, 25 Oct 2025 19:18:19 GMT",Will ETRACS 2x Leveraged US Growth Factor TR ETN stock go up soon - Market Sentiment Report & Reliable Price Action Trade Plans - newser.com,newser.com
"Sun, 26 Oct 2025 03:37:27 GMT",Can DB Gold Short ETN stock surprise with earnings upside - July 2025 Highlights & Real-Time Market Sentiment Alerts - newser.com,newser.com
"Sun, 26 Oct 2025 04:13:42 GMT",How iPath Select MLP ETN stock compares to market leaders - Weekly Trade Review & Free High Accuracy Swing Entry Alerts - newser.com,newser.com
"Sat, 25 Oct 2025 19:30:44 GMT",Why DB Gold Short ETN due stock remains top rated - Weekly Stock Report & Low Drawdown Investment Strategies - newser.com,newser.com
"Fri, 24 Oct 2025 10:10:44 GMT",How Investors May Respond To Eaton (ETN) Expanding AI Data Center and Aviation Partnerships - Yahoo Finance,Yahoo Finance
"Sun, 26 Oct 2025 03:35:13 GMT",Can ETRACS MVIS Business Development Companies Index ETN stock surprise with earnings upside - Market Performance Report & Real-Time Buy Zone Alerts - newser.com,newser.com
"Sun, 26 Oct 2025 02:00:03 GMT",Can DB Gold Double Long ETN stock beat market expectations this quarter - 2025 Sector Review & Safe Entry Zone Tips - newser.com,newser.com
"Sat, 25 Oct 2025 18:38:04 GMT",How hedge fund analytics apply to DB Gold Double Short ETN stock - 2025 Biggest Moves & AI Forecast for Swing Trade Picks - newser.com,newser.com
"Sun, 26 Oct 2025 00:57:33 GMT",Why DB Gold Short ETN stock could rally in 2025 - 2025 Trading Volume Trends & High Accuracy Swing Trade Signals - newser.com,newser.com
"Sun, 26 Oct 2025 01:43:11 GMT",Why ETRACS 2x Leveraged MSCI US Momentum Factor TR ETN stock could outperform in 2025 - Quarterly Risk Review & Real-Time Buy Zone Alerts - newser.com,newser.com
"Sun, 26 Oct 2025 06:24:09 GMT",Can ETRACS Alerian MLP Index ETN stock test all time highs - 2025 Market Trends & Accurate Buy Signal Alerts - newser.com,newser.com
"Sun, 26 Oct 2025 00:42:37 GMT",ETRACS 2x Leveraged US Value Factor TR ETN stock trend outlook and recovery path - 2025 Earnings Surprises & Stepwise Trade Signal Guides - newser.com,newser.com
"Sun, 26 Oct 2025 04:21:06 GMT",Will ETN stock remain on Wall Street radar - Chart Signals & Precise Entry and Exit Recommendations - newser.com,newser.com
"Sat, 25 Oct 2025 18:04:26 GMT",Why ETRACS 2x Leveraged MSCI US Momentum Factor TR ETN stock could outperform in 2025 - newser.com,newser.com
"Sat, 25 Oct 2025 17:34:49 GMT",Can iPath Series B Carbon ETN stock double in next 5 years - Quarterly Market Summary & Stepwise Entry/Exit Trade Alerts - newser.com,newser.com
"Sun, 26 Oct 2025 05:00:13 GMT",How cyclical is DB Gold Double Long ETN stock compared to rivals - Take Profit & Weekly Watchlist of Top Performers - newser.com,newser.com
"Sat, 25 Oct 2025 23:48:40 GMT",ETRACS 2x Leveraged US Growth Factor TR ETN stock prediction for this week - Gold Moves & Real-Time Stock Entry Alerts - newser.com,newser.com
2025-10-25T07:13:49,Eaton: My Favorite 2nd Derivative AI Investment Is A Buy,SeekingAlpha
2025-10-22T23:45:04,Here's Why Eaton (ETN) Fell More Than Broader Market,Yahoo
2025-10-21T23:50:03,Eaton (ETN) Stock Moves -1.12%: What You Should Know,Yahoo
2025-10-21T17:20:00,"Eaton Declares Quarterly Dividend Payable November 21, 2025",Yahoo
