Date,Title,Source
2025-08-29T12:09:59Z,Ferguson Enterprises (FERG) Surged Due to Improved Market Sentiment,Yahoo Entertainment
2025-08-29T03:21:27Z,Joey Bada$$ Explains Why He's 'Lonely At The Top' With New Album,HYPEBEAST
2025-08-27T20:58:03Z,Streetwear Rock Joint Capsules - The Palace x Him Capsule Merges Skate Style with Heartagram Energy (TrendHunter.com),Trendhunter.com
"Sun, 31 Aug 2025 03:47:34 GMT",Forecasting FERG price range with options data - 2025 Year in Review & Free High Accuracy Swing Entry Alerts - Newser,Newser
"Sat, 30 Aug 2025 21:45:59 GMT",Should you wait for a breakout in FERG - Volume Spike & Advanced Technical Signal Analysis - Newser,Newser
"Fri, 29 Aug 2025 12:09:59 GMT",Ferguson Enterprises (FERG) Surged Due to Improved Market Sentiment - Yahoo Finance,Yahoo Finance
"Thu, 28 Aug 2025 13:46:53 GMT",St. Pete's Ferg's Sports Bar & Grill ranked top local sports bar in U.S. Here's why - FOX 13 Tampa Bay,FOX 13 Tampa Bay
"Fri, 29 Aug 2025 22:18:45 GMT","Thematics Asset Management Purchases Shares of 74,804 Ferguson plc $FERG - MarketBeat",MarketBeat
"Sun, 31 Aug 2025 01:56:03 GMT",How to monitor FERG with trend dashboards - Market Rally & Weekly Top Stock Performers List - Newser,Newser
"Sat, 30 Aug 2025 22:16:23 GMT",Analyzing net buyer seller activity in FERG - 2025 Macro Impact & Free Fast Entry Momentum Trade Alerts - Newser,Newser
"Sun, 31 Aug 2025 01:49:34 GMT",How to monitor FERG with trend dashboards - New Guidance & Verified Momentum Watchlists - Newser,Newser
"Sat, 30 Aug 2025 22:53:15 GMT",FERG stock outlook for YEAR - Market Performance Report & AI Forecast for Swing Trade Picks - Newser,Newser
"Fri, 29 Aug 2025 18:55:44 GMT",Evaluating FERG with trendline analysis - Weekly Trend Recap & Free Technical Pattern Based Buy Signals - Newser,Newser
"Fri, 29 Aug 2025 19:24:10 GMT",Is FERG stock reversal real or fake - Trade Entry Summary & High Yield Equity Trading Tips - Newser,Newser
"Sat, 30 Aug 2025 22:38:08 GMT",Pattern recognition hints at FERG upside - Portfolio Gains Report & Daily Technical Forecast Reports - Newser,Newser
"Sun, 31 Aug 2025 06:14:42 GMT",What institutional flow reveals about FERG - 2025 Investor Takeaways & Real-Time Sentiment Analysis - Newser,Newser
"Fri, 29 Aug 2025 19:05:54 GMT",Is FERG reversing from oversold territory - Dip Buying & Safe Entry Zone Tips - Newser,Newser
"Fri, 29 Aug 2025 08:07:13 GMT",FERG stock daily chart insights - Dollar Strength & Capital Efficiency Focused Ideas - Newser,Newser
"Thu, 28 Aug 2025 13:06:15 GMT",Is FERG stock entering bullish territory - 2025 Investor Takeaways & Expert Approved Momentum Ideas - Newser,Newser
"Sun, 31 Aug 2025 02:20:28 GMT",Chart based exit strategy for FERG - 2025 Dividend Review & Weekly Top Performers Watchlists - Newser,Newser
"Sat, 30 Aug 2025 18:37:35 GMT",Does FERG qualify in momentum factor screening - Forecast Cut & Fast Exit/Entry Strategy Plans - Newser,Newser
"Fri, 29 Aug 2025 18:16:36 GMT",FERG stock daily chart insights - July 2025 Recap & Technical Pattern Based Buy Signals - Newser,Newser
"Fri, 29 Aug 2025 07:00:00 GMT",Groupe la Francaise Has $3.20 Million Stock Position in Ferguson plc $FERG - MarketBeat,MarketBeat
"Fri, 29 Aug 2025 07:00:00 GMT",Ferguson plc $FERG Stake Cut by Banco Bilbao Vizcaya Argentaria S.A. - MarketBeat,MarketBeat
"Sat, 30 Aug 2025 05:54:01 GMT",Ferguson plc (NASDAQ:FERG) Receives $220.64 Average Price Target from Analysts - MarketBeat,MarketBeat
"Fri, 29 Aug 2025 19:40:05 GMT",FERG stock daily chart insights - July 2025 Price Swings & Capital Efficient Trade Techniques - Newser,Newser
"Fri, 29 Aug 2025 08:30:47 GMT",Ferguson (NYSE:FERG) Shares Up 0.4% - Here's What Happened - MarketBeat,MarketBeat
"Thu, 28 Aug 2025 19:52:30 GMT",Price T Rowe Associates Inc. MD Raises Position in Ferguson plc $FERG - MarketBeat,MarketBeat
"Thu, 28 Aug 2025 19:52:30 GMT",Ferguson plc $FERG Shares Sold by Credit Agricole S A - MarketBeat,MarketBeat
"Wed, 27 Aug 2025 20:34:52 GMT",What institutional flow reveals about FERG - Stop Loss & Fast Gaining Stock Strategy Reports - Newser,Newser
"Sat, 30 Aug 2025 11:27:23 GMT","William Ferguson avis de décès - Hollywood, FL - Dignity Memorial",Dignity Memorial
"Thu, 28 Aug 2025 07:00:00 GMT",BRITISH COLUMBIA INVESTMENT MANAGEMENT Corp Grows Stake in Ferguson plc $FERG - MarketBeat,MarketBeat
"Thu, 28 Aug 2025 07:00:00 GMT",Martingale Asset Management L P Reduces Holdings in Ferguson plc $FERG - MarketBeat,MarketBeat
"Thu, 28 Aug 2025 07:00:00 GMT",HighTower Advisors LLC Has $2.57 Million Position in Ferguson plc $FERG - MarketBeat,MarketBeat
"Thu, 28 Aug 2025 18:38:06 GMT",Evaluating FERG with trendline analysis - July 2025 Earnings & Weekly Chart Analysis and Guides - Newser,Newser
"Wed, 27 Aug 2025 07:00:00 GMT",Ferguson plc $FERG is Fiduciary Management Inc. WI's 2nd Largest Position - MarketBeat,MarketBeat
"Wed, 27 Aug 2025 07:00:00 GMT",Ferguson plc $FERG Shares Sold by Candriam S.C.A. - MarketBeat,MarketBeat
"Wed, 27 Aug 2025 07:00:00 GMT",Northern Trust Corp Trims Position in Ferguson plc $FERG - MarketBeat,MarketBeat
"Wed, 27 Aug 2025 05:06:54 GMT",How to track smart money flows in FERG - Trade Risk Assessment & Low Risk High Reward Ideas - Newser,Newser
"Tue, 26 Aug 2025 17:48:45 GMT","GFI Investment Counsel Ltd. Buys 11,807 Shares of Ferguson plc $FERG - MarketBeat",MarketBeat
"Tue, 26 Aug 2025 10:21:05 GMT",Evaluating Ferguson After 34% Rally and Strong Q2 Earnings Momentum in 2025 - simplywall.st,simplywall.st
"Tue, 26 Aug 2025 08:37:30 GMT",Korea Investment CORP Has $27.58 Million Holdings in Ferguson plc $FERG - MarketBeat,MarketBeat
"Tue, 26 Aug 2025 07:00:00 GMT","Maven Securities LTD Sells 1,249 Shares of Ferguson plc $FERG - MarketBeat",MarketBeat
"Tue, 26 Aug 2025 07:00:00 GMT",Wellington Management Group LLP Increases Stock Holdings in Ferguson plc $FERG - MarketBeat,MarketBeat
"Tue, 26 Aug 2025 07:00:00 GMT","Hsbc Holdings PLC Sells 38,750 Shares of Ferguson plc $FERG - MarketBeat",MarketBeat
"Tue, 26 Aug 2025 21:18:51 GMT",A post from Ferg in Kissimmee. - WKMG,WKMG
"Tue, 26 Aug 2025 07:00:00 GMT",Ferguson plc $FERG Shares Sold by Russell Investments Group Ltd. - MarketBeat,MarketBeat
"Fri, 29 Aug 2025 04:22:31 GMT","Joey Bada$$, A$AP Ferg & Kelz2busy – HIGHROLLER Lyrics - Genius",Genius
"Sat, 30 Aug 2025 13:35:39 GMT",Ferguson (LON:FERG) Stock Price Down 0.7% – Here’s Why - Defense World,Defense World
2025-08-29T14:09:59,Ferguson Enterprises (FERG) Surged Due to Improved Market Sentiment,Yahoo
